<?xml version="1.0" encoding="UTF-8" ?>
<DDescriptionContainer dbo.type="com.intershop.beehive.core.rapi.common.DDescriptionContainer">
<localeId>en_US</localeId>
<descriptions>
<DDescription dbo.type="com.intershop.beehive.core.rapi.pipeline.DPipelineDesc" id="Pipeline1"  localeId="en_US" >
<group>Replication</group>
<description>Pipeline that defines those channel specific staging groups and domains which have to be registered during replication of enterprise channel structure.</description>
</DDescription>
</descriptions>
</DDescriptionContainer>
