<?xml version="1.0" encoding="UTF-8"?>
<p:chain
	xmlns:p="http://www.intershop.com/xml/ns/enfinity/6.4/core/processchain"
	xmlns:xsi="http://www.w3.org/2001/XMLSchema-instance"
	xmlns:xml="http://www.w3.org/XML/1998/namespace"
	xsi:schemaLocation="http://www.intershop.com/xml/ns/enfinity/6.4/core/processchain processchain.xsd"
	keepAliveTime="10"
	name="Chain 1"
	defaultChainElementTimeout="14400"
>
<p:sequence name="MAIN SEQUENCE" >
<p:sequence name="Sequence that executes a pipeline with a timeout  - Step1" >
		<p:pipeline pipeline="Wait" startnode="Wait1minWithErrorExit" timeout="2" name="Wait 1 min - can go to an error exit, controlled by a parameter - Step1.1"  domain="SLDSystem">
		</p:pipeline>
		<p:pipeline pipeline="Wait" startnode = "Wait1min" timeout="5" name="Wait 1 min - has 5 minutes timeout and should execute in less than 5 minutes - Step1.2"  domain="SLDSystem"/>
		<p:pipeline pipeline="Wait" startnode="Wait1minAndThrowException" name="Wait 1 min then throw exception - Step1.3"  domain="SLDSystem">
		</p:pipeline>
	
		<!-- Write a log message if the chain ends with an error -->
		<p:error name="Process Chain - Step 1.error: Error Report">
			<p:pipeline domain="SLDSystem" pipeline="Wait" startnode = "ErrorNotification">
			<p:description lang="en-US">Error Notification</p:description>
			<p:description lang="de-DE">Benachrichtigung über Fehler.</p:description>
			</p:pipeline>
		</p:error>
		<p:ignore>ERROR</p:ignore>
		<p:ignore>FAILURE</p:ignore>
	</p:sequence>
	<p:sequence name="Sequence after error handling  - Step2" >
		<p:pipeline pipeline="Wait" startnode = "Wait1min" timeout="10" name="Wait 1 min - should execute if no timeout occurred - Step2.1"  domain="SLDSystem"/>
	</p:sequence>
</p:sequence>
</p:chain>
