<?xml version="1.0" encoding="UTF-8" ?>
<DDescriptionContainer dbo.type="com.intershop.beehive.core.rapi.common.DDescriptionContainer">
<localeId>en_US</localeId>
<descriptions>
<DDescription dbo.type="com.intershop.beehive.core.rapi.pipeline.DPipelineDesc" id="Pipeline1"  localeId="en_US" >
<group>DBInit</group>
<description>A general purpose pipeline to be extended for all migration use cases addressed through ExecutePipeline preparer.</description>
</DDescription>
<DDescription dbo.type="com.intershop.beehive.core.rapi.pipeline.DPipeletNodeDesc" id="DecodeHTMLString_ePhVIAKpEemrD-6S1RpGKg"  localeId="en_US" >
<customName>DecodeJobName</customName>
</DDescription>
<DDescription dbo.type="com.intershop.beehive.core.rapi.pipeline.DPipeletNodeDesc" id="RemoveCustomAttribute_OggpYAILEemrD-6S1RpGKg"  localeId="en_US" >
<customName>RemoveJobAttribute</customName>
</DDescription>
</descriptions>
</DDescriptionContainer>
