<?xml version="1.0" encoding="UTF-8" ?>
<DDescriptionContainer dbo.type="com.intershop.beehive.core.rapi.common.DDescriptionContainer">
<localeId>en_US</localeId>
<descriptions>
<DDescription dbo.type="com.intershop.beehive.core.rapi.pipeline.DPipeletNodeDesc" id="Convert_K5L1kMMOEeisr4FudL2JAA"  localeId="en_US" >
<customName>PrepareSessionLogger</customName>
</DDescription>
<DDescription dbo.type="com.intershop.beehive.core.rapi.pipeline.DPipeletNodeDesc" id="Convert_K5McoMMOEeisr4FudL2JAA"  localeId="en_US" >
<customName>PreparePipelineDictionaryLogger</customName>
</DDescription>
<DDescription dbo.type="com.intershop.beehive.core.rapi.pipeline.DPipeletNodeDesc" id="LogMessage_K5JZUMMOEeisr4FudL2JAA"  localeId="en_US" >
<customName>LogSession</customName>
</DDescription>
<DDescription dbo.type="com.intershop.beehive.core.rapi.pipeline.DPipeletNodeDesc" id="LogMessage_K5KncMMOEeisr4FudL2JAA"  localeId="en_US" >
<customName>LogPipelineDictionary</customName>
</DDescription>
</descriptions>
</DDescriptionContainer>
