<?xml version="1.0" encoding="UTF-8" ?>
<DPipeline dbo.type="com.intershop.beehive.core.rapi.pipeline.DPipeline" id="Pipeline1" >
<name>ProcessContextInformationLogging</name>
<type>process</type>
<parent>ProcessContextInformationLogging</parent>
<nodes>
<DNode dbo.type="com.intershop.beehive.core.rapi.pipeline.DPipeletNode" id="Convert_K5L1kMMOEeisr4FudL2JAA" >
<display>
<DNodeDisplay dbo.type="com.intershop.beehive.core.rapi.pipeline.DNodeDisplay">
<center>
<DPoint dbo.type="com.intershop.beehive.core.rapi.common.DPoint">
<x>0</x>
<y>3</y>
</DPoint>
</center>
</DNodeDisplay>
</display>
<pipeletName>Convert</pipeletName>
<configProperties>
<DPipeletConfigProperty dbo.type="com.intershop.beehive.core.rapi.pipeline.DPipeletConfigProperty">
<key>ResultClass</key>
<value>com.intershop.platform.utils.internal.logging.MapLogger</value>
</DPipeletConfigProperty>
</configProperties>
<keyBindings>
<DDictionaryKeyBinding dbo.type="com.intershop.beehive.core.rapi.pipeline.DDictionaryKeyBinding">
<key>Object1</key>
<alias>CurrentRequest:Session</alias>
</DDictionaryKeyBinding>
<DDictionaryKeyBinding dbo.type="com.intershop.beehive.core.rapi.pipeline.DDictionaryKeyBinding">
<key>ResultObject</key>
<alias>SessionLogger</alias>
</DDictionaryKeyBinding>
</keyBindings>
<pipeletSetIdentifier>
<DPipeletSetIdentifier dbo.type="com.intershop.beehive.core.rapi.pipeline.DPipeletSetIdentifier">
<id>core</id>
</DPipeletSetIdentifier>
</pipeletSetIdentifier>
</DNode>
<DNode dbo.type="com.intershop.beehive.core.rapi.pipeline.DPipeletNode" id="Convert_K5McoMMOEeisr4FudL2JAA" >
<display>
<DNodeDisplay dbo.type="com.intershop.beehive.core.rapi.pipeline.DNodeDisplay">
<center>
<DPoint dbo.type="com.intershop.beehive.core.rapi.common.DPoint">
<x>0</x>
<y>1</y>
</DPoint>
</center>
</DNodeDisplay>
</display>
<pipeletName>Convert</pipeletName>
<configProperties>
<DPipeletConfigProperty dbo.type="com.intershop.beehive.core.rapi.pipeline.DPipeletConfigProperty">
<key>ResultClass</key>
<value>com.intershop.platform.utils.internal.logging.MapLogger</value>
</DPipeletConfigProperty>
</configProperties>
<keyBindings>
<DDictionaryKeyBinding dbo.type="com.intershop.beehive.core.rapi.pipeline.DDictionaryKeyBinding">
<key>Object1</key>
<alias>CurrentRequest:PipelineDictionary</alias>
</DDictionaryKeyBinding>
<DDictionaryKeyBinding dbo.type="com.intershop.beehive.core.rapi.pipeline.DDictionaryKeyBinding">
<key>ResultObject</key>
<alias>PipelineDictionaryLogger</alias>
</DDictionaryKeyBinding>
</keyBindings>
<pipeletSetIdentifier>
<DPipeletSetIdentifier dbo.type="com.intershop.beehive.core.rapi.pipeline.DPipeletSetIdentifier">
<id>core</id>
</DPipeletSetIdentifier>
</pipeletSetIdentifier>
</DNode>
<DNode dbo.type="com.intershop.beehive.core.rapi.pipeline.DEndNode" id="EndNode_K5LOgMMOEeisr4FudL2JAA" >
<display>
<DNodeDisplay dbo.type="com.intershop.beehive.core.rapi.pipeline.DNodeDisplay">
<center>
<DPoint dbo.type="com.intershop.beehive.core.rapi.common.DPoint">
<x>0</x>
<y>5</y>
</DPoint>
</center>
</DNodeDisplay>
</display>
<strict>false</strict>
</DNode>
<DNode dbo.type="com.intershop.beehive.core.rapi.pipeline.DPipeletNode" id="LogMessage_K5JZUMMOEeisr4FudL2JAA" >
<display>
<DNodeDisplay dbo.type="com.intershop.beehive.core.rapi.pipeline.DNodeDisplay">
<center>
<DPoint dbo.type="com.intershop.beehive.core.rapi.common.DPoint">
<x>0</x>
<y>4</y>
</DPoint>
</center>
</DNodeDisplay>
</display>
<pipeletName>LogMessage</pipeletName>
<configProperties>
<DPipeletConfigProperty dbo.type="com.intershop.beehive.core.rapi.pipeline.DPipeletConfigProperty">
<key>Level</key>
<value>Warn</value>
</DPipeletConfigProperty>
</configProperties>
<keyBindings>
<DDictionaryKeyBinding dbo.type="com.intershop.beehive.core.rapi.pipeline.DDictionaryKeyBinding">
<key>MessageParam0</key>
<alias>SessionLogger</alias>
</DDictionaryKeyBinding>
<DDictionaryKeyBinding dbo.type="com.intershop.beehive.core.rapi.pipeline.DDictionaryKeyBinding">
<key>MessageText</key>
<alias>&quot;SessionLogger {}&quot;</alias>
</DDictionaryKeyBinding>
</keyBindings>
<pipeletSetIdentifier>
<DPipeletSetIdentifier dbo.type="com.intershop.beehive.core.rapi.pipeline.DPipeletSetIdentifier">
<id>core</id>
</DPipeletSetIdentifier>
</pipeletSetIdentifier>
</DNode>
<DNode dbo.type="com.intershop.beehive.core.rapi.pipeline.DPipeletNode" id="LogMessage_K5KncMMOEeisr4FudL2JAA" >
<display>
<DNodeDisplay dbo.type="com.intershop.beehive.core.rapi.pipeline.DNodeDisplay">
<center>
<DPoint dbo.type="com.intershop.beehive.core.rapi.common.DPoint">
<x>0</x>
<y>2</y>
</DPoint>
</center>
</DNodeDisplay>
</display>
<pipeletName>LogMessage</pipeletName>
<configProperties>
<DPipeletConfigProperty dbo.type="com.intershop.beehive.core.rapi.pipeline.DPipeletConfigProperty">
<key>Level</key>
<value>Warn</value>
</DPipeletConfigProperty>
</configProperties>
<keyBindings>
<DDictionaryKeyBinding dbo.type="com.intershop.beehive.core.rapi.pipeline.DDictionaryKeyBinding">
<key>MessageParam0</key>
<alias>PipelineDictionaryLogger</alias>
</DDictionaryKeyBinding>
<DDictionaryKeyBinding dbo.type="com.intershop.beehive.core.rapi.pipeline.DDictionaryKeyBinding">
<key>MessageText</key>
<alias>&quot;PipelineDictionaryLogger {}&quot;</alias>
</DDictionaryKeyBinding>
</keyBindings>
<pipeletSetIdentifier>
<DPipeletSetIdentifier dbo.type="com.intershop.beehive.core.rapi.pipeline.DPipeletSetIdentifier">
<id>core</id>
</DPipeletSetIdentifier>
</pipeletSetIdentifier>
</DNode>
<DNode dbo.type="com.intershop.beehive.core.rapi.pipeline.DStartNode" id="StartNode_IIDKsMMOEeisr4FudL2JAA" >
<name>Start</name>
<callMode>private</callMode>
<strict>false</strict>
<secure>false</secure>
</DNode>
</nodes>
<transitions>
<DTransition dbo.type="com.intershop.beehive.core.rapi.pipeline.DTransition" id="transition_Convert_K5L1kMMOEeisr4FudL2JAA_next_LogMessage_K5JZUMMOEeisr4FudL2JAA_in" >
<fromId>Convert_K5L1kMMOEeisr4FudL2JAA</fromId>
<fromConnector>next</fromConnector>
<toId>LogMessage_K5JZUMMOEeisr4FudL2JAA</toId>
<toConnector>in</toConnector>
</DTransition>
<DTransition dbo.type="com.intershop.beehive.core.rapi.pipeline.DTransition" id="transition_Convert_K5McoMMOEeisr4FudL2JAA_next_LogMessage_K5KncMMOEeisr4FudL2JAA_in" >
<fromId>Convert_K5McoMMOEeisr4FudL2JAA</fromId>
<fromConnector>next</fromConnector>
<toId>LogMessage_K5KncMMOEeisr4FudL2JAA</toId>
<toConnector>in</toConnector>
</DTransition>
<DTransition dbo.type="com.intershop.beehive.core.rapi.pipeline.DTransition" id="transition_LogMessage_K5JZUMMOEeisr4FudL2JAA_next_EndNode_K5LOgMMOEeisr4FudL2JAA_in" >
<fromId>LogMessage_K5JZUMMOEeisr4FudL2JAA</fromId>
<fromConnector>next</fromConnector>
<toId>EndNode_K5LOgMMOEeisr4FudL2JAA</toId>
<toConnector>in</toConnector>
</DTransition>
<DTransition dbo.type="com.intershop.beehive.core.rapi.pipeline.DTransition" id="transition_LogMessage_K5KncMMOEeisr4FudL2JAA_next_Convert_K5L1kMMOEeisr4FudL2JAA_in" >
<fromId>LogMessage_K5KncMMOEeisr4FudL2JAA</fromId>
<fromConnector>next</fromConnector>
<toId>Convert_K5L1kMMOEeisr4FudL2JAA</toId>
<toConnector>in</toConnector>
</DTransition>
<DTransition dbo.type="com.intershop.beehive.core.rapi.pipeline.DTransition" id="transition_StartNode_IIDKsMMOEeisr4FudL2JAA_next_Convert_K5McoMMOEeisr4FudL2JAA_in" >
<fromId>StartNode_IIDKsMMOEeisr4FudL2JAA</fromId>
<fromConnector>next</fromConnector>
<toId>Convert_K5McoMMOEeisr4FudL2JAA</toId>
<toConnector>in</toConnector>
</DTransition>
</transitions>
</DPipeline>
