<?xml version="1.0" encoding="UTF-8"?>
<enfinity xsi:schemaLocation="http://www.intershop.com/xml/ns/enfinity/7.0/xcs/impex catalog.xsd http://www.intershop.com/xml/ns/enfinity/6.5/core/impex-dt dt.xsd" xmlns:xsi="http://www.w3.org/2001/XMLSchema-instance" xmlns="http://www.intershop.com/xml/ns/enfinity/7.0/xcs/impex" xmlns:xml="http://www.w3.org/XML/1998/namespace" xmlns:dt="http://www.intershop.com/xml/ns/enfinity/6.5/core/impex-dt" major="6" minor="1" family="enfinity" branch="enterprise" build="build">
<category name="1463123324697"><name>1463123324697</name><root>0</root><online>1</online><parent name="1463123324696"/><custom-attributes><custom-attribute name="ShowInMenu" dt:dt="string" xml:lang="en-US">True</custom-attribute><custom-attribute name="CategoryPageIndex" dt:dt="int">100</custom-attribute><custom-attribute name="image-base-name" dt:dt="string">category-images/va_vlottermeters.png</custom-attribute></custom-attributes><display-name xml:lang="de-DE">Schwebekörper-Durchflussmesser</display-name><display-name xml:lang="en-GB">Float flow meters</display-name><display-name xml:lang="fr-FR">Débitmètres à flotteur</display-name><display-name xml:lang="nl-BE">VA vlottermeters</display-name><display-name xml:lang="nl-NL">VA vlottermeters</display-name></category>
<category name="1463123324698"><name>1463123324698</name><root>0</root><online>1</online><parent name="1463123324696"/><custom-attributes><custom-attribute name="ShowInMenu" dt:dt="string" xml:lang="en-US">True</custom-attribute><custom-attribute name="CategoryPageIndex" dt:dt="int">100</custom-attribute><custom-attribute name="image-base-name" dt:dt="string">category-images/elektromagnetische_flowmeters.png</custom-attribute></custom-attributes><display-name xml:lang="de-DE">Elektromagnetische Durchflussmesser</display-name><display-name xml:lang="en-GB">Electromagnetic Liquid Flow Meters</display-name><display-name xml:lang="fr-FR">Débitmètres électromagnétiques</display-name><display-name xml:lang="nl-BE">Elektromagnetische flowmeters</display-name><display-name xml:lang="nl-NL">Elektromagnetische flowmeters</display-name></category>
<category name="1463123324700"><name>1463123324700</name><root>0</root><online>1</online><parent name="1463123324696"/><custom-attributes><custom-attribute name="ShowInMenu" dt:dt="string" xml:lang="en-US">True</custom-attribute><custom-attribute name="CategoryPageIndex" dt:dt="int">100</custom-attribute><custom-attribute name="image-base-name" dt:dt="string">category-images/toebehoren_en_onderdelen.png</custom-attribute></custom-attributes><display-name xml:lang="de-DE">Zubehör und Ersatzteile</display-name><display-name xml:lang="en-GB">Accessories and components</display-name><display-name xml:lang="fr-FR">Accessoires et pièces détachées</display-name><display-name xml:lang="nl-BE">Toebehoren en onderdelen</display-name><display-name xml:lang="nl-NL">Toebehoren en onderdelen</display-name></category>
<category name="1463123324701"><name>1463123324701</name><root>0</root><online>1</online><parent name="1463123324696"/><custom-attributes><custom-attribute name="ShowInMenu" dt:dt="string" xml:lang="en-US">True</custom-attribute><custom-attribute name="CategoryPageIndex" dt:dt="int">100</custom-attribute><custom-attribute name="image-base-name" dt:dt="string">category-images/vaanschakelaars.png</custom-attribute></custom-attributes><display-name xml:lang="de-DE">Strömungswächter</display-name><display-name xml:lang="en-GB">Flow switches</display-name><display-name xml:lang="fr-FR">Détecteurs de débit</display-name><display-name xml:lang="nl-BE">Vaanschakelaars</display-name><display-name xml:lang="nl-NL">Vaanschakelaars</display-name></category>
<category name="1463123324702"><name>1463123324702</name><root>0</root><online>1</online><parent name="1463123324696"/><custom-attributes><custom-attribute name="ShowInMenu" dt:dt="string" xml:lang="en-US">True</custom-attribute><custom-attribute name="CategoryPageIndex" dt:dt="int">100</custom-attribute><custom-attribute name="image-base-name" dt:dt="string">category-images/turbine_flowmeters.png</custom-attribute></custom-attributes><display-name xml:lang="de-DE">Turbinen-Durchflussmesser</display-name><display-name xml:lang="en-GB">Turbine flow meters</display-name><display-name xml:lang="fr-FR">Débitmètres à turbine</display-name><display-name xml:lang="nl-BE">Turbine flowmeters</display-name><display-name xml:lang="nl-NL">Turbine flowmeters</display-name></category>
<category name="1463123324703"><name>1463123324703</name><root>0</root><online>1</online><parent name="1463123324696"/><custom-attributes><custom-attribute name="ShowInMenu" dt:dt="string" xml:lang="en-US">True</custom-attribute><custom-attribute name="CategoryPageIndex" dt:dt="int">100</custom-attribute><custom-attribute name="image-base-name" dt:dt="string">category-images/calorimetrische_flowmeters.png</custom-attribute></custom-attributes><display-name xml:lang="de-DE">Kalorimetrische Durchflusssensoren</display-name><display-name xml:lang="en-GB">Calorimetric flow sensors</display-name><display-name xml:lang="fr-FR">Capteurs de débit calorimétriques</display-name><display-name xml:lang="nl-BE">Calorimetrische flowmeters</display-name><display-name xml:lang="nl-NL">Calorimetrische flowmeters</display-name></category>
<category name="1463123324704"><name>1463123324704</name><root>0</root><online>1</online><parent name="1463123324696"/><custom-attributes><custom-attribute name="ShowInMenu" dt:dt="string" xml:lang="en-US">True</custom-attribute><custom-attribute name="CategoryPageIndex" dt:dt="int">100</custom-attribute><custom-attribute name="image-base-name" dt:dt="string">category-images/watermeters.png</custom-attribute></custom-attributes><display-name xml:lang="de-DE">Wassermesser</display-name><display-name xml:lang="en-GB">Water meters</display-name><display-name xml:lang="fr-FR">Compteurs d&apos;eau</display-name><display-name xml:lang="nl-BE">Watermeters</display-name><display-name xml:lang="nl-NL">Watermeters</display-name></category>
<category name="1463123324705"><name>1463123324705</name><root>0</root><online>1</online><parent name="1463123324696"/><custom-attributes><custom-attribute name="ShowInMenu" dt:dt="string" xml:lang="en-US">True</custom-attribute><custom-attribute name="CategoryPageIndex" dt:dt="int">100</custom-attribute><custom-attribute name="image-base-name" dt:dt="string">category-images/oliemeters.png</custom-attribute></custom-attributes><display-name xml:lang="de-DE">Ölzähler</display-name><display-name xml:lang="en-GB">Oil meters</display-name><display-name xml:lang="fr-FR">Mètres d&apos;huile</display-name><display-name xml:lang="nl-BE">Oliemeters</display-name><display-name xml:lang="nl-NL">Oliemeters</display-name></category>
<category name="1463123324706"><name>1463123324706</name><root>0</root><online>1</online><parent name="1463123324696"/><custom-attributes><custom-attribute name="ShowInMenu" dt:dt="string" xml:lang="en-US">True</custom-attribute><custom-attribute name="CategoryPageIndex" dt:dt="int">100</custom-attribute><custom-attribute name="image-base-name" dt:dt="string">category-images/ultrasone_flowmeters.png</custom-attribute></custom-attributes><display-name xml:lang="de-DE">Ultraschall-Durchflussmesser</display-name><display-name xml:lang="en-GB">Ultrasonic flow meters</display-name><display-name xml:lang="fr-FR">Les débitmètres ultrasonores</display-name><display-name xml:lang="nl-BE">Ultrasone flowmeters</display-name><display-name xml:lang="nl-NL">Ultrasone flowmeters</display-name></category>
<category name="1463123324696"><name>1463123324696</name><root>0</root><online>1</online><parent name="1463123324694"/><custom-attributes><custom-attribute name="ShowInMenu" dt:dt="string" xml:lang="en-US">True</custom-attribute><custom-attribute name="CategoryPageIndex" dt:dt="int">100</custom-attribute><custom-attribute name="image-base-name" dt:dt="string">category-images/doorstromingsmeet-_en_-regelcomponenten.png</custom-attribute></custom-attributes><display-name xml:lang="de-DE">Komponenten für Durchflussmessung und -regelung</display-name><display-name xml:lang="en-GB">Flow Measuring and Control Components</display-name><display-name xml:lang="fr-FR">Mesure et réglage de débit</display-name><display-name xml:lang="nl-BE">Doorstromingsmeet- en -regelcomponenten</display-name><display-name xml:lang="nl-NL">Doorstromingsmeet- en -regelcomponenten</display-name></category>
<category name="1463123324709"><name>1463123324709</name><root>0</root><online>1</online><parent name="1463123324708"/><custom-attributes><custom-attribute name="ShowInMenu" dt:dt="string" xml:lang="en-US">True</custom-attribute><custom-attribute name="CategoryPageIndex" dt:dt="int">100</custom-attribute><custom-attribute name="image-base-name" dt:dt="string">category-images/buisveer_manometers.png</custom-attribute></custom-attributes><display-name xml:lang="de-DE">Rohrfedermanometer</display-name><display-name xml:lang="en-GB">Spring-Tube Manometers</display-name><display-name xml:lang="fr-FR">Manomètres bourdon</display-name><display-name xml:lang="nl-BE">Buisveer manometers</display-name><display-name xml:lang="nl-NL">Buisveer manometers</display-name></category>
<category name="1463123324710"><name>1463123324710</name><root>0</root><online>1</online><parent name="1463123324708"/><custom-attributes><custom-attribute name="ShowInMenu" dt:dt="string" xml:lang="en-US">True</custom-attribute><custom-attribute name="CategoryPageIndex" dt:dt="int">100</custom-attribute><custom-attribute name="image-base-name" dt:dt="string">category-images/membraantrommel_manometers.png</custom-attribute></custom-attributes><display-name xml:lang="de-DE">Kapselfedermanometer</display-name><display-name xml:lang="en-GB">Capsule Pressure Gauges</display-name><display-name xml:lang="fr-FR">Manomètres soufflets</display-name><display-name xml:lang="nl-BE">Membraantrommel manometers</display-name><display-name xml:lang="nl-NL">Membraantrommel manometers</display-name></category>
<category name="1463123324711"><name>1463123324711</name><root>0</root><online>1</online><parent name="1463123324708"/><custom-attributes><custom-attribute name="ShowInMenu" dt:dt="string" xml:lang="en-US">True</custom-attribute><custom-attribute name="CategoryPageIndex" dt:dt="int">100</custom-attribute><custom-attribute name="image-base-name" dt:dt="string">category-images/drukschakelaars.png</custom-attribute></custom-attributes><display-name xml:lang="de-DE">Druckschalter</display-name><display-name xml:lang="en-GB">Pressure Switches</display-name><display-name xml:lang="fr-FR">Pressostats</display-name><display-name xml:lang="nl-BE">Drukschakelaars</display-name><display-name xml:lang="nl-NL">Drukschakelaars</display-name></category>
<category name="1463123324712"><name>1463123324712</name><root>0</root><online>1</online><parent name="1463123324708"/><custom-attributes><custom-attribute name="ShowInMenu" dt:dt="string" xml:lang="en-US">True</custom-attribute><custom-attribute name="CategoryPageIndex" dt:dt="int">100</custom-attribute><custom-attribute name="image-base-name" dt:dt="string">category-images/membraanmanometers.png</custom-attribute></custom-attributes><display-name xml:lang="de-DE">Membranmanometer</display-name><display-name xml:lang="en-GB">Diaphragm Manometers</display-name><display-name xml:lang="fr-FR">Manomètres à membrane</display-name><display-name xml:lang="nl-BE">Membraanmanometers</display-name><display-name xml:lang="nl-NL">Membraanmanometers</display-name></category>
<category name="1463123324714"><name>1463123324714</name><root>0</root><online>1</online><parent name="1463123324713"/><custom-attributes><custom-attribute name="ShowInMenu" dt:dt="string" xml:lang="en-US">True</custom-attribute><custom-attribute name="CategoryPageIndex" dt:dt="int">100</custom-attribute><custom-attribute name="image-base-name" dt:dt="string">category-images/afdichtingen.png</custom-attribute></custom-attributes><display-name xml:lang="de-DE">Dichtungen</display-name><display-name xml:lang="en-GB">Gaskets</display-name><display-name xml:lang="fr-FR">Joints</display-name><display-name xml:lang="nl-BE">Afdichtingen</display-name><display-name xml:lang="nl-NL">Afdichtingen</display-name></category>
<category name="1463123324715"><name>1463123324715</name><root>0</root><online>1</online><parent name="1463123324713"/><custom-attributes><custom-attribute name="ShowInMenu" dt:dt="string" xml:lang="en-US">True</custom-attribute><custom-attribute name="CategoryPageIndex" dt:dt="int">100</custom-attribute><custom-attribute name="image-base-name" dt:dt="string">category-images/manometerkranen.png</custom-attribute></custom-attributes><display-name xml:lang="de-DE">Manometerventile</display-name><display-name xml:lang="en-GB">Manometer Taps</display-name><display-name xml:lang="fr-FR">Robinets de manomètre</display-name><display-name xml:lang="nl-BE">Manometerkranen</display-name><display-name xml:lang="nl-NL">Manometerkranen</display-name></category>
<category name="1463123324716"><name>1463123324716</name><root>0</root><online>1</online><parent name="1463123324713"/><custom-attributes><custom-attribute name="ShowInMenu" dt:dt="string" xml:lang="en-US">True</custom-attribute><custom-attribute name="CategoryPageIndex" dt:dt="int">100</custom-attribute><custom-attribute name="image-base-name" dt:dt="string">category-images/schokbrekers.png</custom-attribute></custom-attributes><display-name xml:lang="de-DE">Stoßdämpfer</display-name><display-name xml:lang="en-GB">Shock Absorbers</display-name><display-name xml:lang="fr-FR">Amortisseurs</display-name><display-name xml:lang="nl-BE">Schokbrekers</display-name><display-name xml:lang="nl-NL">Schokbrekers</display-name></category>
<category name="1463123324717"><name>1463123324717</name><root>0</root><online>1</online><parent name="1463123324713"/><custom-attributes><custom-attribute name="ShowInMenu" dt:dt="string" xml:lang="en-US">True</custom-attribute><custom-attribute name="CategoryPageIndex" dt:dt="int">100</custom-attribute><custom-attribute name="image-base-name" dt:dt="string">category-images/sifons.png</custom-attribute></custom-attributes><display-name xml:lang="de-DE">Siphons</display-name><display-name xml:lang="en-GB">Siphons</display-name><display-name xml:lang="fr-FR">Siphons</display-name><display-name xml:lang="nl-BE">Sifons</display-name><display-name xml:lang="nl-NL">Sifons</display-name></category>
<category name="1463123324718"><name>1463123324718</name><root>0</root><online>1</online><parent name="1463123324713"/><custom-attributes><custom-attribute name="ShowInMenu" dt:dt="string" xml:lang="en-US">True</custom-attribute><custom-attribute name="CategoryPageIndex" dt:dt="int">100</custom-attribute><custom-attribute name="image-base-name" dt:dt="string">category-images/overige.png</custom-attribute></custom-attributes><display-name xml:lang="de-DE">Sonstige</display-name><display-name xml:lang="en-GB">Other</display-name><display-name xml:lang="fr-FR">Autres</display-name><display-name xml:lang="nl-BE">Overige</display-name><display-name xml:lang="nl-NL">Overige</display-name></category>
<category name="1463123324713"><name>1463123324713</name><root>0</root><online>1</online><parent name="1463123324708"/><custom-attributes><custom-attribute name="ShowInMenu" dt:dt="string" xml:lang="en-US">True</custom-attribute><custom-attribute name="CategoryPageIndex" dt:dt="int">100</custom-attribute><custom-attribute name="image-base-name" dt:dt="string">category-images/toebehoren_en_onderdelen_manometers.png</custom-attribute></custom-attributes><display-name xml:lang="de-DE">Zubehör und Ersatzteile Manometer</display-name><display-name xml:lang="en-GB">Accessories and components manometers</display-name><display-name xml:lang="fr-FR">Accessoires et pièces de rechange pour manomètres</display-name><display-name xml:lang="nl-BE">Toebehoren en onderdelen manometers</display-name><display-name xml:lang="nl-NL">Toebehoren en onderdelen manometers</display-name></category>
<category name="1463123324719"><name>1463123324719</name><root>0</root><online>1</online><parent name="1463123324708"/><custom-attributes><custom-attribute name="ShowInMenu" dt:dt="string" xml:lang="en-US">True</custom-attribute><custom-attribute name="CategoryPageIndex" dt:dt="int">100</custom-attribute><custom-attribute name="image-base-name" dt:dt="string">category-images/drukverschil-overstortregelaar.png</custom-attribute></custom-attributes><display-name xml:lang="de-DE">Differenzdruck-Überlaufregler</display-name><display-name xml:lang="en-GB">Differential Pressure Regulator</display-name><display-name xml:lang="fr-FR">Régulateur de pression différentielle-débordement</display-name><display-name xml:lang="nl-BE">Drukverschil-overstortregelaar</display-name><display-name xml:lang="nl-NL">Drukverschil-overstortregelaar</display-name></category>
<category name="1463123324720"><name>1463123324720</name><root>0</root><online>1</online><parent name="1463123324708"/><custom-attributes><custom-attribute name="ShowInMenu" dt:dt="string" xml:lang="en-US">True</custom-attribute><custom-attribute name="CategoryPageIndex" dt:dt="int">100</custom-attribute><custom-attribute name="image-base-name" dt:dt="string">category-images/druk-_en_debietsensoren.png</custom-attribute></custom-attributes><display-name xml:lang="de-DE">Druck- und Durchflusssensoren</display-name><display-name xml:lang="en-GB">Pressure and flow sensors</display-name><display-name xml:lang="fr-FR">Capteurs de débit et de pression</display-name><display-name xml:lang="nl-BE">Druk- en debietsensoren</display-name><display-name xml:lang="nl-NL">Druk- en debietsensoren</display-name></category>
<category name="1463123324722"><name>1463123324722</name><root>0</root><online>1</online><parent name="1463123324708"/><custom-attributes><custom-attribute name="ShowInMenu" dt:dt="string" xml:lang="en-US">True</custom-attribute><custom-attribute name="CategoryPageIndex" dt:dt="int">100</custom-attribute><custom-attribute name="image-base-name" dt:dt="string">category-images/manometers_met_scheidingsmembraan.png</custom-attribute></custom-attributes><display-name xml:lang="de-DE">Hydraulikmanometer</display-name><display-name xml:lang="en-GB">Hydrolysed manometers</display-name><display-name xml:lang="fr-FR">Manomètres hydrauliques</display-name><display-name xml:lang="nl-BE">Manometers met scheidingsmembraan</display-name><display-name xml:lang="nl-NL">Manometers met scheidingsmembraan</display-name></category>
<category name="1463123324723"><name>1463123324723</name><root>0</root><online>1</online><parent name="1463123324708"/><custom-attributes><custom-attribute name="ShowInMenu" dt:dt="string" xml:lang="en-US">True</custom-attribute><custom-attribute name="CategoryPageIndex" dt:dt="int">100</custom-attribute><custom-attribute name="image-base-name" dt:dt="string">category-images/drukverschilmanometers.png</custom-attribute></custom-attributes><display-name xml:lang="de-DE">Differenzdruckmessgeräte</display-name><display-name xml:lang="en-GB">Differential Pressure Gauges</display-name><display-name xml:lang="fr-FR">Manomètres de pression différentielle</display-name><display-name xml:lang="nl-BE">Drukverschilmanometers</display-name><display-name xml:lang="nl-NL">Drukverschilmanometers</display-name></category>
<category name="1463123324708"><name>1463123324708</name><root>0</root><online>1</online><parent name="1463123324694"/><custom-attributes><custom-attribute name="ShowInMenu" dt:dt="string" xml:lang="en-US">True</custom-attribute><custom-attribute name="CategoryPageIndex" dt:dt="int">100</custom-attribute><custom-attribute name="image-base-name" dt:dt="string">category-images/drukmeet-_en_regelcomponenten.png</custom-attribute></custom-attributes><display-name xml:lang="de-DE">Komponenten für Druckmessung und -regler</display-name><display-name xml:lang="en-GB">Pressure Measuring and Control Components</display-name><display-name xml:lang="fr-FR">Mesure et réglage de pression</display-name><display-name xml:lang="nl-BE">Drukmeet- en regelcomponenten</display-name><display-name xml:lang="nl-NL">Drukmeet- en regelcomponenten</display-name></category>
<category name="1463123324725"><name>1463123324725</name><root>0</root><online>1</online><parent name="1463123324724"/><custom-attributes><custom-attribute name="ShowInMenu" dt:dt="string" xml:lang="en-US">True</custom-attribute><custom-attribute name="CategoryPageIndex" dt:dt="int">100</custom-attribute><custom-attribute name="image-base-name" dt:dt="string">category-images/onderdelen.png</custom-attribute></custom-attributes><display-name xml:lang="de-DE">Magnetventile aus Aluminium</display-name><display-name xml:lang="en-GB">Aluminium Solenoid Valves</display-name><display-name xml:lang="fr-FR">Electrovannes en aluminium</display-name><display-name xml:lang="nl-BE">Onderdelen</display-name><display-name xml:lang="nl-NL">Onderdelen</display-name></category>
<category name="1463123324729"><name>1463123324729</name><root>0</root><online>1</online><parent name="1463123324724"/><custom-attributes><custom-attribute name="ShowInMenu" dt:dt="string" xml:lang="en-US">True</custom-attribute><custom-attribute name="CategoryPageIndex" dt:dt="int">100</custom-attribute><custom-attribute name="image-base-name" dt:dt="string">category-images/stuurventielen_namur_3-_en_5-weg.png</custom-attribute></custom-attributes><display-name xml:lang="de-DE">Steuerventile Namur 3/5-Wege</display-name><display-name xml:lang="en-GB">3/5-Way Solenoid Control Valves Namur</display-name><display-name xml:lang="fr-FR">Electrovannes de pilotage namur 3/5-voies</display-name><display-name xml:lang="nl-BE">Stuurventielen Namur 3- en 5-weg</display-name><display-name xml:lang="nl-NL">Stuurventielen Namur 3- en 5-weg</display-name></category>
<category name="1463123324730"><name>1463123324730</name><root>0</root><online>1</online><parent name="1463123324724"/><custom-attributes><custom-attribute name="ShowInMenu" dt:dt="string" xml:lang="en-US">True</custom-attribute><custom-attribute name="CategoryPageIndex" dt:dt="int">100</custom-attribute><custom-attribute name="image-base-name" dt:dt="string">category-images/toebehoren.png</custom-attribute></custom-attributes><display-name xml:lang="de-DE">Zubehör und Ersatzteile</display-name><display-name xml:lang="en-GB">Accessories and components</display-name><display-name xml:lang="fr-FR">Accessoires et pièces détachées</display-name><display-name xml:lang="nl-BE">Toebehoren</display-name><display-name xml:lang="nl-NL">Toebehoren</display-name></category>
<category name="1463123324731"><name>1463123324731</name><root>0</root><online>1</online><parent name="1463123324724"/><custom-attributes><custom-attribute name="ShowInMenu" dt:dt="string" xml:lang="en-US">True</custom-attribute><custom-attribute name="CategoryPageIndex" dt:dt="int">100</custom-attribute><custom-attribute name="image-base-name" dt:dt="string">category-images/stuurventielen_5-weg.png</custom-attribute></custom-attributes><display-name xml:lang="de-DE">Steuerventile 5-Wege</display-name><display-name xml:lang="en-GB">5-Way Solenoid Control Valves</display-name><display-name xml:lang="fr-FR">Electrovannes de pilotage 5-voies</display-name><display-name xml:lang="nl-BE">Stuurventielen 5-weg</display-name><display-name xml:lang="nl-NL">Stuurventielen 5-weg</display-name></category>
<category name="1463123324732"><name>1463123324732</name><root>0</root><online>1</online><parent name="1463123324724"/><custom-attributes><custom-attribute name="ShowInMenu" dt:dt="string" xml:lang="en-US">True</custom-attribute><custom-attribute name="CategoryPageIndex" dt:dt="int">100</custom-attribute><custom-attribute name="image-base-name" dt:dt="string">category-images/magneetafsluiters_2-weg.png</custom-attribute></custom-attributes><display-name xml:lang="de-DE">Magnetventile 2-Wege</display-name><display-name xml:lang="en-GB">2-Way Solenoid Valves</display-name><display-name xml:lang="fr-FR">Electrovannes 2-voies</display-name><display-name xml:lang="nl-BE">Magneetafsluiters 2-weg</display-name><display-name xml:lang="nl-NL">Magneetafsluiters 2-weg</display-name></category>
<category name="1463123324733"><name>1463123324733</name><root>0</root><online>1</online><parent name="1463123324724"/><custom-attributes><custom-attribute name="ShowInMenu" dt:dt="string" xml:lang="en-US">True</custom-attribute><custom-attribute name="CategoryPageIndex" dt:dt="int">100</custom-attribute><custom-attribute name="image-base-name" dt:dt="string">category-images/magneetafsluiters_3-weg.png</custom-attribute></custom-attributes><display-name xml:lang="de-DE">Magnetventile 3-Wege</display-name><display-name xml:lang="en-GB">3-Way Solenoid Valves</display-name><display-name xml:lang="fr-FR">Electrovannes 3-voies</display-name><display-name xml:lang="nl-BE">Magneetafsluiters 3-weg</display-name><display-name xml:lang="nl-NL">Magneetafsluiters 3-weg</display-name></category>
<category name="1463123324724"><name>1463123324724</name><root>0</root><online>1</online><parent name="1463123324694"/><custom-attributes><custom-attribute name="ShowInMenu" dt:dt="string" xml:lang="en-US">True</custom-attribute><custom-attribute name="CategoryPageIndex" dt:dt="int">100</custom-attribute><custom-attribute name="image-base-name" dt:dt="string">category-images/magneetafsluiters.png</custom-attribute></custom-attributes><display-name xml:lang="de-DE">Magnetventile</display-name><display-name xml:lang="en-GB">Solenoid Valves</display-name><display-name xml:lang="fr-FR">Electrovannes</display-name><display-name xml:lang="nl-BE">Magneetafsluiters</display-name><display-name xml:lang="nl-NL">Magneetafsluiters</display-name></category>
<category name="1463123324735"><name>1463123324735</name><root>0</root><online>1</online><parent name="1463123324734"/><custom-attributes><custom-attribute name="ShowInMenu" dt:dt="string" xml:lang="en-US">True</custom-attribute><custom-attribute name="CategoryPageIndex" dt:dt="int">100</custom-attribute><custom-attribute name="image-base-name" dt:dt="string">category-images/bimetaal_thermometers.png</custom-attribute></custom-attributes><display-name xml:lang="de-DE">Bimetall-Thermometer</display-name><display-name xml:lang="en-GB">Bimetal Thermometers</display-name><display-name xml:lang="fr-FR">Thermomètres bimétal</display-name><display-name xml:lang="nl-BE">Bimetaal thermometers</display-name><display-name xml:lang="nl-NL">Bimetaal thermometers</display-name></category>
<category name="1463123324736"><name>1463123324736</name><root>0</root><online>1</online><parent name="1463123324734"/><custom-attributes><custom-attribute name="ShowInMenu" dt:dt="string" xml:lang="en-US">True</custom-attribute><custom-attribute name="CategoryPageIndex" dt:dt="int">100</custom-attribute><custom-attribute name="image-base-name" dt:dt="string">category-images/staafthermometers.png</custom-attribute></custom-attributes><display-name xml:lang="de-DE">Stabthermometer</display-name><display-name xml:lang="en-GB">Rod Thermometers</display-name><display-name xml:lang="fr-FR">Thermomètres pour machine</display-name><display-name xml:lang="nl-BE">Staafthermometers</display-name><display-name xml:lang="nl-NL">Staafthermometers</display-name></category>
<category name="1463123324737"><name>1463123324737</name><root>0</root><online>1</online><parent name="1463123324734"/><custom-attributes><custom-attribute name="ShowInMenu" dt:dt="string" xml:lang="en-US">True</custom-attribute><custom-attribute name="CategoryPageIndex" dt:dt="int">100</custom-attribute><custom-attribute name="image-base-name" dt:dt="string">category-images/temperatuurregelaars.png</custom-attribute></custom-attributes><display-name xml:lang="de-DE">Thermostate</display-name><display-name xml:lang="en-GB">Thermostats</display-name><display-name xml:lang="fr-FR">Thermostats</display-name><display-name xml:lang="nl-BE">Temperatuurregelaars</display-name><display-name xml:lang="nl-NL">Temperatuurregelaars</display-name></category>
<category name="1463123324738"><name>1463123324738</name><root>0</root><online>1</online><parent name="1463123324734"/><custom-attributes><custom-attribute name="ShowInMenu" dt:dt="string" xml:lang="en-US">True</custom-attribute><custom-attribute name="CategoryPageIndex" dt:dt="int">100</custom-attribute><custom-attribute name="image-base-name" dt:dt="string">category-images/gasgevulde_thermometers.png</custom-attribute></custom-attributes><display-name xml:lang="de-DE">Gasgefüllte Thermometer</display-name><display-name xml:lang="en-GB">Gas-Filled Thermometers</display-name><display-name xml:lang="fr-FR">Thermomètre à dilatation de gaz</display-name><display-name xml:lang="nl-BE">Gasgevulde thermometers</display-name><display-name xml:lang="nl-NL">Gasgevulde thermometers</display-name></category>
<category name="1463123324739"><name>1463123324739</name><root>0</root><online>1</online><parent name="1463123324734"/><custom-attributes><custom-attribute name="ShowInMenu" dt:dt="string" xml:lang="en-US">True</custom-attribute><custom-attribute name="CategoryPageIndex" dt:dt="int">100</custom-attribute><custom-attribute name="image-base-name" dt:dt="string">category-images/brandmelder.png</custom-attribute></custom-attributes><display-name xml:lang="de-DE">Feuermelder</display-name><display-name xml:lang="en-GB">Fire Detectors</display-name><display-name xml:lang="fr-FR">Détecteur d&apos;incendie</display-name><display-name xml:lang="nl-BE">Brandmelder</display-name><display-name xml:lang="nl-NL">Brandmelder</display-name></category>
<category name="1463123324740"><name>1463123324740</name><root>0</root><online>1</online><parent name="1463123324734"/><custom-attributes><custom-attribute name="ShowInMenu" dt:dt="string" xml:lang="en-US">True</custom-attribute><custom-attribute name="CategoryPageIndex" dt:dt="int">100</custom-attribute><custom-attribute name="image-base-name" dt:dt="string">category-images/temperatuursensoren.png</custom-attribute></custom-attributes><display-name xml:lang="de-DE">Temperatursensoren</display-name><display-name xml:lang="en-GB">Temperature sensors</display-name><display-name xml:lang="fr-FR">Senseurs de température</display-name><display-name xml:lang="nl-BE">Temperatuursensoren</display-name><display-name xml:lang="nl-NL">Temperatuursensoren</display-name></category>
<category name="1463123324741"><name>1463123324741</name><root>0</root><online>1</online><parent name="1463123324734"/><custom-attributes><custom-attribute name="ShowInMenu" dt:dt="string" xml:lang="en-US">True</custom-attribute><custom-attribute name="CategoryPageIndex" dt:dt="int">100</custom-attribute><custom-attribute name="image-base-name" dt:dt="string">category-images/reserveonderdelen_voor_temperatuurmeet-_en_-regelcomponenten.png</custom-attribute></custom-attributes><display-name xml:lang="de-DE">Ersatzteile und Zubehör für Temperaturmess- und Regelkomponenten</display-name><display-name xml:lang="en-GB">Spares Parts and Accessories</display-name><display-name xml:lang="fr-FR">Pièces de rechange et accessoires</display-name><display-name xml:lang="nl-BE">Reserveonderdelen voor Temperatuurmeet- en -regelcomponenten</display-name><display-name xml:lang="nl-NL">Reserveonderdelen voor Temperatuurmeet- en -regelcomponenten</display-name></category>
<category name="1463123324742"><name>1463123324742</name><root>0</root><online>1</online><parent name="1463123324734"/><custom-attributes><custom-attribute name="ShowInMenu" dt:dt="string" xml:lang="en-US">True</custom-attribute><custom-attribute name="CategoryPageIndex" dt:dt="int">100</custom-attribute><custom-attribute name="image-base-name" dt:dt="string">category-images/handthermometers.png</custom-attribute></custom-attributes><display-name xml:lang="de-DE">Manuelle Thermometer</display-name><display-name xml:lang="en-GB">Manual Thermometers</display-name><display-name xml:lang="fr-FR">Thermomètres manuels</display-name><display-name xml:lang="nl-BE">Handthermometers</display-name><display-name xml:lang="nl-NL">Handthermometers</display-name></category>
<category name="1463123324743"><name>1463123324743</name><root>0</root><online>1</online><parent name="1463123324734"/><custom-attributes><custom-attribute name="ShowInMenu" dt:dt="string" xml:lang="en-US">True</custom-attribute><custom-attribute name="CategoryPageIndex" dt:dt="int">100</custom-attribute><custom-attribute name="image-base-name" dt:dt="string">category-images/wijzer_thermometers.png</custom-attribute></custom-attributes><display-name xml:lang="de-DE">Zeigerthermometer</display-name><display-name xml:lang="en-GB">Dial Thermometers</display-name><display-name xml:lang="fr-FR">Thermomètres à cadran</display-name><display-name xml:lang="nl-BE">Wijzer thermometers</display-name><display-name xml:lang="nl-NL">Wijzer thermometers</display-name></category>
<category name="1463123324744"><name>1463123324744</name><root>0</root><online>1</online><parent name="1463123324734"/><custom-attributes><custom-attribute name="ShowInMenu" dt:dt="string" xml:lang="en-US">True</custom-attribute><custom-attribute name="CategoryPageIndex" dt:dt="int">100</custom-attribute><custom-attribute name="image-base-name" dt:dt="string">category-images/temperatuurschakelaars.png</custom-attribute></custom-attributes><display-name xml:lang="de-DE">Temperaturschalter</display-name><display-name xml:lang="en-GB">Temperature Switches</display-name><display-name xml:lang="fr-FR">Interrupteurs de température</display-name><display-name xml:lang="nl-BE">Temperatuurschakelaars</display-name><display-name xml:lang="nl-NL">Temperatuurschakelaars</display-name></category>
<category name="1463123324734"><name>1463123324734</name><root>0</root><online>1</online><parent name="1463123324694"/><custom-attributes><custom-attribute name="ShowInMenu" dt:dt="string" xml:lang="en-US">True</custom-attribute><custom-attribute name="CategoryPageIndex" dt:dt="int">100</custom-attribute><custom-attribute name="image-base-name" dt:dt="string">category-images/temperatuurmeet-_en_-regelcomponenten.png</custom-attribute></custom-attributes><display-name xml:lang="de-DE">Temperaturmess- und Regelkomponenten</display-name><display-name xml:lang="en-GB">Temperature Measurement and Control Components</display-name><display-name xml:lang="fr-FR">Mesure et réglage de température</display-name><display-name xml:lang="nl-BE">Temperatuurmeet- en -regelcomponenten</display-name><display-name xml:lang="nl-NL">Temperatuurmeet- en -regelcomponenten</display-name></category>
<category name="1463123324745"><name>1463123324745</name><root>0</root><online>1</online><parent name="1463123324694"/><custom-attributes><custom-attribute name="ShowInMenu" dt:dt="string" xml:lang="en-US">True</custom-attribute><custom-attribute name="CategoryPageIndex" dt:dt="int">100</custom-attribute><custom-attribute name="image-base-name" dt:dt="string">category-images/procesuitlezingen_en_-regelaars.png</custom-attribute></custom-attributes><display-name xml:lang="de-DE">Display und Bedienfeld</display-name><display-name xml:lang="en-GB">Display and Operator Panels</display-name><display-name xml:lang="fr-FR">Console de visualisation/commande</display-name><display-name xml:lang="nl-BE">Procesuitlezingen en -regelaars</display-name><display-name xml:lang="nl-NL">Procesuitlezingen en -regelaars</display-name></category>
<category name="1463123324747"><name>1463123324747</name><root>0</root><online>1</online><parent name="1463123324746"/><custom-attributes><custom-attribute name="ShowInMenu" dt:dt="string" xml:lang="en-US">True</custom-attribute><custom-attribute name="CategoryPageIndex" dt:dt="int">100</custom-attribute><custom-attribute name="image-base-name" dt:dt="string">category-images/conductieve_niveauschakelaars.png</custom-attribute></custom-attributes><display-name xml:lang="de-DE">Elektronischer Niveauschalter</display-name><display-name xml:lang="en-GB">Conductive Level Switches</display-name><display-name xml:lang="fr-FR">Commutateur de niveau conductif</display-name><display-name xml:lang="nl-BE">Conductieve niveauschakelaars</display-name><display-name xml:lang="nl-NL">Conductieve niveauschakelaars</display-name></category>
<category name="1463123324749"><name>1463123324749</name><root>0</root><online>1</online><parent name="1463123324746"/><custom-attributes><custom-attribute name="ShowInMenu" dt:dt="string" xml:lang="en-US">True</custom-attribute><custom-attribute name="CategoryPageIndex" dt:dt="int">100</custom-attribute><custom-attribute name="image-base-name" dt:dt="string">category-images/vlotterbalschakelaars.png</custom-attribute></custom-attributes><display-name xml:lang="de-DE">Kugelschwimmerschalter</display-name><display-name xml:lang="en-GB">Float ball switches</display-name><display-name xml:lang="fr-FR">Commutateur à flotteur</display-name><display-name xml:lang="nl-BE">Vlotterbalschakelaars</display-name><display-name xml:lang="nl-NL">Vlotterbalschakelaars</display-name></category>
<category name="1463123324750"><name>1463123324750</name><root>0</root><online>1</online><parent name="1463123324746"/><custom-attributes><custom-attribute name="ShowInMenu" dt:dt="string" xml:lang="en-US">True</custom-attribute><custom-attribute name="CategoryPageIndex" dt:dt="int">100</custom-attribute><custom-attribute name="image-base-name" dt:dt="string">category-images/horizontale_vlotterschakelaars.png</custom-attribute></custom-attributes><display-name xml:lang="de-DE">Horizontale Schwimmerschalter</display-name><display-name xml:lang="en-GB">Horizontal Float Switches</display-name><display-name xml:lang="fr-FR">Commutateur à flotteur horizontal</display-name><display-name xml:lang="nl-BE">Horizontale vlotterschakelaars</display-name><display-name xml:lang="nl-NL">Horizontale vlotterschakelaars</display-name></category>
<category name="1463123324751"><name>1463123324751</name><root>0</root><online>1</online><parent name="1463123324746"/><custom-attributes><custom-attribute name="ShowInMenu" dt:dt="string" xml:lang="en-US">True</custom-attribute><custom-attribute name="CategoryPageIndex" dt:dt="int">100</custom-attribute><custom-attribute name="image-base-name" dt:dt="string">category-images/vertikale_vlotterschakelaars.png</custom-attribute></custom-attributes><display-name xml:lang="de-DE">Vertikale Schwimmerschalter</display-name><display-name xml:lang="en-GB">Vertical float switches</display-name><display-name xml:lang="fr-FR">Commutateur à flotteur vertical</display-name><display-name xml:lang="nl-BE">Vertikale vlotterschakelaars</display-name><display-name xml:lang="nl-NL">Vertikale vlotterschakelaars</display-name></category>
<category name="1463123324752"><name>1463123324752</name><root>0</root><online>1</online><parent name="1463123324746"/><custom-attributes><custom-attribute name="ShowInMenu" dt:dt="string" xml:lang="en-US">True</custom-attribute><custom-attribute name="CategoryPageIndex" dt:dt="int">100</custom-attribute><custom-attribute name="image-base-name" dt:dt="string">category-images/resonantie_niveauschakelaars.png</custom-attribute></custom-attributes><display-name xml:lang="de-DE">Resonanz-Pegelschalter</display-name><display-name xml:lang="en-GB">Resonance level switches</display-name><display-name xml:lang="fr-FR">Capteur de niveau par résonance</display-name><display-name xml:lang="nl-BE">Resonantie niveauschakelaars</display-name><display-name xml:lang="nl-NL">Resonantie niveauschakelaars</display-name></category>
<category name="1463123324753"><name>1463123324753</name><root>0</root><online>1</online><parent name="1463123324746"/><custom-attributes><custom-attribute name="ShowInMenu" dt:dt="string" xml:lang="en-US">True</custom-attribute><custom-attribute name="CategoryPageIndex" dt:dt="int">100</custom-attribute><custom-attribute name="image-base-name" dt:dt="string">category-images/not_available.png</custom-attribute></custom-attributes><display-name xml:lang="de-DE">Hydrostatische Pegelanzeige</display-name><display-name xml:lang="en-GB">Hydrostatic level meter</display-name><display-name xml:lang="fr-FR">Indicateur de niveau hydrostatique</display-name><display-name xml:lang="nl-BE">Hydrostatische niveaumeter</display-name><display-name xml:lang="nl-NL">Hydrostatische niveaumeter</display-name></category>
<category name="1463123324746"><name>1463123324746</name><root>0</root><online>1</online><parent name="1463123324694"/><custom-attributes><custom-attribute name="ShowInMenu" dt:dt="string" xml:lang="en-US">True</custom-attribute><custom-attribute name="CategoryPageIndex" dt:dt="int">100</custom-attribute><custom-attribute name="image-base-name" dt:dt="string">category-images/niveaumeet-_en_regelcomponenten.png</custom-attribute></custom-attributes><display-name xml:lang="de-DE">Mess- und Regelkomponenten von Füllstand</display-name><display-name xml:lang="en-GB">Level Measurement and Control Components</display-name><display-name xml:lang="fr-FR">Mesure et réglage de niveau</display-name><display-name xml:lang="nl-BE">Niveaumeet- en regelcomponenten</display-name><display-name xml:lang="nl-NL">Niveaumeet- en regelcomponenten</display-name></category>
<category name="1463123324755"><name>1463123324755</name><root>0</root><online>1</online><parent name="1463123324754"/><custom-attributes><custom-attribute name="ShowInMenu" dt:dt="string" xml:lang="en-US">True</custom-attribute><custom-attribute name="CategoryPageIndex" dt:dt="int">100</custom-attribute><custom-attribute name="image-base-name" dt:dt="string">category-images/pneumatisch_bediende_regelventielen.png</custom-attribute></custom-attributes><display-name xml:lang="de-DE">Pneumatisch betätigte Regelventile</display-name><display-name xml:lang="en-GB">Pneumatically Operated Control Valves</display-name><display-name xml:lang="fr-FR">Soupapes de réglage pneumatique</display-name><display-name xml:lang="nl-BE">Pneumatisch bediende regelventielen</display-name><display-name xml:lang="nl-NL">Pneumatisch bediende regelventielen</display-name></category>
<category name="1463123324756"><name>1463123324756</name><root>0</root><online>1</online><parent name="1463123324754"/><custom-attributes><custom-attribute name="ShowInMenu" dt:dt="string" xml:lang="en-US">True</custom-attribute><custom-attribute name="CategoryPageIndex" dt:dt="int">100</custom-attribute><custom-attribute name="image-base-name" dt:dt="string">category-images/elektrisch_bediende_regelventielen.png</custom-attribute></custom-attributes><display-name xml:lang="de-DE">Elektrisch betätigte Regelventile</display-name><display-name xml:lang="en-GB">Electrically Operated Control Valves</display-name><display-name xml:lang="fr-FR">Soupapes de réglage électrique</display-name><display-name xml:lang="nl-BE">Elektrisch bediende regelventielen</display-name><display-name xml:lang="nl-NL">Elektrisch bediende regelventielen</display-name></category>
<category name="1463123324754"><name>1463123324754</name><root>0</root><online>1</online><parent name="1463123324694"/><custom-attributes><custom-attribute name="ShowInMenu" dt:dt="string" xml:lang="en-US">True</custom-attribute><custom-attribute name="CategoryPageIndex" dt:dt="int">100</custom-attribute><custom-attribute name="image-base-name" dt:dt="string">category-images/regelventielen.png</custom-attribute></custom-attributes><display-name xml:lang="de-DE">Regelventile</display-name><display-name xml:lang="en-GB">Control Valves</display-name><display-name xml:lang="fr-FR">Soupapes de réglage</display-name><display-name xml:lang="nl-BE">Regelventielen</display-name><display-name xml:lang="nl-NL">Regelventielen</display-name></category>
<category name="1463123324757"><name>1463123324757</name><root>0</root><online>1</online><parent name="1463123324694"/><custom-attributes><custom-attribute name="ShowInMenu" dt:dt="string" xml:lang="en-US">True</custom-attribute><custom-attribute name="CategoryPageIndex" dt:dt="int">100</custom-attribute><custom-attribute name="image-base-name" dt:dt="string">category-images/reserveonderdelen_voor_instrumentatie_en_regelaars.png</custom-attribute></custom-attributes><display-name xml:lang="de-DE">Ersatzteile und Zubehör für Prozesssteuerung</display-name><display-name xml:lang="en-GB">Spares Parts and Accessories</display-name><display-name xml:lang="fr-FR">Pièces de rechange et accessoires</display-name><display-name xml:lang="nl-BE">Reserveonderdelen voor Instrumentatie en Regelaars</display-name><display-name xml:lang="nl-NL">Reserveonderdelen voor Instrumentatie en Regelaars</display-name></category>
<category name="1463123324758"><name>1463123324758</name><root>0</root><online>1</online><parent name="1463123324694"/><custom-attributes><custom-attribute name="ShowInMenu" dt:dt="string" xml:lang="en-US">True</custom-attribute><custom-attribute name="CategoryPageIndex" dt:dt="int">100</custom-attribute><custom-attribute name="image-base-name" dt:dt="string">category-images/afsluiters_koppelingen_en_fittingen.png</custom-attribute></custom-attributes><display-name xml:lang="de-DE">Ventile, Kupplungen und Anschlüsse</display-name><display-name xml:lang="en-GB">Valves, Couplings and Fittings</display-name><display-name xml:lang="fr-FR">Vannes, raccords et accessoires</display-name><display-name xml:lang="nl-BE">Afsluiters, koppelingen en fittingen</display-name><display-name xml:lang="nl-NL">Afsluiters, koppelingen en fittingen</display-name></category>
<category name="1463123324694"><name>1463123324694</name><root>1</root><online>1</online><custom-attributes><custom-attribute name="ShowInMenu" dt:dt="string" xml:lang="en-US">True</custom-attribute><custom-attribute name="CategoryPageIndex" dt:dt="int">12000</custom-attribute><custom-attribute name="image-base-name" dt:dt="string">category-images/instrumentatie_en_regelaars.png</custom-attribute></custom-attributes><display-name xml:lang="de-DE">Prozesssteuerung</display-name><display-name xml:lang="en-GB">Process Control</display-name><display-name xml:lang="fr-FR">Process Control</display-name><display-name xml:lang="nl-BE">Instrumentatie en Regelaars</display-name><display-name xml:lang="nl-NL">Instrumentatie en Regelaars</display-name><description xml:lang="de-DE">Überwachen Sie jeden Ablauf mit der richtigen Prozesssteuerung. Überprüfen Sie den Druck und überwachen Sie die Temperatur, den Füllstand und den Durchfluss mit unseren Produkten. Unsere Produktpalette umfasst Durchflussmesser, Druckmessgeräte, Magnetventile, Regelventile und Strömungsschalter.</description><description xml:lang="nl-BE">Houd elk proces nauwlettend in de gaten met instrumentatie en regelaars. Controleer de druk, bewaak de temperatuur, het niveau en de doorstroming met onze producten. Ons assortiment omvat onder andere flowmeters, druk(verschil)meters, magneetafsluiters, regelventielen en vaanschakelaars.</description><description xml:lang="nl-NL">Houd elk proces nauwlettend in de gaten met instrumentatie en regelaars. Controleer de druk, bewaak de temperatuur, het niveau en de doorstroming met onze producten. Ons assortiment omvat onder andere de flowmeter, druk(verschil)meter, magneetafsluiter, regelventielen, en de vaanschakelaar.</description></category>
</enfinity>