<?xml version="1.0" encoding="UTF-8"?>
<enfinity xsi:schemaLocation="http://www.intershop.com/xml/ns/enfinity/7.0/xcs/impex catalog.xsd http://www.intershop.com/xml/ns/enfinity/6.5/core/impex-dt dt.xsd" xmlns:xsi="http://www.w3.org/2001/XMLSchema-instance" xmlns="http://www.intershop.com/xml/ns/enfinity/7.0/xcs/impex" xmlns:xml="http://www.w3.org/XML/1998/namespace" xmlns:dt="http://www.intershop.com/xml/ns/enfinity/6.5/core/impex-dt" major="6" minor="1" family="enfinity" branch="enterprise" build="build">
<category name="1463123323517"><name>1463123323517</name><root>0</root><online>1</online><parent name="1463123323515"/><custom-attributes><custom-attribute name="ShowInMenu" dt:dt="string" xml:lang="en-US">True</custom-attribute><custom-attribute name="CategoryPageIndex" dt:dt="int">100</custom-attribute><custom-attribute name="image-base-name" dt:dt="string">category-images/draaikransen.png</custom-attribute></custom-attributes><display-name xml:lang="de-DE">Drehverbindungen</display-name><display-name xml:lang="en-GB">Slewing Rings</display-name><display-name xml:lang="fr-FR">Couronnes de giration</display-name><display-name xml:lang="nl-BE">Draaikransen</display-name><display-name xml:lang="nl-NL">Draaikransen</display-name></category>
<category name="1463123323518"><name>1463123323518</name><root>0</root><online>1</online><parent name="1463123323515"/><custom-attributes><custom-attribute name="ShowInMenu" dt:dt="string" xml:lang="en-US">True</custom-attribute><custom-attribute name="CategoryPageIndex" dt:dt="int">100</custom-attribute><custom-attribute name="image-base-name" dt:dt="string">category-images/glijlagerbussen.png</custom-attribute></custom-attributes><display-name xml:lang="de-DE">Gleitlagerbuchsen</display-name><display-name xml:lang="en-GB">Sliding Bushes</display-name><display-name xml:lang="fr-FR">Paliers lisses</display-name><display-name xml:lang="nl-BE">Glijlagerbussen</display-name><display-name xml:lang="nl-NL">Glijlagerbussen</display-name></category>
<category name="1463123323520"><name>1463123323520</name><root>0</root><online>1</online><parent name="1463123323519"/><custom-attributes><custom-attribute name="ShowInMenu" dt:dt="string" xml:lang="en-US">True</custom-attribute><custom-attribute name="CategoryPageIndex" dt:dt="int">100</custom-attribute><custom-attribute name="image-base-name" dt:dt="string">category-images/kegellagers_inch.png</custom-attribute></custom-attributes><display-name xml:lang="de-DE">Kegelrollenlager (Zoll)</display-name><display-name xml:lang="en-GB">Tapered Bearings Imperial</display-name><display-name xml:lang="fr-FR">Roulements à rouleaux coniques complèts</display-name><display-name xml:lang="nl-BE">Kegellagers Inch</display-name><display-name xml:lang="nl-NL">Kegellagers Inch</display-name></category>
<category name="1463123323521"><name>1463123323521</name><root>0</root><online>1</online><parent name="1463123323519"/><custom-attributes><custom-attribute name="ShowInMenu" dt:dt="string" xml:lang="en-US">True</custom-attribute><custom-attribute name="CategoryPageIndex" dt:dt="int">100</custom-attribute><custom-attribute name="image-base-name" dt:dt="string">category-images/kegellagers_metrisch.png</custom-attribute></custom-attributes><display-name xml:lang="de-DE">Kegelrollenlager (metrisch)</display-name><display-name xml:lang="en-GB">Tapered Bearings Metric</display-name><display-name xml:lang="fr-FR">Cup et cone</display-name><display-name xml:lang="nl-BE">Kegellagers metrisch</display-name><display-name xml:lang="nl-NL">Kegellagers metrisch</display-name></category>
<category name="1463123323522"><name>1463123323522</name><root>0</root><online>1</online><parent name="1463123323519"/><custom-attributes><custom-attribute name="ShowInMenu" dt:dt="string" xml:lang="en-US">True</custom-attribute><custom-attribute name="CategoryPageIndex" dt:dt="int">100</custom-attribute><custom-attribute name="image-base-name" dt:dt="string">category-images/kegeltaatslagers.png</custom-attribute></custom-attributes><display-name xml:lang="de-DE">Kegelrollenlager</display-name><display-name xml:lang="en-GB">Tapered Thrust Bearing</display-name><display-name xml:lang="fr-FR">Butées à rouleaux coniques</display-name><display-name xml:lang="nl-BE">Kegeltaatslagers</display-name><display-name xml:lang="nl-NL">Kegeltaatslagers</display-name></category>
<category name="StructureGroup_7949970507791887"><name>StructureGroup_7949970507791887</name><root>0</root><online>1</online><parent name="1463123323519"/><custom-attributes><custom-attribute name="ShowInMenu" dt:dt="string" xml:lang="en-US">True</custom-attribute><custom-attribute name="CategoryPageIndex" dt:dt="int">2147483647</custom-attribute><custom-attribute name="image-base-name" dt:dt="string">category-images/not_available.png</custom-attribute></custom-attributes><display-name xml:lang="de-DE">Kegelrollenlager Cone Außenring</display-name><display-name xml:lang="nl-BE">Kegellager Cone</display-name><display-name xml:lang="nl-NL">Kegellager Cone</display-name></category>
<category name="StructureGroup_7949970507791888"><name>StructureGroup_7949970507791888</name><root>0</root><online>1</online><parent name="1463123323519"/><custom-attributes><custom-attribute name="ShowInMenu" dt:dt="string" xml:lang="en-US">True</custom-attribute><custom-attribute name="CategoryPageIndex" dt:dt="int">2147483647</custom-attribute><custom-attribute name="image-base-name" dt:dt="string">category-images/not_available.png</custom-attribute></custom-attributes><display-name xml:lang="de-DE">Kegelrollenlager Cup Innenring</display-name><display-name xml:lang="nl-BE">Kegellager Cup</display-name><display-name xml:lang="nl-NL">Kegellager Cup</display-name></category>
<category name="1463123323519"><name>1463123323519</name><root>0</root><online>1</online><parent name="1463123323515"/><custom-attributes><custom-attribute name="ShowInMenu" dt:dt="string" xml:lang="en-US">True</custom-attribute><custom-attribute name="CategoryPageIndex" dt:dt="int">100</custom-attribute><custom-attribute name="image-base-name" dt:dt="string">category-images/kegellagers.png</custom-attribute></custom-attributes><display-name xml:lang="de-DE">Kegelrollenlager</display-name><display-name xml:lang="en-GB">Tapered Bearings</display-name><display-name xml:lang="fr-FR">Roulements à rouleaux coniques</display-name><display-name xml:lang="nl-BE">Kegellagers</display-name><display-name xml:lang="nl-NL">Kegellagers</display-name></category>
<category name="1463123323523"><name>1463123323523</name><root>0</root><online>1</online><parent name="1463123323515"/><custom-attributes><custom-attribute name="ShowInMenu" dt:dt="string" xml:lang="en-US">True</custom-attribute><custom-attribute name="CategoryPageIndex" dt:dt="int">100</custom-attribute><custom-attribute name="image-base-name" dt:dt="string">category-images/lagerhuizen_en_toebehoren.png</custom-attribute></custom-attributes><display-name xml:lang="de-DE">Lagergehäuse und Zubehör</display-name><display-name xml:lang="en-GB">Ball Bearing Housings and Accessories</display-name><display-name xml:lang="fr-FR">Paliers et accessoires</display-name><display-name xml:lang="nl-BE">Lagerhuizen en toebehoren</display-name><display-name xml:lang="nl-NL">Lagerhuizen en toebehoren</display-name></category>
<category name="1463123323524"><name>1463123323524</name><root>0</root><online>1</online><parent name="1463123323515"/><custom-attributes><custom-attribute name="ShowInMenu" dt:dt="string" xml:lang="en-US">True</custom-attribute><custom-attribute name="CategoryPageIndex" dt:dt="int">100</custom-attribute><custom-attribute name="image-base-name" dt:dt="string">category-images/deelbare_lagers.png</custom-attribute></custom-attributes><display-name xml:lang="de-DE">Geteilte Rollenlager</display-name><display-name xml:lang="en-GB">Split Roller Bearings (SRB)</display-name><display-name xml:lang="fr-FR">SRB (Split Roller Bearings)</display-name><display-name xml:lang="nl-BE">Deelbare lagers</display-name><display-name xml:lang="nl-NL">Deelbare lagers</display-name></category>
<category name="1463123323525"><name>1463123323525</name><root>0</root><online>1</online><parent name="1463123323515"/><custom-attributes><custom-attribute name="ShowInMenu" dt:dt="string" xml:lang="en-US">True</custom-attribute><custom-attribute name="CategoryPageIndex" dt:dt="int">100</custom-attribute><custom-attribute name="image-base-name" dt:dt="string">category-images/vrijlooplagers.png</custom-attribute></custom-attributes><display-name xml:lang="de-DE">Freilauflager</display-name><display-name xml:lang="en-GB">Overrunning Bearings</display-name><display-name xml:lang="fr-FR">Roues libres</display-name><display-name xml:lang="nl-BE">Vrijlooplagers</display-name><display-name xml:lang="nl-NL">Vrijlooplagers</display-name></category>
<category name="1463123323526"><name>1463123323526</name><root>0</root><online>1</online><parent name="1463123323515"/><custom-attributes><custom-attribute name="ShowInMenu" dt:dt="string" xml:lang="en-US">True</custom-attribute><custom-attribute name="CategoryPageIndex" dt:dt="int">100</custom-attribute><custom-attribute name="image-base-name" dt:dt="string">category-images/y-lagers_en_y-units.png</custom-attribute></custom-attributes><display-name xml:lang="de-DE">Spannlager und Spann-Gehäuseeinheiten</display-name><display-name xml:lang="en-GB">Y-bearings and Units</display-name><display-name xml:lang="fr-FR">Roulements et paliers Y</display-name><display-name xml:lang="nl-BE">Y-lagers en Y-units</display-name><display-name xml:lang="nl-NL">Y-lagers en Y-units</display-name></category>
<category name="1463123323527"><name>1463123323527</name><root>0</root><online>1</online><parent name="1463123323515"/><custom-attributes><custom-attribute name="ShowInMenu" dt:dt="string" xml:lang="en-US">True</custom-attribute><custom-attribute name="CategoryPageIndex" dt:dt="int">100</custom-attribute><custom-attribute name="image-base-name" dt:dt="string">category-images/smeersystemen_voor_lagers.png</custom-attribute></custom-attributes><display-name xml:lang="de-DE">Schmiersysteme für Lager</display-name><display-name xml:lang="en-GB">Lubrication Systems</display-name><display-name xml:lang="fr-FR">Système de graissage</display-name><display-name xml:lang="nl-BE">Smeersystemen voor Lagers</display-name><display-name xml:lang="nl-NL">Smeersystemen voor Lagers</display-name></category>
<category name="1463123323528"><name>1463123323528</name><root>0</root><online>1</online><parent name="1463123323515"/><custom-attributes><custom-attribute name="ShowInMenu" dt:dt="string" xml:lang="en-US">True</custom-attribute><custom-attribute name="CategoryPageIndex" dt:dt="int">100</custom-attribute><custom-attribute name="image-base-name" dt:dt="string">category-images/lagergereedschappen.png</custom-attribute></custom-attributes><display-name xml:lang="de-DE">Lagerwerkzeuge</display-name><display-name xml:lang="en-GB">Bearing Tools</display-name><display-name xml:lang="fr-FR">Outils pour roulements</display-name><display-name xml:lang="nl-BE">Lagergereedschappen</display-name><display-name xml:lang="nl-NL">Lagergereedschappen</display-name></category>
<category name="1463123323529"><name>1463123323529</name><root>0</root><online>1</online><parent name="1463123323515"/><custom-attributes><custom-attribute name="ShowInMenu" dt:dt="string" xml:lang="en-US">True</custom-attribute><custom-attribute name="CategoryPageIndex" dt:dt="int">100</custom-attribute><custom-attribute name="image-base-name" dt:dt="string">category-images/lager_smeermiddelen.png</custom-attribute></custom-attributes><display-name xml:lang="de-DE">Schmiermittel für Lager</display-name><display-name xml:lang="en-GB">Lubricants</display-name><display-name xml:lang="fr-FR">Lubrifiants</display-name><display-name xml:lang="nl-BE">Lager Smeermiddelen</display-name><display-name xml:lang="nl-NL">Lager Smeermiddelen</display-name></category>
<category name="1463123323532"><name>1463123323532</name><root>0</root><online>1</online><parent name="1463123323530"/><custom-attributes><custom-attribute name="ShowInMenu" dt:dt="string" xml:lang="en-US">True</custom-attribute><custom-attribute name="CategoryPageIndex" dt:dt="int">100</custom-attribute><custom-attribute name="image-base-name" dt:dt="string">category-images/hoekcontactkogellagers.png</custom-attribute></custom-attributes><display-name xml:lang="de-DE">Schrägkugellager</display-name><display-name xml:lang="en-GB">Angular Contact Ball Bearings</display-name><display-name xml:lang="fr-FR">Roulements à billes à contact oblique</display-name><display-name xml:lang="nl-BE">Hoekcontactkogellagers</display-name><display-name xml:lang="nl-NL">Hoekcontactkogellagers</display-name></category>
<category name="1463123323533"><name>1463123323533</name><root>0</root><online>1</online><parent name="1463123323530"/><custom-attributes><custom-attribute name="ShowInMenu" dt:dt="string" xml:lang="en-US">True</custom-attribute><custom-attribute name="CategoryPageIndex" dt:dt="int">100</custom-attribute><custom-attribute name="image-base-name" dt:dt="string">category-images/kogellagers_zelfinstellend.png</custom-attribute></custom-attributes><display-name xml:lang="de-DE">Pendelkugellager</display-name><display-name xml:lang="en-GB">Self-Aligning Ball Bearings</display-name><display-name xml:lang="fr-FR">Roulements à rotule sur billes</display-name><display-name xml:lang="nl-BE">Kogellagers zelfinstellend</display-name><display-name xml:lang="nl-NL">Kogellagers zelfinstellend</display-name></category>
<category name="1463123323534"><name>1463123323534</name><root>0</root><online>1</online><parent name="1463123323530"/><custom-attributes><custom-attribute name="ShowInMenu" dt:dt="string" xml:lang="en-US">True</custom-attribute><custom-attribute name="CategoryPageIndex" dt:dt="int">100</custom-attribute><custom-attribute name="image-base-name" dt:dt="string">category-images/precisie_kogellagers.png</custom-attribute></custom-attributes><display-name xml:lang="de-DE">Präzisionskugellager</display-name><display-name xml:lang="en-GB">Precision Ball Bearings</display-name><display-name xml:lang="fr-FR">Roulements à billes de précision</display-name><display-name xml:lang="nl-BE">Precisie kogellagers</display-name><display-name xml:lang="nl-NL">Precisie kogellagers</display-name></category>
<category name="1463123323535"><name>1463123323535</name><root>0</root><online>1</online><parent name="1463123323530"/><custom-attributes><custom-attribute name="ShowInMenu" dt:dt="string" xml:lang="en-US">True</custom-attribute><custom-attribute name="CategoryPageIndex" dt:dt="int">100</custom-attribute><custom-attribute name="image-base-name" dt:dt="string">category-images/kogeltaatslagers.png</custom-attribute></custom-attributes><display-name xml:lang="de-DE">Axiale Kugellager</display-name><display-name xml:lang="en-GB">Thrust Ball Bearings</display-name><display-name xml:lang="fr-FR">Butées à  billes</display-name><display-name xml:lang="nl-BE">Kogeltaatslagers</display-name><display-name xml:lang="nl-NL">Kogeltaatslagers</display-name></category>
<category name="StructureGroup_6705963190348395"><name>StructureGroup_6705963190348395</name><root>0</root><online>1</online><parent name="StructureGroup_6705963190348392"/><custom-attributes><custom-attribute name="ShowInMenu" dt:dt="string" xml:lang="en-US">True</custom-attribute><custom-attribute name="CategoryPageIndex" dt:dt="int">2147483647</custom-attribute><custom-attribute name="image-base-name" dt:dt="string">category-images/groefkogellager_-_eenrijig_open.png</custom-attribute></custom-attributes><display-name xml:lang="de-DE">Rillenkugellager - Einreihig Offen</display-name><display-name xml:lang="nl-BE">Groefkogellager - Eenrijig open</display-name><display-name xml:lang="nl-NL">Groefkogellager - Eenrijig open</display-name></category>
<category name="StructureGroup_6705963190348396"><name>StructureGroup_6705963190348396</name><root>0</root><online>1</online><parent name="StructureGroup_6705963190348392"/><custom-attributes><custom-attribute name="ShowInMenu" dt:dt="string" xml:lang="en-US">True</custom-attribute><custom-attribute name="CategoryPageIndex" dt:dt="int">2147483647</custom-attribute><custom-attribute name="image-base-name" dt:dt="string">category-images/groefkogellager_-_eenrijig_dubbelzijdig_afgedicht.png</custom-attribute></custom-attributes><display-name xml:lang="de-DE">Rillenkugellager - Einreihig Doppel Seiten versiegelt</display-name><display-name xml:lang="nl-BE">Groefkogellager - Eenrijig dubbelzijdig afgedicht</display-name><display-name xml:lang="nl-NL">Groefkogellager - Eenrijig dubbelzijdig afgedicht</display-name></category>
<category name="StructureGroup_6705963190348397"><name>StructureGroup_6705963190348397</name><root>0</root><online>1</online><parent name="StructureGroup_6705963190348392"/><custom-attributes><custom-attribute name="ShowInMenu" dt:dt="string" xml:lang="en-US">True</custom-attribute><custom-attribute name="CategoryPageIndex" dt:dt="int">2147483647</custom-attribute><custom-attribute name="image-base-name" dt:dt="string">category-images/groefkogellager_-_eenrijig_dubbelzijdig_afgedicht_rvs.png</custom-attribute></custom-attributes><display-name xml:lang="de-DE">Rillenkugellager - Einreihig Doppel Seiten versiegelt (Edelstahl)</display-name><display-name xml:lang="nl-BE">Groefkogellager - Eenrijig dubbelzijdig afgedicht (RVS)</display-name><display-name xml:lang="nl-NL">Groefkogellager - Eenrijig dubbelzijdig afgedicht (RVS)</display-name></category>
<category name="StructureGroup_6705963190348398"><name>StructureGroup_6705963190348398</name><root>0</root><online>1</online><parent name="StructureGroup_6705963190348392"/><custom-attributes><custom-attribute name="ShowInMenu" dt:dt="string" xml:lang="en-US">True</custom-attribute><custom-attribute name="CategoryPageIndex" dt:dt="int">2147483647</custom-attribute><custom-attribute name="image-base-name" dt:dt="string">category-images/groefkogellager_-_eenrijig_enkelzijdig_afgedicht.png</custom-attribute></custom-attributes><display-name xml:lang="de-DE">Rillenkugellager - Einreihig versiegelt</display-name><display-name xml:lang="nl-BE">Groefkogellager - Eenrijig enkelzijdig afgedicht</display-name><display-name xml:lang="nl-NL">Groefkogellager - Eenrijig enkelzijdig afgedicht</display-name></category>
<category name="StructureGroup_6705963190348399"><name>StructureGroup_6705963190348399</name><root>0</root><online>1</online><parent name="StructureGroup_6705963190348392"/><custom-attributes><custom-attribute name="ShowInMenu" dt:dt="string" xml:lang="en-US">True</custom-attribute><custom-attribute name="CategoryPageIndex" dt:dt="int">2147483647</custom-attribute><custom-attribute name="image-base-name" dt:dt="string">category-images/groefkogellager_-_eenrijig_dubbelzijdig_afgedicht_met_borggroefring.png</custom-attribute></custom-attributes><display-name xml:lang="de-DE">Rillenkugellager - Einreihig Doppel Seiten versiegelt (Sicherungsringe)</display-name><display-name xml:lang="nl-BE">Groefkogellager - Eenrijig dubbelzijdig afgedicht (met borggroefring)</display-name><display-name xml:lang="nl-NL">Groefkogellager - Eenrijig dubbelzijdig afgedicht (met borggroefring)</display-name></category>
<category name="StructureGroup_6705963190348400"><name>StructureGroup_6705963190348400</name><root>0</root><online>1</online><parent name="StructureGroup_6705963190348392"/><custom-attributes><custom-attribute name="ShowInMenu" dt:dt="string" xml:lang="en-US">True</custom-attribute><custom-attribute name="CategoryPageIndex" dt:dt="int">2147483647</custom-attribute><custom-attribute name="image-base-name" dt:dt="string">category-images/groefkogellager_-_eenrijig_enkelzijdig_afgedicht_met_borggroefring.png</custom-attribute></custom-attributes><display-name xml:lang="de-DE">Rillenkugellager - Einreihig versiegelt (Sicherungsringe)</display-name><display-name xml:lang="nl-BE">Groefkogellager - Eenrijig enkelzijdig afgedicht (met borggroefring)</display-name><display-name xml:lang="nl-NL">Groefkogellager - Eenrijig enkelzijdig afgedicht (met borggroefring)</display-name></category>
<category name="StructureGroup_6705963190348401"><name>StructureGroup_6705963190348401</name><root>0</root><online>1</online><parent name="StructureGroup_6705963190348392"/><custom-attributes><custom-attribute name="ShowInMenu" dt:dt="string" xml:lang="en-US">True</custom-attribute><custom-attribute name="CategoryPageIndex" dt:dt="int">2147483647</custom-attribute><custom-attribute name="image-base-name" dt:dt="string">category-images/groefkogellager_-_eenrijig_open_met_borggroefring.png</custom-attribute></custom-attributes><display-name xml:lang="de-DE">Rillenkugellager - Einreihig Offen (Sicherungsringe)</display-name><display-name xml:lang="nl-BE">Groefkogellager - Eenrijig open (met borggroefring)</display-name><display-name xml:lang="nl-NL">Groefkogellager - Eenrijig open (met borggroefring)</display-name></category>
<category name="StructureGroup_6705963190348402"><name>StructureGroup_6705963190348402</name><root>0</root><online>1</online><parent name="StructureGroup_6705963190348392"/><custom-attributes><custom-attribute name="ShowInMenu" dt:dt="string" xml:lang="en-US">True</custom-attribute><custom-attribute name="CategoryPageIndex" dt:dt="int">2147483647</custom-attribute><custom-attribute name="image-base-name" dt:dt="string">category-images/groefkogellager_-_tweerijig_open.png</custom-attribute></custom-attributes><display-name xml:lang="de-DE">Rillenkugellager - Zweireihig Offen</display-name><display-name xml:lang="nl-BE">Groefkogellager - Tweerijig open</display-name><display-name xml:lang="nl-NL">Groefkogellager - Tweerijig open</display-name></category>
<category name="StructureGroup_6705963190348392"><name>StructureGroup_6705963190348392</name><root>0</root><online>1</online><parent name="1463123323530"/><custom-attributes><custom-attribute name="ShowInMenu" dt:dt="string" xml:lang="en-US">True</custom-attribute><custom-attribute name="CategoryPageIndex" dt:dt="int">2147483647</custom-attribute><custom-attribute name="image-base-name" dt:dt="string">category-images/kogellagers_groefkogellagers.png</custom-attribute></custom-attributes><display-name xml:lang="de-DE">Kugellager (Rillenkugellager)</display-name><display-name xml:lang="nl-BE">Kogellagers (Groefkogellagers)</display-name><display-name xml:lang="nl-NL">Kogellagers (Groefkogellagers)</display-name><description xml:lang="nl-BE">&lt;p&gt;Een groefkogellager met borggroefring heeft aan de buitenkant van de ring een gedraaide groef. Deze groef maakt mogelijk om een borgveer op het lager te monteren. Dit zorgt ervoor dat je een lager in een huis zonder lagergroef kan monteren.&lt;/p&gt;</description><description xml:lang="nl-NL">&lt;p&gt;&lt;strong&gt;Groefkogellagers&lt;/strong&gt;&lt;/p&gt;&lt;p&gt;De groefkogellager is een van de meest gebruikte lagers. Een groefkogellager heeft aan beide kanten een aanzienlijk diepere groef in het lagerhuis. De groef maakt het onmogelijk voor de kogels om uit hun positie te schieten. Dit type lager kan vrijwel elk toerental aan. Een groefkogellager heeft een relatief eenvoudig ontwerp, waardoor het een goedkope oplossing is. Dit type lager is te gebruiken voor zowel radiale belastingen als axiale belastingen.&lt;/p&gt;&lt;p&gt;In ons assortiment vind je meerdere typen groefkogellagers. Zo kan je kiezen uit een open of dichte lager, eenrijig of tweerijig en een enkelzijdige of dubbelzijdige afdichting. Deze kan je bestellen als een standaard, wrijvingsarme of een slepende uitvoering. Qua dichting hebben wij zes soorten materialen in ons aanbod: staal, NBR, NBR staal, PTFE, FKM en RVS.&lt;/p&gt;&lt;p&gt;&lt;strong&gt;Kies het juiste type:&lt;/strong&gt;&lt;/p&gt;&lt;p&gt;&lt;strong&gt;Eenrijig of tweerijig?&lt;/strong&gt;&lt;/p&gt;&lt;p&gt;Afhankelijk van de toepassing kan je kiezen voor een eenrijige of een tweerijige groefkogellager. Een tweerijige groefkogellager heeft twee rijen kogels, waardoor het een breder loopvlak heeft. Dit lager kan daardoor meer belasting aan dan een eenrijige groefkogellager.&lt;/p&gt;&lt;p&gt;&lt;strong&gt;Open of afgedicht?&lt;/strong&gt;&lt;/p&gt;&lt;p&gt;Maak je gebruik van smering in het systeem, kies dan voor een open lager. Is er geen smering mogelijk, kies dan voor een afgedichte lager.&lt;/p&gt;&lt;p&gt;&lt;strong&gt;Enkelzijdige afdichting of dubbelzijdige afdichting?&lt;/strong&gt;&lt;/p&gt;&lt;p&gt;Bij een groefkogellager met een enkelzijdige afdichting is 1 kant van het lager dicht. Bij een groefkogellager met dubbelzijdige afdichting zijn beide kanten van het lager dicht. Dit type lager is zelfsmerend en heeft geen onderhoud nodig. Het smeermiddel in het lagerhuis gaat de hele levensduur van het lager mee.&lt;/p&gt;&lt;p&gt;&lt;strong&gt;Borggroefring&lt;/strong&gt;&lt;/p&gt;&lt;p&gt;Een groefkogellager met borggroefring heeft aan de buitenkant van de ring een gedraaide groef. Deze groef maakt mogelijk om een borgveer op het lager te monteren. Dit zorgt ervoor dat je een lager in een huis zonder lagergroef kan monteren.&lt;/p&gt;</description></category>
<category name="1463123323530"><name>1463123323530</name><root>0</root><online>1</online><parent name="1463123323515"/><custom-attributes><custom-attribute name="ShowInMenu" dt:dt="string" xml:lang="en-US">True</custom-attribute><custom-attribute name="CategoryPageIndex" dt:dt="int">100</custom-attribute><custom-attribute name="image-base-name" dt:dt="string">category-images/kogellagers.png</custom-attribute></custom-attributes><display-name xml:lang="de-DE">Kugellager</display-name><display-name xml:lang="en-GB">Ball Bearings</display-name><display-name xml:lang="fr-FR">Roulement à billes</display-name><display-name xml:lang="nl-BE">Kogellagers</display-name><display-name xml:lang="nl-NL">Kogellagers</display-name></category>
<category name="1463123323537"><name>1463123323537</name><root>0</root><online>1</online><parent name="1463123323536"/><custom-attributes><custom-attribute name="ShowInMenu" dt:dt="string" xml:lang="en-US">True</custom-attribute><custom-attribute name="CategoryPageIndex" dt:dt="int">100</custom-attribute><custom-attribute name="image-base-name" dt:dt="string">category-images/cilinderlagers.png</custom-attribute></custom-attributes><display-name xml:lang="de-DE">Zylinderlager</display-name><display-name xml:lang="en-GB">Cylindrical Bearings</display-name><display-name xml:lang="fr-FR">Roulements à rouleaux cylindriques</display-name><display-name xml:lang="nl-BE">Cilinderlagers</display-name><display-name xml:lang="nl-NL">Cilinderlagers</display-name></category>
<category name="1463123323538"><name>1463123323538</name><root>0</root><online>1</online><parent name="1463123323536"/><custom-attributes><custom-attribute name="ShowInMenu" dt:dt="string" xml:lang="en-US">True</custom-attribute><custom-attribute name="CategoryPageIndex" dt:dt="int">100</custom-attribute><custom-attribute name="image-base-name" dt:dt="string">category-images/cilindertaatslagers.png</custom-attribute></custom-attributes><display-name xml:lang="de-DE">Axiale Zylinderrollenlager</display-name><display-name xml:lang="en-GB">Cylindrical Thrust (Pivot) Bearings</display-name><display-name xml:lang="fr-FR">Butées à rouleaux cylindriques</display-name><display-name xml:lang="nl-BE">Cilindertaatslagers</display-name><display-name xml:lang="nl-NL">Cilindertaatslagers</display-name></category>
<category name="1463123323536"><name>1463123323536</name><root>0</root><online>1</online><parent name="1463123323515"/><custom-attributes><custom-attribute name="ShowInMenu" dt:dt="string" xml:lang="en-US">True</custom-attribute><custom-attribute name="CategoryPageIndex" dt:dt="int">100</custom-attribute><custom-attribute name="image-base-name" dt:dt="string">category-images/cilinderrollagers.png</custom-attribute></custom-attributes><display-name xml:lang="de-DE">Zylinderrollenlager</display-name><display-name xml:lang="en-GB">Cylindrical Roller Bearings</display-name><display-name xml:lang="fr-FR">Roulements à rouleaux cylindriques</display-name><display-name xml:lang="nl-BE">Cilinderrollagers</display-name><display-name xml:lang="nl-NL">Cilinderrollagers</display-name></category>
<category name="1463123323540"><name>1463123323540</name><root>0</root><online>1</online><parent name="1463123323539"/><custom-attributes><custom-attribute name="ShowInMenu" dt:dt="string" xml:lang="en-US">True</custom-attribute><custom-attribute name="CategoryPageIndex" dt:dt="int">100</custom-attribute><custom-attribute name="image-base-name" dt:dt="string">category-images/carb_lagers.png</custom-attribute></custom-attributes><display-name xml:lang="de-DE">CARB®-Lager</display-name><display-name xml:lang="en-GB">CARB® Bearings</display-name><display-name xml:lang="fr-FR">Roulements CARB®</display-name><display-name xml:lang="nl-BE">CARB® lagers</display-name><display-name xml:lang="nl-NL">CARB® lagers</display-name></category>
<category name="1463123323541"><name>1463123323541</name><root>0</root><online>1</online><parent name="1463123323539"/><custom-attributes><custom-attribute name="ShowInMenu" dt:dt="string" xml:lang="en-US">True</custom-attribute><custom-attribute name="CategoryPageIndex" dt:dt="int">100</custom-attribute><custom-attribute name="image-base-name" dt:dt="string">category-images/tontaatslagers.png</custom-attribute></custom-attributes><display-name xml:lang="de-DE">Axiale Pendelrollenlager</display-name><display-name xml:lang="en-GB">Spherical Thrust Bearings</display-name><display-name xml:lang="fr-FR">Butées à rotule sur rouleaux</display-name><display-name xml:lang="nl-BE">Tontaatslagers</display-name><display-name xml:lang="nl-NL">Tontaatslagers</display-name></category>
<category name="1463123323542"><name>1463123323542</name><root>0</root><online>1</online><parent name="1463123323539"/><custom-attributes><custom-attribute name="ShowInMenu" dt:dt="string" xml:lang="en-US">True</custom-attribute><custom-attribute name="CategoryPageIndex" dt:dt="int">100</custom-attribute><custom-attribute name="image-base-name" dt:dt="string">category-images/tweerijige_tonlagers.png</custom-attribute></custom-attributes><display-name xml:lang="de-DE">Pendelrollenlager</display-name><display-name xml:lang="en-GB">Double Row Spherical Bearing</display-name><display-name xml:lang="fr-FR">Roulements à rotule sur rouleaux</display-name><display-name xml:lang="nl-BE">Tweerijige tonlagers</display-name><display-name xml:lang="nl-NL">Tweerijige tonlagers</display-name></category>
<category name="1463123323543"><name>1463123323543</name><root>0</root><online>1</online><parent name="1463123323539"/><custom-attributes><custom-attribute name="ShowInMenu" dt:dt="string" xml:lang="en-US">True</custom-attribute><custom-attribute name="CategoryPageIndex" dt:dt="int">100</custom-attribute><custom-attribute name="image-base-name" dt:dt="string">category-images/eenrijige_tonlagers.png</custom-attribute></custom-attributes><display-name xml:lang="de-DE">Tonnenlager</display-name><display-name xml:lang="en-GB">Single Row Spherical Bearing</display-name><display-name xml:lang="fr-FR">Roulements à rotule sur rouleaux</display-name><display-name xml:lang="nl-BE">Eenrijige tonlagers</display-name><display-name xml:lang="nl-NL">Eenrijige tonlagers</display-name></category>
<category name="1463123323539"><name>1463123323539</name><root>0</root><online>1</online><parent name="1463123323515"/><custom-attributes><custom-attribute name="ShowInMenu" dt:dt="string" xml:lang="en-US">True</custom-attribute><custom-attribute name="CategoryPageIndex" dt:dt="int">100</custom-attribute><custom-attribute name="image-base-name" dt:dt="string">category-images/tonlagers.png</custom-attribute></custom-attributes><display-name xml:lang="de-DE">Pendelrollenlager</display-name><display-name xml:lang="en-GB">Spherical Bearings</display-name><display-name xml:lang="fr-FR">Roulements à rotule sur rouleaux</display-name><display-name xml:lang="nl-BE">Tonlagers</display-name><display-name xml:lang="nl-NL">Tonlagers</display-name></category>
<category name="1463123323545"><name>1463123323545</name><root>0</root><online>1</online><parent name="1463123323544"/><custom-attributes><custom-attribute name="ShowInMenu" dt:dt="string" xml:lang="en-US">True</custom-attribute><custom-attribute name="CategoryPageIndex" dt:dt="int">100</custom-attribute><custom-attribute name="image-base-name" dt:dt="string">category-images/kurve-looprollen.png</custom-attribute></custom-attributes><display-name xml:lang="de-DE">Kurven- und Laufrollen</display-name><display-name xml:lang="en-GB">Curve Rollers</display-name><display-name xml:lang="fr-FR">Galets de came et rouleaux d&apos; appui Kurve</display-name><display-name xml:lang="nl-BE">Kurve-looprollen</display-name><display-name xml:lang="nl-NL">Kurve-looprollen</display-name></category>
<category name="1463123323546"><name>1463123323546</name><root>0</root><online>1</online><parent name="1463123323544"/><custom-attributes><custom-attribute name="ShowInMenu" dt:dt="string" xml:lang="en-US">True</custom-attribute><custom-attribute name="CategoryPageIndex" dt:dt="int">100</custom-attribute><custom-attribute name="image-base-name" dt:dt="string">category-images/naaldlagers.png</custom-attribute></custom-attributes><display-name xml:lang="de-DE">Nadellager</display-name><display-name xml:lang="en-GB">Needle Bearings</display-name><display-name xml:lang="fr-FR">Roulements à aiguilles</display-name><display-name xml:lang="nl-BE">Naaldlagers</display-name><display-name xml:lang="nl-NL">Naaldlagers</display-name></category>
<category name="1463123323547"><name>1463123323547</name><root>0</root><online>1</online><parent name="1463123323544"/><custom-attributes><custom-attribute name="ShowInMenu" dt:dt="string" xml:lang="en-US">True</custom-attribute><custom-attribute name="CategoryPageIndex" dt:dt="int">100</custom-attribute><custom-attribute name="image-base-name" dt:dt="string">category-images/naaldtaatslagers.png</custom-attribute></custom-attributes><display-name xml:lang="de-DE">Axiale Nadelrollenlager</display-name><display-name xml:lang="en-GB">Needle Thrust Bearings</display-name><display-name xml:lang="fr-FR">Butées à aiguilles</display-name><display-name xml:lang="nl-BE">Naaldtaatslagers</display-name><display-name xml:lang="nl-NL">Naaldtaatslagers</display-name></category>
<category name="1463123323544"><name>1463123323544</name><root>0</root><online>1</online><parent name="1463123323515"/><custom-attributes><custom-attribute name="ShowInMenu" dt:dt="string" xml:lang="en-US">True</custom-attribute><custom-attribute name="CategoryPageIndex" dt:dt="int">100</custom-attribute><custom-attribute name="image-base-name" dt:dt="string">category-images/naaldlagers.png</custom-attribute></custom-attributes><display-name xml:lang="de-DE">Nadellager</display-name><display-name xml:lang="en-GB">Needle Bearings</display-name><display-name xml:lang="fr-FR">Roulements à aiguilles</display-name><display-name xml:lang="nl-BE">Naaldlagers</display-name><display-name xml:lang="nl-NL">Naaldlagers</display-name></category>
<category name="1463123323549"><name>1463123323549</name><root>0</root><online>1</online><parent name="1463123323548"/><custom-attributes><custom-attribute name="ShowInMenu" dt:dt="string" xml:lang="en-US">True</custom-attribute><custom-attribute name="CategoryPageIndex" dt:dt="int">100</custom-attribute><custom-attribute name="image-base-name" dt:dt="string">category-images/trek-_en_drukbussen.png</custom-attribute></custom-attributes><display-name xml:lang="de-DE">Spann- und Abziehülsen</display-name><display-name xml:lang="en-GB">Adaptor and Withdrawal Sleeves</display-name><display-name xml:lang="fr-FR">Manchons de serrage et Bagues de pression</display-name><display-name xml:lang="nl-BE">Trek- en drukbussen</display-name><display-name xml:lang="nl-NL">Trek- en drukbussen</display-name></category>
<category name="1463123323550"><name>1463123323550</name><root>0</root><online>1</online><parent name="1463123323548"/><custom-attributes><custom-attribute name="ShowInMenu" dt:dt="string" xml:lang="en-US">True</custom-attribute><custom-attribute name="CategoryPageIndex" dt:dt="int">100</custom-attribute><custom-attribute name="image-base-name" dt:dt="string">category-images/kogels_naalden_en_rollen.png</custom-attribute></custom-attributes><display-name xml:lang="de-DE">Kugeln, Nadeln und Rollen</display-name><display-name xml:lang="en-GB">Bearings, Needles and Rollers</display-name><display-name xml:lang="fr-FR">Billes, aiguilles et rouleaux</display-name><display-name xml:lang="nl-BE">Kogels, naalden en rollen</display-name><display-name xml:lang="nl-NL">Kogels, naalden en rollen</display-name></category>
<category name="1463123323551"><name>1463123323551</name><root>0</root><online>1</online><parent name="1463123323548"/><custom-attributes><custom-attribute name="ShowInMenu" dt:dt="string" xml:lang="en-US">True</custom-attribute><custom-attribute name="CategoryPageIndex" dt:dt="int">100</custom-attribute><custom-attribute name="image-base-name" dt:dt="string">category-images/borgmoeren_en_borgringen.png</custom-attribute></custom-attributes><display-name xml:lang="de-DE">Sicherungsmuttern und Sicherungsringe</display-name><display-name xml:lang="en-GB">Locknuts and Locking Rings</display-name><display-name xml:lang="fr-FR">Écrous et bagues de sécurité</display-name><display-name xml:lang="nl-BE">Borgmoeren en borgringen</display-name><display-name xml:lang="nl-NL">Borgmoeren en borgringen</display-name></category>
<category name="1463123323552"><name>1463123323552</name><root>0</root><online>1</online><parent name="1463123323548"/><custom-attributes><custom-attribute name="ShowInMenu" dt:dt="string" xml:lang="en-US">True</custom-attribute><custom-attribute name="CategoryPageIndex" dt:dt="int">100</custom-attribute><custom-attribute name="image-base-name" dt:dt="string">category-images/reserveonderdelen_voor_lagers.png</custom-attribute></custom-attributes><display-name xml:lang="de-DE">Ersatzteile und Zubehör für Lager</display-name><display-name xml:lang="en-GB">Spares Parts and Accessories</display-name><display-name xml:lang="fr-FR">Pièces de rechange et accessoires</display-name><display-name xml:lang="nl-BE">Reserveonderdelen voor Lagers</display-name><display-name xml:lang="nl-NL">Reserveonderdelen voor Lagers</display-name></category>
<category name="1463123323548"><name>1463123323548</name><root>0</root><online>1</online><parent name="1463123323515"/><custom-attributes><custom-attribute name="ShowInMenu" dt:dt="string" xml:lang="en-US">True</custom-attribute><custom-attribute name="CategoryPageIndex" dt:dt="int">100</custom-attribute><custom-attribute name="image-base-name" dt:dt="string">category-images/lageronderdelen_en_toebehoren.png</custom-attribute></custom-attributes><display-name xml:lang="de-DE">Ersatzteile und Zubehör für Lager</display-name><display-name xml:lang="en-GB">Spares Parts and Accessories</display-name><display-name xml:lang="fr-FR">Pièces de rechange et accessoires</display-name><display-name xml:lang="nl-BE">Lageronderdelen en toebehoren</display-name><display-name xml:lang="nl-NL">Lageronderdelen en toebehoren</display-name></category>
<category name="1463123323555"><name>1463123323555</name><root>0</root><online>1</online><parent name="1463123323554"/><custom-attributes><custom-attribute name="ShowInMenu" dt:dt="string" xml:lang="en-US">True</custom-attribute><custom-attribute name="CategoryPageIndex" dt:dt="int">100</custom-attribute><custom-attribute name="image-base-name" dt:dt="string">category-images/stangkoppen.png</custom-attribute></custom-attributes><display-name xml:lang="de-DE">Gelenkköpfe</display-name><display-name xml:lang="en-GB">Rod Ends</display-name><display-name xml:lang="fr-FR">Rotules</display-name><display-name xml:lang="nl-BE">Stangkoppen</display-name><display-name xml:lang="nl-NL">Stangkoppen</display-name></category>
<category name="1463123323556"><name>1463123323556</name><root>0</root><online>1</online><parent name="1463123323554"/><custom-attributes><custom-attribute name="ShowInMenu" dt:dt="string" xml:lang="en-US">True</custom-attribute><custom-attribute name="CategoryPageIndex" dt:dt="int">100</custom-attribute><custom-attribute name="image-base-name" dt:dt="string">category-images/gewrichtlagers.png</custom-attribute></custom-attributes><display-name xml:lang="de-DE">Gelenklager</display-name><display-name xml:lang="en-GB">Plain Bearings</display-name><display-name xml:lang="fr-FR">Roulements à articulation</display-name><display-name xml:lang="nl-BE">Gewrichtlagers</display-name><display-name xml:lang="nl-NL">Gewrichtlagers</display-name></category>
<category name="1463123323554"><name>1463123323554</name><root>0</root><online>1</online><parent name="1463123323515"/><custom-attributes><custom-attribute name="ShowInMenu" dt:dt="string" xml:lang="en-US">True</custom-attribute><custom-attribute name="CategoryPageIndex" dt:dt="int">100</custom-attribute><custom-attribute name="image-base-name" dt:dt="string">category-images/gewrichtlagers_en_stangkoppen.png</custom-attribute></custom-attributes><display-name xml:lang="de-DE">Gelenklager und Gelenkköpfe</display-name><display-name xml:lang="en-GB">Plain Bearings and Rod Ends</display-name><display-name xml:lang="fr-FR">Roulements à articulation et rotules</display-name><display-name xml:lang="nl-BE">Gewrichtlagers en stangkoppen</display-name><display-name xml:lang="nl-NL">Gewrichtlagers en stangkoppen</display-name></category>
<category name="1463123323558"><name>1463123323558</name><root>0</root><online>1</online><parent name="1463123323557"/><custom-attributes><custom-attribute name="ShowInMenu" dt:dt="string" xml:lang="en-US">True</custom-attribute><custom-attribute name="CategoryPageIndex" dt:dt="int">100</custom-attribute><custom-attribute name="image-base-name" dt:dt="string">category-images/reserveonderdelen_voor_lineairtechniek.png</custom-attribute></custom-attributes><display-name xml:lang="de-DE">Ersatzteile und Zubehör für Lineartechnik</display-name><display-name xml:lang="en-GB">Spares Parts and Accessories</display-name><display-name xml:lang="fr-FR">Pièces de rechange et accessoires</display-name><display-name xml:lang="nl-BE">Reserveonderdelen voor Lineairtechniek</display-name><display-name xml:lang="nl-NL">Reserveonderdelen voor Lineairtechniek</display-name></category>
<category name="1463123323560"><name>1463123323560</name><root>0</root><online>1</online><parent name="1463123323557"/><custom-attributes><custom-attribute name="ShowInMenu" dt:dt="string" xml:lang="en-US">True</custom-attribute><custom-attribute name="CategoryPageIndex" dt:dt="int">100</custom-attribute><custom-attribute name="image-base-name" dt:dt="string">category-images/asondersteuning.png</custom-attribute></custom-attributes><display-name xml:lang="de-DE">Wellenlagerung</display-name><display-name xml:lang="en-GB">Axel Supports</display-name><display-name xml:lang="fr-FR">Supports d&apos;arbre</display-name><display-name xml:lang="nl-BE">Asondersteuning</display-name><display-name xml:lang="nl-NL">Asondersteuning</display-name></category>
<category name="1463123323561"><name>1463123323561</name><root>0</root><online>1</online><parent name="1463123323557"/><custom-attributes><custom-attribute name="ShowInMenu" dt:dt="string" xml:lang="en-US">True</custom-attribute><custom-attribute name="CategoryPageIndex" dt:dt="int">100</custom-attribute><custom-attribute name="image-base-name" dt:dt="string">category-images/rechtgeleidingen.png</custom-attribute></custom-attributes><display-name xml:lang="de-DE">Geradlinige Führung</display-name><display-name xml:lang="en-GB">Guide Rail</display-name><display-name xml:lang="fr-FR">Guidages</display-name><display-name xml:lang="nl-BE">Rechtgeleidingen</display-name><display-name xml:lang="nl-NL">Rechtgeleidingen</display-name></category>
<category name="1463123323562"><name>1463123323562</name><root>0</root><online>1</online><parent name="1463123323557"/><custom-attributes><custom-attribute name="ShowInMenu" dt:dt="string" xml:lang="en-US">True</custom-attribute><custom-attribute name="CategoryPageIndex" dt:dt="int">100</custom-attribute><custom-attribute name="image-base-name" dt:dt="string">category-images/spindels.png</custom-attribute></custom-attributes><display-name xml:lang="de-DE">Spindeln</display-name><display-name xml:lang="en-GB">Spindles</display-name><display-name xml:lang="fr-FR">Vis à billes et vis à rouleaux</display-name><display-name xml:lang="nl-BE">Spindels</display-name><display-name xml:lang="nl-NL">Spindels</display-name></category>
<category name="1463123323563"><name>1463123323563</name><root>0</root><online>1</online><parent name="1463123323557"/><custom-attributes><custom-attribute name="ShowInMenu" dt:dt="string" xml:lang="en-US">True</custom-attribute><custom-attribute name="CategoryPageIndex" dt:dt="int">100</custom-attribute><custom-attribute name="image-base-name" dt:dt="string">category-images/kogelbussen.png</custom-attribute></custom-attributes><display-name xml:lang="de-DE">Linearkugellager</display-name><display-name xml:lang="en-GB">Ball Bearing Bushes</display-name><display-name xml:lang="fr-FR">Douilles à billes</display-name><display-name xml:lang="nl-BE">Kogelbussen</display-name><display-name xml:lang="nl-NL">Kogelbussen</display-name></category>
<category name="1463123323564"><name>1463123323564</name><root>0</root><online>1</online><parent name="1463123323557"/><custom-attributes><custom-attribute name="ShowInMenu" dt:dt="string" xml:lang="en-US">True</custom-attribute><custom-attribute name="CategoryPageIndex" dt:dt="int">100</custom-attribute><custom-attribute name="image-base-name" dt:dt="string">category-images/looprollen_geleiding.png</custom-attribute></custom-attributes><display-name xml:lang="de-DE">Laufrollenführung</display-name><display-name xml:lang="en-GB">Guide Rollers</display-name><display-name xml:lang="fr-FR">Führungsrollen</display-name><display-name xml:lang="nl-BE">Looprollen geleiding</display-name><display-name xml:lang="nl-NL">Looprollen geleiding</display-name></category>
<category name="1463123323565"><name>1463123323565</name><root>0</root><online>1</online><parent name="1463123323557"/><custom-attributes><custom-attribute name="ShowInMenu" dt:dt="string" xml:lang="en-US">True</custom-attribute><custom-attribute name="CategoryPageIndex" dt:dt="int">100</custom-attribute><custom-attribute name="image-base-name" dt:dt="string">category-images/loopwagens.png</custom-attribute></custom-attributes><display-name xml:lang="de-DE">Laufwagen</display-name><display-name xml:lang="en-GB">Guide Roller Carriages</display-name><display-name xml:lang="fr-FR">Guidage à billes sur rail</display-name><display-name xml:lang="nl-BE">Loopwagens</display-name><display-name xml:lang="nl-NL">Loopwagens</display-name></category>
<category name="1463123323566"><name>1463123323566</name><root>0</root><online>1</online><parent name="1463123323557"/><custom-attributes><custom-attribute name="ShowInMenu" dt:dt="string" xml:lang="en-US">True</custom-attribute><custom-attribute name="CategoryPageIndex" dt:dt="int">100</custom-attribute><custom-attribute name="image-base-name" dt:dt="string">category-images/spindelsystemen.png</custom-attribute></custom-attributes><display-name xml:lang="de-DE">Spindelsysteme</display-name><display-name xml:lang="en-GB">Spindle Systems</display-name><display-name xml:lang="fr-FR">Systèmes de broche</display-name><display-name xml:lang="nl-BE">Spindelsystemen</display-name><display-name xml:lang="nl-NL">Spindelsystemen</display-name></category>
<category name="1463123323557"><name>1463123323557</name><root>0</root><online>1</online><parent name="1463123323515"/><custom-attributes><custom-attribute name="ShowInMenu" dt:dt="string" xml:lang="en-US">True</custom-attribute><custom-attribute name="CategoryPageIndex" dt:dt="int">100</custom-attribute><custom-attribute name="image-base-name" dt:dt="string">category-images/lineairtechniek.png</custom-attribute></custom-attributes><display-name xml:lang="de-DE">Lineartechnik</display-name><display-name xml:lang="en-GB">Linear Rails</display-name><display-name xml:lang="fr-FR">Conduites linéaires</display-name><display-name xml:lang="nl-BE">Lineairtechniek</display-name><display-name xml:lang="nl-NL">Lineairtechniek</display-name></category>
<category name="1463123323515"><name>1463123323515</name><root>1</root><online>1</online><custom-attributes><custom-attribute name="ShowInMenu" dt:dt="string" xml:lang="en-US">True</custom-attribute><custom-attribute name="CategoryPageIndex" dt:dt="int">14000</custom-attribute><custom-attribute name="image-base-name" dt:dt="string">category-images/lagers.png</custom-attribute></custom-attributes><display-name xml:lang="de-DE">Lager</display-name><display-name xml:lang="en-GB">Bearings</display-name><display-name xml:lang="fr-FR">Roulements</display-name><display-name xml:lang="nl-BE">Lagers</display-name><display-name xml:lang="nl-NL">Lagers</display-name><description xml:lang="de-DE">Sind Sie auf der Suche nach Lagern? Wir bieten eine große Auswahl verschiedener Lager an. So finden Sie bei uns Kugellager, Nadellager, geteilte Rollenlager, Zylinderrollenlager, Gelenklager und Drehringe. Aber auch Ersatzteile, Lagerwerkzeuge und Lagergehäuse sind in unserem Sortiment vorhanden.</description><description xml:lang="nl-BE">Bent u op zoek naar lagers? Wij bieden een grote keuze uit allerlei lagers. Zo vindt u bij ons bijvoorbeeld kogellagers, naaldlagers, deelbare lagers, cilinderlagers, gewrichtlagers en draaikransen. Maar ook reserveonderdelen, lagergereedschappen en lagerhuizen behoren tot ons assortiment.</description><description xml:lang="nl-NL">Ben je op zoek naar lagers? Wij bieden een grote keuze uit allerlei lagers. Zo vind je bij ons bijvoorbeeld kogellagers, naaldlagers, deelbare lagers, cilinderlagers, gewrichtlagers en draaikransen. Maar ook reserveonderdelen, lagergereedschappen en lagerhuizen behoren tot ons assortiment.</description></category>
</enfinity>