<?xml version="1.0" encoding="UTF-8"?>
<enfinity xsi:schemaLocation="http://www.intershop.com/xml/ns/enfinity/7.0/xcs/impex catalog.xsd http://www.intershop.com/xml/ns/enfinity/6.5/core/impex-dt dt.xsd" xmlns:xsi="http://www.w3.org/2001/XMLSchema-instance" xmlns="http://www.intershop.com/xml/ns/enfinity/7.0/xcs/impex" xmlns:xml="http://www.w3.org/XML/1998/namespace" xmlns:dt="http://www.intershop.com/xml/ns/enfinity/6.5/core/impex-dt" major="6" minor="1" family="enfinity" branch="enterprise" build="build">
<category name="1463123323460"><name>1463123323460</name><root>0</root><online>1</online><parent name="1463123323458"/><custom-attributes><custom-attribute name="ShowInMenu" dt:dt="string" xml:lang="en-US">True</custom-attribute><custom-attribute name="CategoryPageIndex" dt:dt="int">100</custom-attribute><custom-attribute name="image-base-name" dt:dt="string">category-images/batterijen_en_laders.png</custom-attribute></custom-attributes><display-name xml:lang="de-DE">Batterien und Ladegeräte</display-name><display-name xml:lang="en-GB">Batteries and Chargers</display-name><display-name xml:lang="fr-FR">Piles et chargeurs</display-name><display-name xml:lang="nl-BE">Batterijen en laders</display-name><display-name xml:lang="nl-NL">Batterijen en laders</display-name></category>
<category name="1463123323461"><name>1463123323461</name><root>0</root><online>1</online><parent name="1463123323458"/><custom-attributes><custom-attribute name="ShowInMenu" dt:dt="string" xml:lang="en-US">True</custom-attribute><custom-attribute name="CategoryPageIndex" dt:dt="int">100</custom-attribute><custom-attribute name="image-base-name" dt:dt="string">category-images/reserveonderdelen_voor_elektrische_componenten.png</custom-attribute></custom-attributes><display-name xml:lang="de-DE">Ersatzteile und Zubehör für Elektrische Komponenten</display-name><display-name xml:lang="en-GB">Spares Parts and Accessories</display-name><display-name xml:lang="fr-FR">Pièces de rechange et accessoires</display-name><display-name xml:lang="nl-BE">Reserveonderdelen voor Elektrische componenten</display-name><display-name xml:lang="nl-NL">Reserveonderdelen voor Elektrische componenten</display-name></category>
<category name="1463123323465"><name>1463123323465</name><root>0</root><online>1</online><parent name="1463123323463"/><custom-attributes><custom-attribute name="ShowInMenu" dt:dt="string" xml:lang="en-US">True</custom-attribute><custom-attribute name="CategoryPageIndex" dt:dt="int">100</custom-attribute><custom-attribute name="image-base-name" dt:dt="string">category-images/kabelklemmen.png</custom-attribute></custom-attributes><display-name xml:lang="de-DE">Kabelschelle</display-name><display-name xml:lang="en-GB">Clamps</display-name><display-name xml:lang="fr-FR">Serre-câbles</display-name><display-name xml:lang="nl-BE">Kabelklemmen</display-name><display-name xml:lang="nl-NL">Kabelklemmen</display-name></category>
<category name="1463123323467"><name>1463123323467</name><root>0</root><online>1</online><parent name="1463123323463"/><custom-attributes><custom-attribute name="ShowInMenu" dt:dt="string" xml:lang="en-US">True</custom-attribute><custom-attribute name="CategoryPageIndex" dt:dt="int">100</custom-attribute><custom-attribute name="image-base-name" dt:dt="string">category-images/adereindhulzen.png</custom-attribute></custom-attributes><display-name xml:lang="de-DE">Aderendhülsen</display-name><display-name xml:lang="en-GB">End Sleeves</display-name><display-name xml:lang="fr-FR">Embouts</display-name><display-name xml:lang="nl-BE">Adereindhulzen</display-name><display-name xml:lang="nl-NL">Adereindhulzen</display-name></category>
<category name="1463123323468"><name>1463123323468</name><root>0</root><online>1</online><parent name="1463123323463"/><custom-attributes><custom-attribute name="ShowInMenu" dt:dt="string" xml:lang="en-US">True</custom-attribute><custom-attribute name="CategoryPageIndex" dt:dt="int">100</custom-attribute><custom-attribute name="image-base-name" dt:dt="string">category-images/wurgnippels_en_wartels.png</custom-attribute></custom-attributes><display-name xml:lang="de-DE">Würgenippel und Drüsen</display-name><display-name xml:lang="en-GB">Cable Glands</display-name><display-name xml:lang="fr-FR">Raccords à joint</display-name><display-name xml:lang="nl-BE">Wurgnippels en wartels</display-name><display-name xml:lang="nl-NL">Wurgnippels en wartels</display-name></category>
<category name="1463123323469"><name>1463123323469</name><root>0</root><online>1</online><parent name="1463123323463"/><custom-attributes><custom-attribute name="ShowInMenu" dt:dt="string" xml:lang="en-US">True</custom-attribute><custom-attribute name="CategoryPageIndex" dt:dt="int">100</custom-attribute><custom-attribute name="image-base-name" dt:dt="string">category-images/kabelschoenen.png</custom-attribute></custom-attributes><display-name xml:lang="de-DE">Kabelschuhe</display-name><display-name xml:lang="en-GB">Cable Lugs</display-name><display-name xml:lang="fr-FR">Cosses</display-name><display-name xml:lang="nl-BE">Kabelschoenen</display-name><display-name xml:lang="nl-NL">Kabelschoenen</display-name></category>
<category name="1463123323474"><name>1463123323474</name><root>0</root><online>1</online><parent name="1463123323463"/><custom-attributes><custom-attribute name="ShowInMenu" dt:dt="string" xml:lang="en-US">True</custom-attribute><custom-attribute name="CategoryPageIndex" dt:dt="int">100</custom-attribute><custom-attribute name="image-base-name" dt:dt="string">category-images/kabelslangen_en_beschermspiralen.png</custom-attribute></custom-attributes><display-name xml:lang="de-DE">Kabelhüllen und Schutzspiralen</display-name><display-name xml:lang="en-GB">Cable Hose and Coiled Hose Protector</display-name><display-name xml:lang="fr-FR">Gaines annelées et de protection</display-name><display-name xml:lang="nl-BE">Kabelslangen en beschermspiralen</display-name><display-name xml:lang="nl-NL">Kabelslangen en beschermspiralen</display-name></category>
<category name="1463123323476"><name>1463123323476</name><root>0</root><online>1</online><parent name="1463123323463"/><custom-attributes><custom-attribute name="ShowInMenu" dt:dt="string" xml:lang="en-US">True</custom-attribute><custom-attribute name="CategoryPageIndex" dt:dt="int">100</custom-attribute><custom-attribute name="image-base-name" dt:dt="string">category-images/kabelbinders.png</custom-attribute></custom-attributes><display-name xml:lang="de-DE">Kabelbinder</display-name><display-name xml:lang="en-GB">Cable Ties</display-name><display-name xml:lang="fr-FR">Tendeurs</display-name><display-name xml:lang="nl-BE">Kabelbinders</display-name><display-name xml:lang="nl-NL">Kabelbinders</display-name></category>
<category name="1463123323477"><name>1463123323477</name><root>0</root><online>1</online><parent name="1463123323463"/><custom-attributes><custom-attribute name="ShowInMenu" dt:dt="string" xml:lang="en-US">True</custom-attribute><custom-attribute name="CategoryPageIndex" dt:dt="int">100</custom-attribute><custom-attribute name="image-base-name" dt:dt="string">category-images/krimpkousen.png</custom-attribute></custom-attributes><display-name xml:lang="de-DE">Schrumpfschläuche</display-name><display-name xml:lang="en-GB">Heat Shrink Tubing</display-name><display-name xml:lang="fr-FR">Gaines thermorétractables</display-name><display-name xml:lang="nl-BE">Krimpkousen</display-name><display-name xml:lang="nl-NL">Krimpkousen</display-name></category>
<category name="1463123323479"><name>1463123323479</name><root>0</root><online>1</online><parent name="1463123323463"/><custom-attributes><custom-attribute name="ShowInMenu" dt:dt="string" xml:lang="en-US">True</custom-attribute><custom-attribute name="CategoryPageIndex" dt:dt="int">100</custom-attribute><custom-attribute name="image-base-name" dt:dt="string">category-images/overige_kabeltoebehoren.png</custom-attribute></custom-attributes><display-name xml:lang="de-DE">Ersatzteile und Zubehör für Kabelzubehör</display-name><display-name xml:lang="en-GB">Other Accessories</display-name><display-name xml:lang="fr-FR">Autres accessoires</display-name><display-name xml:lang="nl-BE">Overige kabeltoebehoren</display-name><display-name xml:lang="nl-NL">Overige kabeltoebehoren</display-name></category>
<category name="1463123323480"><name>1463123323480</name><root>0</root><online>1</online><parent name="1463123323463"/><custom-attributes><custom-attribute name="ShowInMenu" dt:dt="string" xml:lang="en-US">True</custom-attribute><custom-attribute name="CategoryPageIndex" dt:dt="int">100</custom-attribute><custom-attribute name="image-base-name" dt:dt="string">category-images/isolatie_manchetten.png</custom-attribute></custom-attributes><display-name xml:lang="de-DE">Isolierhülsen</display-name><display-name xml:lang="en-GB">Insulation Sleeve</display-name><display-name xml:lang="fr-FR">Manchon d&apos;isolation</display-name><display-name xml:lang="nl-BE">Isolatie manchetten</display-name><display-name xml:lang="nl-NL">Isolatie manchetten</display-name></category>
<category name="1463123323463"><name>1463123323463</name><root>0</root><online>1</online><parent name="1463123323458"/><custom-attributes><custom-attribute name="ShowInMenu" dt:dt="string" xml:lang="en-US">True</custom-attribute><custom-attribute name="CategoryPageIndex" dt:dt="int">100</custom-attribute><custom-attribute name="image-base-name" dt:dt="string">category-images/kabeltoebehoren.png</custom-attribute></custom-attributes><display-name xml:lang="de-DE">Kabelzubehör</display-name><display-name xml:lang="en-GB">Cable Accessories</display-name><display-name xml:lang="fr-FR">Accesoires de câbles</display-name><display-name xml:lang="nl-BE">Kabeltoebehoren</display-name><display-name xml:lang="nl-NL">Kabeltoebehoren</display-name><description xml:lang="nl-BE">&lt;p&gt;Elk elektrisch apparaat werkt door kabels en kabeltoebehoren die elektriciteit geleiden. Zonder kabels zijn we dus nergens. Maar beschadigde of verkeerd gemonteerde kabels kunnen kortsluiting veroorzaken. Bevestig en bescherm kabels op de juiste manier om eventuele ongelukken te voorkomen. &lt;/p&gt;&lt;p&gt;&lt;strong&gt;Kabelbescherming&lt;br /&gt;&lt;/strong&gt;Kabels zijn gevoelig voor invloeden van buitenaf. Denk daarbij aan slijtage, stoten of uv-straling. Het is daarom belangrijk dat je de juiste bescherming biedt. Wij hebben alle producten die je nodig hebt voor kabelbescherming. Je voorkomt daarmee dat kabels beschadigen en kortsluiting kunnen veroorzaken.&lt;/p&gt;&lt;p&gt;&lt;strong&gt;Kabelbevestiging&lt;br /&gt;&lt;/strong&gt;Loshangende kabels staat niet alleen heel rommelig, maar het is ook nog eens erg gevaarlijk. Door kabelklemmen en kabelbinders te gebruiken werk je alle kabels netjes weg. Daarnaast hebben wij de producten waarmee je kabels aan elkaar monteert. Dat doe je bijvoorbeeld met een kabelschoen of krimpkous. &lt;/p&gt;</description><description xml:lang="nl-NL">&lt;p&gt;Elk elektrisch apparaat werkt door kabels en kabeltoebehoren die elektriciteit geleiden. Zonder kabels zijn we dus nergens. Maar beschadigde of verkeerd gemonteerde kabels kunnen kortsluiting veroorzaken. Bevestig en bescherm kabels op de juiste manier om eventuele ongelukken te voorkomen. &lt;/p&gt;&lt;p&gt;&lt;strong&gt;Kabelbescherming&lt;br /&gt;&lt;/strong&gt;Kabels zijn gevoelig voor invloeden van buitenaf. Denk daarbij aan slijtage, stoten of uv-straling. Het is daarom belangrijk dat je de juiste bescherming biedt. Wij hebben alle producten die je nodig hebt voor kabelbescherming. Je voorkomt daarmee dat kabels beschadigen en kortsluiting kunnen veroorzaken.&lt;/p&gt;&lt;p&gt;&lt;strong&gt;Kabelbevestiging&lt;br /&gt;&lt;/strong&gt;Loshangende kabels staat niet alleen heel rommelig, maar het is ook nog eens erg gevaarlijk. Door kabelklemmen en kabelbinders te gebruiken werk je alle kabels netjes weg. Daarnaast hebben wij de producten waarmee je kabels aan elkaar monteert. Dat doe je bijvoorbeeld met een kabelschoen of krimpkous. &lt;/p&gt;</description></category>
<category name="1463123323485"><name>1463123323485</name><root>0</root><online>1</online><parent name="1463123323484"/><custom-attributes><custom-attribute name="ShowInMenu" dt:dt="string" xml:lang="en-US">True</custom-attribute><custom-attribute name="CategoryPageIndex" dt:dt="int">100</custom-attribute><custom-attribute name="image-base-name" dt:dt="string">category-images/lampen.png</custom-attribute></custom-attributes><display-name xml:lang="de-DE">Lampen</display-name><display-name xml:lang="en-GB">Bulbs</display-name><display-name xml:lang="fr-FR">Lampes</display-name><display-name xml:lang="nl-BE">Lampen</display-name><display-name xml:lang="nl-NL">Lampen</display-name></category>
<category name="1463123323487"><name>1463123323487</name><root>0</root><online>1</online><parent name="1463123323484"/><custom-attributes><custom-attribute name="ShowInMenu" dt:dt="string" xml:lang="en-US">True</custom-attribute><custom-attribute name="CategoryPageIndex" dt:dt="int">100</custom-attribute><custom-attribute name="image-base-name" dt:dt="string">category-images/zaklantaarns_en_mobiele_verlichting.png</custom-attribute></custom-attributes><display-name xml:lang="de-DE">Taschenlampen und mobile Beleuchtung</display-name><display-name xml:lang="en-GB">Torches and Portable Lighting</display-name><display-name xml:lang="fr-FR">Torches et éclairage mobiles</display-name><display-name xml:lang="nl-BE">Zaklantaarns en mobiele verlichting</display-name><display-name xml:lang="nl-NL">Zaklantaarns en mobiele verlichting</display-name></category>
<category name="1463123323488"><name>1463123323488</name><root>0</root><online>1</online><parent name="1463123323484"/><custom-attributes><custom-attribute name="ShowInMenu" dt:dt="string" xml:lang="en-US">True</custom-attribute><custom-attribute name="CategoryPageIndex" dt:dt="int">100</custom-attribute><custom-attribute name="image-base-name" dt:dt="string">category-images/toebehoren_voor_verlichting.png</custom-attribute></custom-attributes><display-name xml:lang="de-DE">Zubehör für Beleuchtung</display-name><display-name xml:lang="en-GB">Accessories</display-name><display-name xml:lang="fr-FR">Accessoires</display-name><display-name xml:lang="nl-BE">Toebehoren voor verlichting</display-name><display-name xml:lang="nl-NL">Toebehoren voor verlichting</display-name></category>
<category name="1463123323484"><name>1463123323484</name><root>0</root><online>1</online><parent name="1463123323458"/><custom-attributes><custom-attribute name="ShowInMenu" dt:dt="string" xml:lang="en-US">True</custom-attribute><custom-attribute name="CategoryPageIndex" dt:dt="int">100</custom-attribute><custom-attribute name="image-base-name" dt:dt="string">category-images/verlichting.png</custom-attribute></custom-attributes><display-name xml:lang="de-DE">Beleuchtung</display-name><display-name xml:lang="en-GB">Lighting</display-name><display-name xml:lang="fr-FR">Lumière</display-name><display-name xml:lang="nl-BE">Verlichting</display-name><display-name xml:lang="nl-NL">Verlichting</display-name><description xml:lang="nl-BE">&lt;p&gt;Of je nou lampen, reservelampjes of een zaklantaarn zoekt…Bij Zamro hebben we het allemaal. We hebben bovendien producten om een lamp aan een riem te dragen, of een statief voor een werklamp. Op het gebied van zaklantaarn en mobiele verlichting hebben we honderden producten in ons assortiment. Je koopt dus altijd een zaklantaarn die volledig aan jouw eisen voldoet. &lt;/p&gt;</description><description xml:lang="nl-NL">&lt;p&gt;Of je nou lampen, reservelampjes of een zaklantaarn zoekt…Bij Zamro hebben we het allemaal. We hebben bovendien producten om een lamp aan een riem te dragen, of een statief voor een werklamp. Op het gebied van zaklantaarn en mobiele verlichting hebben we honderden producten in ons assortiment. Je koopt dus altijd een zaklantaarn die volledig aan jouw eisen voldoet. &lt;/p&gt;</description></category>
<category name="1463123323491"><name>1463123323491</name><root>0</root><online>1</online><parent name="1463123323489"/><custom-attributes><custom-attribute name="ShowInMenu" dt:dt="string" xml:lang="en-US">True</custom-attribute><custom-attribute name="CategoryPageIndex" dt:dt="int">100</custom-attribute><custom-attribute name="image-base-name" dt:dt="string">category-images/stekkers_en_verlengkabels.png</custom-attribute></custom-attributes><display-name xml:lang="de-DE">Stecker und Verlängerungskabel</display-name><display-name xml:lang="en-GB">Plugs and Extension Cables</display-name><display-name xml:lang="fr-FR">Fiches et rallonges</display-name><display-name xml:lang="nl-BE">Stekkers en verlengkabels</display-name><display-name xml:lang="nl-NL">Stekkers en verlengkabels</display-name></category>
<category name="1463123323489"><name>1463123323489</name><root>0</root><online>1</online><parent name="1463123323458"/><custom-attributes><custom-attribute name="ShowInMenu" dt:dt="string" xml:lang="en-US">True</custom-attribute><custom-attribute name="CategoryPageIndex" dt:dt="int">100</custom-attribute><custom-attribute name="image-base-name" dt:dt="string">category-images/woningbouw.png</custom-attribute></custom-attributes><display-name xml:lang="de-DE">Wohnungsbau</display-name><display-name xml:lang="en-GB">Residential Construction</display-name><display-name xml:lang="fr-FR">Résidentiel</display-name><display-name xml:lang="nl-BE">Woningbouw</display-name><display-name xml:lang="nl-NL">Woningbouw</display-name><description xml:lang="nl-BE">&lt;p&gt;Voor tijdelijke stroomvoorziening in de woningbouw ben je bij ons aan het juiste adres. In ons assortiment vind je allerlei stekkers en verlengkabels voor professioneel gebruik. Zo hebben we meerdere kabelverdelers die geschikt zijn voor zowel 230 als 400 volt. Of haspels met kabels van verschillende afmetingen. Bovendien hebben we losse kabels en kabeloprollers van uitstekende kwaliteit. &lt;/p&gt;</description><description xml:lang="nl-NL">&lt;p&gt;Voor tijdelijke stroomvoorziening in de woningbouw ben je bij ons aan het juiste adres. In ons assortiment vind je allerlei stekkers en verlengkabels voor professioneel gebruik. Zo hebben we meerdere kabelverdelers die geschikt zijn voor zowel 230 als 400 volt. Of haspels met kabels van verschillende afmetingen. Bovendien hebben we losse kabels en kabeloprollers van uitstekende kwaliteit. &lt;/p&gt;</description></category>
<category name="1463123323497"><name>1463123323497</name><root>0</root><online>1</online><parent name="1463123323458"/><custom-attributes><custom-attribute name="ShowInMenu" dt:dt="string" xml:lang="en-US">True</custom-attribute><custom-attribute name="CategoryPageIndex" dt:dt="int">100</custom-attribute><custom-attribute name="image-base-name" dt:dt="string">category-images/koppelcontact-_en_contactstoppen.png</custom-attribute></custom-attributes><display-name xml:lang="de-DE">Kabelstecker und Steckverbindungen</display-name><display-name xml:lang="en-GB">Electrical Coupling Plugs and Sockets</display-name><display-name xml:lang="fr-FR">Fiches et prises mobiles industrielles</display-name><display-name xml:lang="nl-BE">Koppelcontact- en Contactstoppen</display-name><display-name xml:lang="nl-NL">Koppelcontact- en Contactstoppen</display-name></category>
<category name="1463123323505"><name>1463123323505</name><root>0</root><online>1</online><parent name="1463123323458"/><custom-attributes><custom-attribute name="ShowInMenu" dt:dt="string" xml:lang="en-US">True</custom-attribute><custom-attribute name="CategoryPageIndex" dt:dt="int">100</custom-attribute><custom-attribute name="image-base-name" dt:dt="string">category-images/zekeringen.png</custom-attribute></custom-attributes><display-name xml:lang="de-DE">Sicherungen</display-name><display-name xml:lang="en-GB">Fuses</display-name><display-name xml:lang="fr-FR">Plombs</display-name><display-name xml:lang="nl-BE">Zekeringen</display-name><display-name xml:lang="nl-NL">Zekeringen</display-name></category>
<category name="1463123323458"><name>1463123323458</name><root>1</root><online>1</online><custom-attributes><custom-attribute name="ShowInMenu" dt:dt="string" xml:lang="en-US">True</custom-attribute><custom-attribute name="CategoryPageIndex" dt:dt="int">6000</custom-attribute><custom-attribute name="image-base-name" dt:dt="string">category-images/elektrische_componenten.png</custom-attribute></custom-attributes><display-name xml:lang="de-DE">Elektrische Komponenten</display-name><display-name xml:lang="en-GB">Electrical Components</display-name><display-name xml:lang="fr-FR">Composants electriques</display-name><display-name xml:lang="nl-BE">Elektrische componenten</display-name><display-name xml:lang="nl-NL">Elektrische componenten</display-name><description xml:lang="de-DE">Schrumpfschläuche, Kabelschuhe, Beleuchtung, Batterien oder Ladegeräte. Ohne elektrische Komponente wären wir aufgeschmissen. Egal ob Sie Produkte für den Wohnungsbau suchen, Ersatzteile benötigen oder einen neuen Leitungschutzschalter kaufen müssen.</description><description xml:lang="nl-BE">Krimpkousen, kabelschoenen, verlichting, batterijen, opladers... zonder elektrische componenten zouden we nergens staan. Het maakt niet uit of u producten zoekt voor de woningbouw, reserveonderdelen nodig hebt, of een nieuwe installatieautomaat moet kopen.</description><description xml:lang="nl-NL">Een krimpkous, kabelschoen, verlichting, batterij of oplader. Zonder elektrische componenten zijn we nergens. Het maakt niet uit of je producten zoekt voor de woningbouw, reserveonderdelen nodig hebt, of een nieuwe installatieautomaat moet kopen.</description></category>
</enfinity>