<?xml version="1.0" encoding="UTF-8"?>
<enfinity xsi:schemaLocation="http://www.intershop.com/xml/ns/enfinity/7.0/xcs/impex catalog.xsd http://www.intershop.com/xml/ns/enfinity/6.5/core/impex-dt dt.xsd" xmlns:xsi="http://www.w3.org/2001/XMLSchema-instance" xmlns="http://www.intershop.com/xml/ns/enfinity/7.0/xcs/impex" xmlns:xml="http://www.w3.org/XML/1998/namespace" xmlns:dt="http://www.intershop.com/xml/ns/enfinity/6.5/core/impex-dt" major="6" minor="1" family="enfinity" branch="enterprise" build="build">
<category name="1463123324346"><name>1463123324346</name><root>0</root><online>1</online><parent name="1463123324344"/><custom-attributes><custom-attribute name="ShowInMenu" dt:dt="string" xml:lang="en-US">True</custom-attribute><custom-attribute name="CategoryPageIndex" dt:dt="int">100</custom-attribute><custom-attribute name="image-base-name" dt:dt="string">category-images/plat_oprolbare_slangen.png</custom-attribute></custom-attributes><display-name xml:lang="de-DE">Feuerwehrschläuche</display-name><display-name xml:lang="en-GB">Layflat rubber (fire) hoses</display-name><display-name xml:lang="fr-FR">Flexibles enroulables à plat</display-name><display-name xml:lang="nl-BE">Plat oprolbare slangen</display-name><display-name xml:lang="nl-NL">Plat oprolbare slangen</display-name></category>
<category name="1463123324348"><name>1463123324348</name><root>0</root><online>1</online><parent name="1463123324347"/><custom-attributes><custom-attribute name="ShowInMenu" dt:dt="string" xml:lang="en-US">True</custom-attribute><custom-attribute name="CategoryPageIndex" dt:dt="int">100</custom-attribute><custom-attribute name="image-base-name" dt:dt="string">category-images/ademlucht_slang.png</custom-attribute></custom-attributes><display-name xml:lang="de-DE">Atemluft Schlauch</display-name><display-name xml:lang="en-GB">Breathing air</display-name><display-name xml:lang="fr-FR">Respiration</display-name><display-name xml:lang="nl-BE">Ademlucht slang</display-name><display-name xml:lang="nl-NL">Ademlucht slang</display-name></category>
<category name="1463123324349"><name>1463123324349</name><root>0</root><online>1</online><parent name="1463123324347"/><custom-attributes><custom-attribute name="ShowInMenu" dt:dt="string" xml:lang="en-US">True</custom-attribute><custom-attribute name="CategoryPageIndex" dt:dt="int">100</custom-attribute><custom-attribute name="image-base-name" dt:dt="string">category-images/brandstof_slang.png</custom-attribute></custom-attributes><display-name xml:lang="de-DE">Treibstoff und Brennstoff Schlauch</display-name><display-name xml:lang="en-GB">Fuel/Oil</display-name><display-name xml:lang="fr-FR">Combustibles</display-name><display-name xml:lang="nl-BE">Brandstof slang</display-name><display-name xml:lang="nl-NL">Brandstof slang</display-name></category>
<category name="1463123324350"><name>1463123324350</name><root>0</root><online>1</online><parent name="1463123324347"/><custom-attributes><custom-attribute name="ShowInMenu" dt:dt="string" xml:lang="en-US">True</custom-attribute><custom-attribute name="CategoryPageIndex" dt:dt="int">100</custom-attribute><custom-attribute name="image-base-name" dt:dt="string">category-images/chemie_slang.png</custom-attribute></custom-attributes><display-name xml:lang="de-DE">Chemieschlauch</display-name><display-name xml:lang="en-GB">Chemical</display-name><display-name xml:lang="fr-FR">Chimie</display-name><display-name xml:lang="nl-BE">Chemie slang</display-name><display-name xml:lang="nl-NL">Chemie slang</display-name></category>
<category name="1463123324351"><name>1463123324351</name><root>0</root><online>1</online><parent name="1463123324347"/><custom-attributes><custom-attribute name="ShowInMenu" dt:dt="string" xml:lang="en-US">True</custom-attribute><custom-attribute name="CategoryPageIndex" dt:dt="int">100</custom-attribute><custom-attribute name="image-base-name" dt:dt="string">category-images/gas_slang.png</custom-attribute></custom-attributes><display-name xml:lang="de-DE">Gasschlauch</display-name><display-name xml:lang="en-GB">Gas</display-name><display-name xml:lang="fr-FR">Gaz</display-name><display-name xml:lang="nl-BE">Gas slang</display-name><display-name xml:lang="nl-NL">Gas slang</display-name></category>
<category name="1463123324352"><name>1463123324352</name><root>0</root><online>1</online><parent name="1463123324347"/><custom-attributes><custom-attribute name="ShowInMenu" dt:dt="string" xml:lang="en-US">True</custom-attribute><custom-attribute name="CategoryPageIndex" dt:dt="int">100</custom-attribute><custom-attribute name="image-base-name" dt:dt="string">category-images/laboratorium_slang.png</custom-attribute></custom-attributes><display-name xml:lang="de-DE">Laborschlauch</display-name><display-name xml:lang="en-GB">Laboratory</display-name><display-name xml:lang="fr-FR">Laboratoires</display-name><display-name xml:lang="nl-BE">Laboratorium slang</display-name><display-name xml:lang="nl-NL">Laboratorium slang</display-name></category>
<category name="1463123324353"><name>1463123324353</name><root>0</root><online>1</online><parent name="1463123324347"/><custom-attributes><custom-attribute name="ShowInMenu" dt:dt="string" xml:lang="en-US">True</custom-attribute><custom-attribute name="CategoryPageIndex" dt:dt="int">100</custom-attribute><custom-attribute name="image-base-name" dt:dt="string">category-images/reinigings-_en_uitstoom_slang.png</custom-attribute></custom-attributes><display-name xml:lang="de-DE">Reinigungs- und Dampfschlauch</display-name><display-name xml:lang="en-GB">Cleaning and Dry-cleaning</display-name><display-name xml:lang="fr-FR">Nettoyage à la vapeur</display-name><display-name xml:lang="nl-BE">Reinigings- en uitstoom slang</display-name><display-name xml:lang="nl-NL">Reinigings- en uitstoom slang</display-name></category>
<category name="1463123324354"><name>1463123324354</name><root>0</root><online>1</online><parent name="1463123324347"/><custom-attributes><custom-attribute name="ShowInMenu" dt:dt="string" xml:lang="en-US">True</custom-attribute><custom-attribute name="CategoryPageIndex" dt:dt="int">100</custom-attribute><custom-attribute name="image-base-name" dt:dt="string">category-images/silicone_slang.png</custom-attribute></custom-attributes><display-name xml:lang="de-DE">Silikonschlauch</display-name><display-name xml:lang="en-GB">Silicone</display-name><display-name xml:lang="fr-FR">Silicone</display-name><display-name xml:lang="nl-BE">Silicone slang</display-name><display-name xml:lang="nl-NL">Silicone slang</display-name></category>
<category name="1463123324355"><name>1463123324355</name><root>0</root><online>1</online><parent name="1463123324347"/><custom-attributes><custom-attribute name="ShowInMenu" dt:dt="string" xml:lang="en-US">True</custom-attribute><custom-attribute name="CategoryPageIndex" dt:dt="int">100</custom-attribute><custom-attribute name="image-base-name" dt:dt="string">category-images/slijtvaste_slang.png</custom-attribute></custom-attributes><display-name xml:lang="de-DE">Verschleißfeste Schlauch</display-name><display-name xml:lang="en-GB">Wear-resistant</display-name><display-name xml:lang="fr-FR">Résistants a l&apos;abrasion</display-name><display-name xml:lang="nl-BE">Slijtvaste slang</display-name><display-name xml:lang="nl-NL">Slijtvaste slang</display-name></category>
<category name="1463123324356"><name>1463123324356</name><root>0</root><online>1</online><parent name="1463123324347"/><custom-attributes><custom-attribute name="ShowInMenu" dt:dt="string" xml:lang="en-US">True</custom-attribute><custom-attribute name="CategoryPageIndex" dt:dt="int">100</custom-attribute><custom-attribute name="image-base-name" dt:dt="string">category-images/stoom_slang.png</custom-attribute></custom-attributes><display-name xml:lang="de-DE">Dampfschlauch</display-name><display-name xml:lang="en-GB">Steam</display-name><display-name xml:lang="fr-FR">Vapeur</display-name><display-name xml:lang="nl-BE">Stoom slang</display-name><display-name xml:lang="nl-NL">Stoom slang</display-name></category>
<category name="1463123324359"><name>1463123324359</name><root>0</root><online>1</online><parent name="1463123324358"/><custom-attributes><custom-attribute name="ShowInMenu" dt:dt="string" xml:lang="en-US">True</custom-attribute><custom-attribute name="CategoryPageIndex" dt:dt="int">100</custom-attribute><custom-attribute name="image-base-name" dt:dt="string">category-images/processlangen.png</custom-attribute></custom-attributes><display-name xml:lang="de-DE">Prozess</display-name><display-name xml:lang="en-GB">Process Hoses</display-name><display-name xml:lang="fr-FR">Flexibles de process</display-name><display-name xml:lang="nl-BE">Processlangen</display-name><display-name xml:lang="nl-NL">Processlangen</display-name></category>
<category name="1463123324358"><name>1463123324358</name><root>0</root><online>1</online><parent name="1463123324347"/><custom-attributes><custom-attribute name="ShowInMenu" dt:dt="string" xml:lang="en-US">True</custom-attribute><custom-attribute name="CategoryPageIndex" dt:dt="int">100</custom-attribute><custom-attribute name="image-base-name" dt:dt="string">category-images/voeding-_en_farma_slang.png</custom-attribute></custom-attributes><display-name xml:lang="de-DE">Lebensmittel- und Pharmaschläuche Schlauch</display-name><display-name xml:lang="en-GB">Food And Pharmaceutical</display-name><display-name xml:lang="fr-FR">Flexibles alimentaires et pharmaceutiques</display-name><display-name xml:lang="nl-BE">Voeding- en farma slang</display-name><display-name xml:lang="nl-NL">Voeding- en farma slang</display-name></category>
<category name="1463123324361"><name>1463123324361</name><root>0</root><online>1</online><parent name="1463123324347"/><custom-attributes><custom-attribute name="ShowInMenu" dt:dt="string" xml:lang="en-US">True</custom-attribute><custom-attribute name="CategoryPageIndex" dt:dt="int">100</custom-attribute><custom-attribute name="image-base-name" dt:dt="string">category-images/water-_en_lucht_slang.png</custom-attribute></custom-attributes><display-name xml:lang="de-DE">Wasser- und Luft Schlauch</display-name><display-name xml:lang="en-GB">Water &amp; Air</display-name><display-name xml:lang="fr-FR">Eau et air</display-name><display-name xml:lang="nl-BE">Water- en lucht slang</display-name><display-name xml:lang="nl-NL">Water- en lucht slang</display-name></category>
<category name="1463123324362"><name>1463123324362</name><root>0</root><online>1</online><parent name="1463123324347"/><custom-attributes><custom-attribute name="ShowInMenu" dt:dt="string" xml:lang="en-US">True</custom-attribute><custom-attribute name="CategoryPageIndex" dt:dt="int">100</custom-attribute><custom-attribute name="image-base-name" dt:dt="string">category-images/waterslang.png</custom-attribute></custom-attributes><display-name xml:lang="de-DE">Wasserschlauch</display-name><display-name xml:lang="en-GB">Water</display-name><display-name xml:lang="fr-FR">Eau</display-name><display-name xml:lang="nl-BE">Waterslang</display-name><display-name xml:lang="nl-NL">Waterslang</display-name></category>
<category name="1463123324347"><name>1463123324347</name><root>0</root><online>1</online><parent name="1463123324344"/><custom-attributes><custom-attribute name="ShowInMenu" dt:dt="string" xml:lang="en-US">True</custom-attribute><custom-attribute name="CategoryPageIndex" dt:dt="int">100</custom-attribute><custom-attribute name="image-base-name" dt:dt="string">category-images/rubberslangen.png</custom-attribute></custom-attributes><display-name xml:lang="de-DE">Gummischläuche</display-name><display-name xml:lang="en-GB">Rubber Hoses</display-name><display-name xml:lang="fr-FR">Flexibles en caoutchouc</display-name><display-name xml:lang="nl-BE">Rubberslangen</display-name><display-name xml:lang="nl-NL">Rubberslangen</display-name></category>
<category name="1463123324367"><name>1463123324367</name><root>0</root><online>1</online><parent name="1463123324365"/><custom-attributes><custom-attribute name="ShowInMenu" dt:dt="string" xml:lang="en-US">True</custom-attribute><custom-attribute name="CategoryPageIndex" dt:dt="int">100</custom-attribute><custom-attribute name="image-base-name" dt:dt="string">category-images/air-king_nok_41mm_-_usa.png</custom-attribute></custom-attributes><display-name xml:lang="de-DE">Air-King (Luft) (Kamm 41mm - USA)</display-name><display-name xml:lang="en-GB">Air-King Coupling (nock 41mm - USA)</display-name><display-name xml:lang="fr-FR">Air-King (griffes 41mm - USA)</display-name><display-name xml:lang="nl-BE">Air-King (nok 41mm - USA)</display-name><display-name xml:lang="nl-NL">Air-King (nok 41mm - USA)</display-name></category>
<category name="1463123324378"><name>1463123324378</name><root>0</root><online>1</online><parent name="1463123324375"/><custom-attributes><custom-attribute name="ShowInMenu" dt:dt="string" xml:lang="en-US">True</custom-attribute><custom-attribute name="CategoryPageIndex" dt:dt="int">100</custom-attribute><custom-attribute name="image-base-name" dt:dt="string">category-images/dsp_brandweer_dsp_koppelingen.png</custom-attribute></custom-attributes><display-name xml:lang="de-DE">DSP (Feuerwehrkupplungen) Feuerwehrkupplungen</display-name><display-name xml:lang="en-GB">DSP couplings</display-name><display-name xml:lang="fr-FR">Raccords incendie</display-name><display-name xml:lang="nl-BE">DSP (Brandweer) DSP koppelingen</display-name><display-name xml:lang="nl-NL">DSP (Brandweer) DSP koppelingen</display-name></category>
<category name="1463123324375"><name>1463123324375</name><root>0</root><online>1</online><parent name="1463123324365"/><custom-attributes><custom-attribute name="ShowInMenu" dt:dt="string" xml:lang="en-US">True</custom-attribute><custom-attribute name="CategoryPageIndex" dt:dt="int">100</custom-attribute><custom-attribute name="image-base-name" dt:dt="string">category-images/dsp_brandweer_koppeling.png</custom-attribute></custom-attributes><display-name xml:lang="de-DE">DSP Feuerwehrkupplungen</display-name><display-name xml:lang="en-GB">DSP (fire hose coupling)</display-name><display-name xml:lang="fr-FR">DSP (incendie)</display-name><display-name xml:lang="nl-BE">DSP (Brandweer) koppeling</display-name><display-name xml:lang="nl-NL">DSP (Brandweer) koppeling</display-name></category>
<category name="1463123324380"><name>1463123324380</name><root>0</root><online>1</online><parent name="1463123324379"/><custom-attributes><custom-attribute name="ShowInMenu" dt:dt="string" xml:lang="en-US">True</custom-attribute><custom-attribute name="CategoryPageIndex" dt:dt="int">100</custom-attribute><custom-attribute name="image-base-name" dt:dt="string">category-images/cardan_perrot_cardan_adapter.png</custom-attribute></custom-attributes><display-name xml:lang="de-DE">Cardan (Perrot) Adapter</display-name><display-name xml:lang="en-GB">Adaptors</display-name><display-name xml:lang="fr-FR">Adaptateur Cardan</display-name><display-name xml:lang="nl-BE">Cardan (Perrot) Cardan adapter</display-name><display-name xml:lang="nl-NL">Cardan (Perrot) Cardan adapter</display-name></category>
<category name="1463123324381"><name>1463123324381</name><root>0</root><online>1</online><parent name="1463123324379"/><custom-attributes><custom-attribute name="ShowInMenu" dt:dt="string" xml:lang="en-US">True</custom-attribute><custom-attribute name="CategoryPageIndex" dt:dt="int">100</custom-attribute><custom-attribute name="image-base-name" dt:dt="string">category-images/cardan_perrot_cardan_coupler.png</custom-attribute></custom-attributes><display-name xml:lang="de-DE">Cardan (Perrot) Deichselkupplung</display-name><display-name xml:lang="en-GB">Couplers</display-name><display-name xml:lang="fr-FR">Coupleur Cardan</display-name><display-name xml:lang="nl-BE">Cardan (Perrot) Cardan coupler</display-name><display-name xml:lang="nl-NL">Cardan (Perrot) Cardan coupler</display-name></category>
<category name="1463123324383"><name>1463123324383</name><root>0</root><online>1</online><parent name="1463123324379"/><custom-attributes><custom-attribute name="ShowInMenu" dt:dt="string" xml:lang="en-US">True</custom-attribute><custom-attribute name="CategoryPageIndex" dt:dt="int">100</custom-attribute><custom-attribute name="image-base-name" dt:dt="string">category-images/cardan_perrot_dichtingen.png</custom-attribute></custom-attributes><display-name xml:lang="de-DE">Cardan (Perrot) Dichtung</display-name><display-name xml:lang="en-GB">Seal</display-name><display-name xml:lang="fr-FR">Joint Cardan-Perrot</display-name><display-name xml:lang="nl-BE">Cardan (Perrot) Dichtingen</display-name><display-name xml:lang="nl-NL">Cardan (Perrot) Dichtingen</display-name></category>
<category name="1463123324379"><name>1463123324379</name><root>0</root><online>1</online><parent name="1463123324365"/><custom-attributes><custom-attribute name="ShowInMenu" dt:dt="string" xml:lang="en-US">True</custom-attribute><custom-attribute name="CategoryPageIndex" dt:dt="int">100</custom-attribute><custom-attribute name="image-base-name" dt:dt="string">category-images/cardan_perrot_koppeling.png</custom-attribute></custom-attributes><display-name xml:lang="de-DE">Cardan (Perrot) Kupplung</display-name><display-name xml:lang="en-GB">Cardan (Perrot)</display-name><display-name xml:lang="fr-FR">Cardan (Perrot)</display-name><display-name xml:lang="nl-BE">Cardan (Perrot) koppeling</display-name><display-name xml:lang="nl-NL">Cardan (Perrot) koppeling</display-name></category>
<category name="1463123324386"><name>1463123324386</name><root>0</root><online>1</online><parent name="1463123324385"/><custom-attributes><custom-attribute name="ShowInMenu" dt:dt="string" xml:lang="en-US">True</custom-attribute><custom-attribute name="CategoryPageIndex" dt:dt="int">100</custom-attribute><custom-attribute name="image-base-name" dt:dt="string">category-images/slangkoppelingen_met_binnendraad.png</custom-attribute></custom-attributes><display-name xml:lang="de-DE">Schlauchkupplungen mit Innengewinde</display-name><display-name xml:lang="en-GB">Hose Couplings with Female Thread</display-name><display-name xml:lang="fr-FR">Raccords taraudés femelle</display-name><display-name xml:lang="nl-BE">Slangkoppelingen met binnendraad</display-name><display-name xml:lang="nl-NL">Slangkoppelingen met binnendraad</display-name></category>
<category name="1463123324389"><name>1463123324389</name><root>0</root><online>1</online><parent name="1463123324385"/><custom-attributes><custom-attribute name="ShowInMenu" dt:dt="string" xml:lang="en-US">True</custom-attribute><custom-attribute name="CategoryPageIndex" dt:dt="int">100</custom-attribute><custom-attribute name="image-base-name" dt:dt="string">category-images/slangpilaar_met_buitendraad_klemschaal_pershuls_montage.png</custom-attribute></custom-attributes><display-name xml:lang="de-DE">Schlauchtulle Außengewinde (Klemmschalenmontage)</display-name><display-name xml:lang="en-GB">Hosetail male thread (safety clamps)</display-name><display-name xml:lang="fr-FR">Douille fileté (coquilles de serrage)</display-name><display-name xml:lang="nl-BE">Slangpilaar met buitendraad (klemschaal/pershuls montage)</display-name><display-name xml:lang="nl-NL">Slangpilaar met buitendraad (klemschaal/pershuls montage)</display-name></category>
<category name="1463123324390"><name>1463123324390</name><root>0</root><online>1</online><parent name="1463123324385"/><custom-attributes><custom-attribute name="ShowInMenu" dt:dt="string" xml:lang="en-US">True</custom-attribute><custom-attribute name="CategoryPageIndex" dt:dt="int">100</custom-attribute><custom-attribute name="image-base-name" dt:dt="string">category-images/slangpilaar_met_binnendraad_klemschaal_pershuls_montage.png</custom-attribute></custom-attributes><display-name xml:lang="de-DE">Schlauchtulle Innengewinde (Klemmschalenmontage)</display-name><display-name xml:lang="en-GB">Hosetail female thread (safety clamps)</display-name><display-name xml:lang="fr-FR">Douille taraudé (coquilles de serrage)</display-name><display-name xml:lang="nl-BE">Slangpilaar met binnendraad (klemschaal/pershuls montage)</display-name><display-name xml:lang="nl-NL">Slangpilaar met binnendraad (klemschaal/pershuls montage)</display-name></category>
<category name="1463123324391"><name>1463123324391</name><root>0</root><online>1</online><parent name="1463123324385"/><custom-attributes><custom-attribute name="ShowInMenu" dt:dt="string" xml:lang="en-US">True</custom-attribute><custom-attribute name="CategoryPageIndex" dt:dt="int">100</custom-attribute><custom-attribute name="image-base-name" dt:dt="string">category-images/slangpilaar_met_buitendraad_slangklem_montage.png</custom-attribute></custom-attributes><display-name xml:lang="de-DE">Schlauchtulle Außengewinde (Schlauchschelle)</display-name><display-name xml:lang="en-GB">Hosetail male thread (hose clamps)</display-name><display-name xml:lang="fr-FR">Douille fileté (collier de serrage)</display-name><display-name xml:lang="nl-BE">Slangpilaar met buitendraad (slangklem montage)</display-name><display-name xml:lang="nl-NL">Slangpilaar met buitendraad (slangklem montage)</display-name></category>
<category name="1463123324392"><name>1463123324392</name><root>0</root><online>1</online><parent name="1463123324385"/><custom-attributes><custom-attribute name="ShowInMenu" dt:dt="string" xml:lang="en-US">True</custom-attribute><custom-attribute name="CategoryPageIndex" dt:dt="int">100</custom-attribute><custom-attribute name="image-base-name" dt:dt="string">category-images/slangpilaar_met_binnendraad_slangklem_montage.png</custom-attribute></custom-attributes><display-name xml:lang="de-DE">Schlauchtulle Innengewinde (Schlauchschelle)</display-name><display-name xml:lang="en-GB">Hosetail female thread (hose clamps)</display-name><display-name xml:lang="fr-FR">Douille taraudé (collier de serrage)</display-name><display-name xml:lang="nl-BE">Slangpilaar met binnendraad (slangklem montage)</display-name><display-name xml:lang="nl-NL">Slangpilaar met binnendraad (slangklem montage)</display-name></category>
<category name="1463123324385"><name>1463123324385</name><root>0</root><online>1</online><parent name="1463123324365"/><custom-attributes><custom-attribute name="ShowInMenu" dt:dt="string" xml:lang="en-US">True</custom-attribute><custom-attribute name="CategoryPageIndex" dt:dt="int">100</custom-attribute><custom-attribute name="image-base-name" dt:dt="string">category-images/slangpilaar_met_draad_of_laseind.png</custom-attribute></custom-attributes><display-name xml:lang="de-DE">Schlauchtulle mit Gewinde</display-name><display-name xml:lang="en-GB">Hosetail threaded</display-name><display-name xml:lang="fr-FR">Douille filetés</display-name><display-name xml:lang="nl-BE">Slangpilaar met draad of laseind</display-name><display-name xml:lang="nl-NL">Slangpilaar met draad of laseind</display-name></category>
<category name="1463123324399"><name>1463123324399</name><root>0</root><online>1</online><parent name="1463123324398"/><custom-attributes><custom-attribute name="ShowInMenu" dt:dt="string" xml:lang="en-US">True</custom-attribute><custom-attribute name="CategoryPageIndex" dt:dt="int">100</custom-attribute><custom-attribute name="image-base-name" dt:dt="string">category-images/cam_and_groove_eritite_snelkoppelingen.png</custom-attribute></custom-attributes><display-name xml:lang="de-DE">Cam und Groove Schnellkupplungen</display-name><display-name xml:lang="en-GB">Eritite Quick-Release Couplings</display-name><display-name xml:lang="fr-FR">Raccords rapides Eritite</display-name><display-name xml:lang="nl-BE">Cam and Groove Eritite snelkoppelingen</display-name><display-name xml:lang="nl-NL">Cam and Groove Eritite snelkoppelingen</display-name></category>
<category name="1463123324401"><name>1463123324401</name><root>0</root><online>1</online><parent name="1463123324398"/><custom-attributes><custom-attribute name="ShowInMenu" dt:dt="string" xml:lang="en-US">True</custom-attribute><custom-attribute name="CategoryPageIndex" dt:dt="int">100</custom-attribute><custom-attribute name="image-base-name" dt:dt="string">category-images/cam_and_groove_dichtingen.png</custom-attribute></custom-attributes><display-name xml:lang="de-DE">Cam und Groove Dichtungen</display-name><display-name xml:lang="en-GB">Seals</display-name><display-name xml:lang="fr-FR">Joints</display-name><display-name xml:lang="nl-BE">Cam and Groove Dichtingen</display-name><display-name xml:lang="nl-NL">Cam and Groove Dichtingen</display-name></category>
<category name="1463123324398"><name>1463123324398</name><root>0</root><online>1</online><parent name="1463123324365"/><custom-attributes><custom-attribute name="ShowInMenu" dt:dt="string" xml:lang="en-US">True</custom-attribute><custom-attribute name="CategoryPageIndex" dt:dt="int">100</custom-attribute><custom-attribute name="image-base-name" dt:dt="string">category-images/cam_and_groove_koppelingen.png</custom-attribute></custom-attributes><display-name xml:lang="de-DE">Hebelarm-Schnellkupplungen Cam und Groove</display-name><display-name xml:lang="en-GB">Cam and Groove (Eritite)</display-name><display-name xml:lang="fr-FR">Cam et Groove (Eritite)</display-name><display-name xml:lang="nl-BE">Cam and Groove koppelingen</display-name><display-name xml:lang="nl-NL">Cam and Groove koppelingen</display-name></category>
<category name="1463123324403"><name>1463123324403</name><root>0</root><online>1</online><parent name="1463123324402"/><custom-attributes><custom-attribute name="ShowInMenu" dt:dt="string" xml:lang="en-US">True</custom-attribute><custom-attribute name="CategoryPageIndex" dt:dt="int">100</custom-attribute><custom-attribute name="image-base-name" dt:dt="string">category-images/express_nok_41mm__klemmen.png</custom-attribute></custom-attributes><display-name xml:lang="de-DE">Cam und Groove Klemmschalen</display-name><display-name xml:lang="en-GB">Safety Clamps</display-name><display-name xml:lang="fr-FR">Coquilles de serrage</display-name><display-name xml:lang="nl-BE">Express (nok 41mm)  Klemmen</display-name><display-name xml:lang="nl-NL">Express (nok 41mm)  Klemmen</display-name></category>
<category name="1463123324404"><name>1463123324404</name><root>0</root><online>1</online><parent name="1463123324402"/><custom-attributes><custom-attribute name="ShowInMenu" dt:dt="string" xml:lang="en-US">True</custom-attribute><custom-attribute name="CategoryPageIndex" dt:dt="int">100</custom-attribute><custom-attribute name="image-base-name" dt:dt="string">category-images/express_nok_41mm__express_koppelingen.png</custom-attribute></custom-attributes><display-name xml:lang="de-DE">Cam und Groove Express-Kupplungen</display-name><display-name xml:lang="en-GB">Express Couplings</display-name><display-name xml:lang="fr-FR">Raccords Express</display-name><display-name xml:lang="nl-BE">Express (nok 41mm)  Express koppelingen</display-name><display-name xml:lang="nl-NL">Express (nok 41mm)  Express koppelingen</display-name></category>
<category name="1463123324405"><name>1463123324405</name><root>0</root><online>1</online><parent name="1463123324402"/><custom-attributes><custom-attribute name="ShowInMenu" dt:dt="string" xml:lang="en-US">True</custom-attribute><custom-attribute name="CategoryPageIndex" dt:dt="int">100</custom-attribute><custom-attribute name="image-base-name" dt:dt="string">category-images/express_nok_41mm__dichtingen.png</custom-attribute></custom-attributes><display-name xml:lang="de-DE">Cam und Groove Dichtungen</display-name><display-name xml:lang="en-GB">Seals</display-name><display-name xml:lang="fr-FR">Joints</display-name><display-name xml:lang="nl-BE">Express (nok 41mm)  Dichtingen</display-name><display-name xml:lang="nl-NL">Express (nok 41mm)  Dichtingen</display-name></category>
<category name="1463123324402"><name>1463123324402</name><root>0</root><online>1</online><parent name="1463123324365"/><custom-attributes><custom-attribute name="ShowInMenu" dt:dt="string" xml:lang="en-US">True</custom-attribute><custom-attribute name="CategoryPageIndex" dt:dt="int">100</custom-attribute><custom-attribute name="image-base-name" dt:dt="string">category-images/express_koppelingen_nok_41mm.png</custom-attribute></custom-attributes><display-name xml:lang="de-DE">Express Kupplungen (Kamm 41mm)</display-name><display-name xml:lang="en-GB">Express (nock 41mm)</display-name><display-name xml:lang="fr-FR">Express (griffes 41mm)</display-name><display-name xml:lang="nl-BE">Express koppelingen (nok 41mm)</display-name><display-name xml:lang="nl-NL">Express koppelingen (nok 41mm)</display-name></category>
<category name="1463123324409"><name>1463123324409</name><root>0</root><online>1</online><parent name="1463123324407"/><custom-attributes><custom-attribute name="ShowInMenu" dt:dt="string" xml:lang="en-US">True</custom-attribute><custom-attribute name="CategoryPageIndex" dt:dt="int">100</custom-attribute><custom-attribute name="image-base-name" dt:dt="string">category-images/geka_koppelingen.png</custom-attribute></custom-attributes><display-name xml:lang="de-DE">Geka Kupplungen</display-name><display-name xml:lang="en-GB">Geka Couplings</display-name><display-name xml:lang="fr-FR">Raccords Geka</display-name><display-name xml:lang="nl-BE">Geka koppelingen</display-name><display-name xml:lang="nl-NL">Geka koppelingen</display-name></category>
<category name="1463123324407"><name>1463123324407</name><root>0</root><online>1</online><parent name="1463123324365"/><custom-attributes><custom-attribute name="ShowInMenu" dt:dt="string" xml:lang="en-US">True</custom-attribute><custom-attribute name="CategoryPageIndex" dt:dt="int">100</custom-attribute><custom-attribute name="image-base-name" dt:dt="string">category-images/geka_koppeling_nok_40mm.png</custom-attribute></custom-attributes><display-name xml:lang="de-DE">Geka Kupplungen (nok 40mm)</display-name><display-name xml:lang="en-GB">Geka  (nock 40mm)</display-name><display-name xml:lang="fr-FR">Geka (griffes 40mm)</display-name><display-name xml:lang="nl-BE">Geka koppeling (nok 40mm)</display-name><display-name xml:lang="nl-NL">Geka koppeling (nok 40mm)</display-name></category>
<category name="1463123324411"><name>1463123324411</name><root>0</root><online>1</online><parent name="1463123324410"/><custom-attributes><custom-attribute name="ShowInMenu" dt:dt="string" xml:lang="en-US">True</custom-attribute><custom-attribute name="CategoryPageIndex" dt:dt="int">100</custom-attribute><custom-attribute name="image-base-name" dt:dt="string">category-images/guillemin_dichtingen.png</custom-attribute></custom-attributes><display-name xml:lang="de-DE">Guillimin Dichtungen</display-name><display-name xml:lang="en-GB">Seals</display-name><display-name xml:lang="fr-FR">Joints</display-name><display-name xml:lang="nl-BE">Guillemin dichtingen</display-name><display-name xml:lang="nl-NL">Guillemin dichtingen</display-name></category>
<category name="1463123324412"><name>1463123324412</name><root>0</root><online>1</online><parent name="1463123324410"/><custom-attributes><custom-attribute name="ShowInMenu" dt:dt="string" xml:lang="en-US">True</custom-attribute><custom-attribute name="CategoryPageIndex" dt:dt="int">100</custom-attribute><custom-attribute name="image-base-name" dt:dt="string">category-images/guillemin_toebehoren.png</custom-attribute></custom-attributes><display-name xml:lang="de-DE">Guillimin Zubehör</display-name><display-name xml:lang="en-GB">Accessories</display-name><display-name xml:lang="fr-FR">Accessoires</display-name><display-name xml:lang="nl-BE">Guillemin toebehoren</display-name><display-name xml:lang="nl-NL">Guillemin toebehoren</display-name></category>
<category name="1463123324413"><name>1463123324413</name><root>0</root><online>1</online><parent name="1463123324410"/><custom-attributes><custom-attribute name="ShowInMenu" dt:dt="string" xml:lang="en-US">True</custom-attribute><custom-attribute name="CategoryPageIndex" dt:dt="int">100</custom-attribute><custom-attribute name="image-base-name" dt:dt="string">category-images/guillemin_koppelingen.png</custom-attribute></custom-attributes><display-name xml:lang="de-DE">Guillemin Kupplungen</display-name><display-name xml:lang="en-GB">Guillemin Couplings</display-name><display-name xml:lang="fr-FR">Raccords Guillemin</display-name><display-name xml:lang="nl-BE">Guillemin koppelingen</display-name><display-name xml:lang="nl-NL">Guillemin koppelingen</display-name></category>
<category name="1463123324414"><name>1463123324414</name><root>0</root><online>1</online><parent name="1463123324410"/><custom-attributes><custom-attribute name="ShowInMenu" dt:dt="string" xml:lang="en-US">True</custom-attribute><custom-attribute name="CategoryPageIndex" dt:dt="int">100</custom-attribute><custom-attribute name="image-base-name" dt:dt="string">category-images/guillemin_verloopstuk.png</custom-attribute></custom-attributes><display-name xml:lang="de-DE">Guillemin Reduzierkupplungen</display-name><display-name xml:lang="en-GB">Reducer</display-name><display-name xml:lang="fr-FR">Réductions</display-name><display-name xml:lang="nl-BE">Guillemin verloopstuk</display-name><display-name xml:lang="nl-NL">Guillemin verloopstuk</display-name></category>
<category name="1463123324410"><name>1463123324410</name><root>0</root><online>1</online><parent name="1463123324365"/><custom-attributes><custom-attribute name="ShowInMenu" dt:dt="string" xml:lang="en-US">True</custom-attribute><custom-attribute name="CategoryPageIndex" dt:dt="int">100</custom-attribute><custom-attribute name="image-base-name" dt:dt="string">category-images/guillemin_koppeling.png</custom-attribute></custom-attributes><display-name xml:lang="de-DE">Guillemin Kupplung</display-name><display-name xml:lang="en-GB">Guillemin</display-name><display-name xml:lang="fr-FR">Guillemin</display-name><display-name xml:lang="nl-BE">Guillemin koppeling</display-name><display-name xml:lang="nl-NL">Guillemin koppeling</display-name></category>
<category name="1463123324415"><name>1463123324415</name><root>0</root><online>1</online><parent name="1463123324365"/><custom-attributes><custom-attribute name="ShowInMenu" dt:dt="string" xml:lang="en-US">True</custom-attribute><custom-attribute name="CategoryPageIndex" dt:dt="int">100</custom-attribute><custom-attribute name="image-base-name" dt:dt="string">category-images/klemschaal_en14420.png</custom-attribute></custom-attributes><display-name xml:lang="de-DE">Klemmschalen</display-name><display-name xml:lang="en-GB">Safety Clamps</display-name><display-name xml:lang="fr-FR">Coquilles de serrage</display-name><display-name xml:lang="nl-BE">Klemschaal (EN14420)</display-name><display-name xml:lang="nl-NL">Klemschaal (EN14420)</display-name></category>
<category name="1463123324423"><name>1463123324423</name><root>0</root><online>1</online><parent name="1463123324422"/><custom-attributes><custom-attribute name="ShowInMenu" dt:dt="string" xml:lang="en-US">True</custom-attribute><custom-attribute name="CategoryPageIndex" dt:dt="int">100</custom-attribute><custom-attribute name="image-base-name" dt:dt="string">category-images/luchtslangkoppelingen_gy_nok_42mm_binnendraad.png</custom-attribute></custom-attributes><display-name xml:lang="de-DE">Luftschlauchkupplungen GS (Kamm 42mm) Innengewinde</display-name><display-name xml:lang="en-GB">Female Thread</display-name><display-name xml:lang="fr-FR">Taraudé</display-name><display-name xml:lang="nl-BE">Luchtslangkoppelingen GY (nok 42mm) Binnendraad</display-name><display-name xml:lang="nl-NL">Luchtslangkoppelingen GY (nok 42mm) Binnendraad</display-name></category>
<category name="1463123324424"><name>1463123324424</name><root>0</root><online>1</online><parent name="1463123324422"/><custom-attributes><custom-attribute name="ShowInMenu" dt:dt="string" xml:lang="en-US">True</custom-attribute><custom-attribute name="CategoryPageIndex" dt:dt="int">100</custom-attribute><custom-attribute name="image-base-name" dt:dt="string">category-images/luchtslangkoppelingen_gy_nok_42mm_buitendraad.png</custom-attribute></custom-attributes><display-name xml:lang="de-DE">Luftschlauchkupplungen GS (Kamm 42mm) Außengewinde</display-name><display-name xml:lang="en-GB">Male Thread</display-name><display-name xml:lang="fr-FR">Fileté</display-name><display-name xml:lang="nl-BE">Luchtslangkoppelingen GY (nok 42mm) Buitendraad</display-name><display-name xml:lang="nl-NL">Luchtslangkoppelingen GY (nok 42mm) Buitendraad</display-name></category>
<category name="1463123324427"><name>1463123324427</name><root>0</root><online>1</online><parent name="1463123324422"/><custom-attributes><custom-attribute name="ShowInMenu" dt:dt="string" xml:lang="en-US">True</custom-attribute><custom-attribute name="CategoryPageIndex" dt:dt="int">100</custom-attribute><custom-attribute name="image-base-name" dt:dt="string">category-images/luchtslangkoppelingen_gy_nok_42mm_pilaar.png</custom-attribute></custom-attributes><display-name xml:lang="de-DE">Luftschlauchkupplungen GS (Kamm 42mm) Schlauchtulle</display-name><display-name xml:lang="en-GB">Hose Nipple</display-name><display-name xml:lang="fr-FR">Douille porte-tuyau</display-name><display-name xml:lang="nl-BE">Luchtslangkoppelingen GY (nok 42mm) Pilaar</display-name><display-name xml:lang="nl-NL">Luchtslangkoppelingen GY (nok 42mm) Pilaar</display-name></category>
<category name="1463123324422"><name>1463123324422</name><root>0</root><online>1</online><parent name="1463123324365"/><custom-attributes><custom-attribute name="ShowInMenu" dt:dt="string" xml:lang="en-US">True</custom-attribute><custom-attribute name="CategoryPageIndex" dt:dt="int">100</custom-attribute><custom-attribute name="image-base-name" dt:dt="string">category-images/luchtslangkoppelingen_gy_nok_42mm.png</custom-attribute></custom-attributes><display-name xml:lang="de-DE">Luftschlauchkupplungen GS (Kamm 42mm)</display-name><display-name xml:lang="en-GB">Air Hose Coupling CS (nock 42mm)</display-name><display-name xml:lang="fr-FR">Raccords pour air comprimé (fonte) (griffes 42mm)</display-name><display-name xml:lang="nl-BE">Luchtslangkoppelingen GY (nok 42mm)</display-name><display-name xml:lang="nl-NL">Luchtslangkoppelingen GY (nok 42mm)</display-name></category>
<category name="1463123324430"><name>1463123324430</name><root>0</root><online>1</online><parent name="1463123324429"/><custom-attributes><custom-attribute name="ShowInMenu" dt:dt="string" xml:lang="en-US">True</custom-attribute><custom-attribute name="CategoryPageIndex" dt:dt="int">100</custom-attribute><custom-attribute name="image-base-name" dt:dt="string">category-images/stoomkoppeling_buitendraad.png</custom-attribute></custom-attributes><display-name xml:lang="de-DE">Dampfkupplung ( BOSS/DINBO) Außengewinde</display-name><display-name xml:lang="en-GB">Male Thread</display-name><display-name xml:lang="fr-FR">Fileté</display-name><display-name xml:lang="nl-BE">Stoomkoppeling Buitendraad</display-name><display-name xml:lang="nl-NL">Stoomkoppeling Buitendraad</display-name></category>
<category name="1463123324431"><name>1463123324431</name><root>0</root><online>1</online><parent name="1463123324429"/><custom-attributes><custom-attribute name="ShowInMenu" dt:dt="string" xml:lang="en-US">True</custom-attribute><custom-attribute name="CategoryPageIndex" dt:dt="int">100</custom-attribute><custom-attribute name="image-base-name" dt:dt="string">category-images/stoomkoppeling_binnendraad.png</custom-attribute></custom-attributes><display-name xml:lang="de-DE">Dampfkupplung ( BOSS/DINBO) Innengewinde</display-name><display-name xml:lang="en-GB">Female Thread</display-name><display-name xml:lang="fr-FR">Taraudé</display-name><display-name xml:lang="nl-BE">Stoomkoppeling Binnendraad</display-name><display-name xml:lang="nl-NL">Stoomkoppeling Binnendraad</display-name></category>
<category name="1463123324429"><name>1463123324429</name><root>0</root><online>1</online><parent name="1463123324365"/><custom-attributes><custom-attribute name="ShowInMenu" dt:dt="string" xml:lang="en-US">True</custom-attribute><custom-attribute name="CategoryPageIndex" dt:dt="int">100</custom-attribute><custom-attribute name="image-base-name" dt:dt="string">category-images/stoomkoppeling.png</custom-attribute></custom-attributes><display-name xml:lang="de-DE">Dampfkupplung</display-name><display-name xml:lang="en-GB">Steam Coupling ( BOSS / DINBO)</display-name><display-name xml:lang="fr-FR">Raccords vapeur (BOSS / DINBO)</display-name><display-name xml:lang="nl-BE">Stoomkoppeling</display-name><display-name xml:lang="nl-NL">Stoomkoppeling</display-name></category>
<category name="1463123324436"><name>1463123324436</name><root>0</root><online>1</online><parent name="1463123324435"/><custom-attributes><custom-attribute name="ShowInMenu" dt:dt="string" xml:lang="en-US">True</custom-attribute><custom-attribute name="CategoryPageIndex" dt:dt="int">100</custom-attribute><custom-attribute name="image-base-name" dt:dt="string">category-images/storz_dichtingen.png</custom-attribute></custom-attributes><display-name xml:lang="de-DE">Storz Dichtungen</display-name><display-name xml:lang="en-GB">Seals</display-name><display-name xml:lang="fr-FR">Joints</display-name><display-name xml:lang="nl-BE">Storz Dichtingen</display-name><display-name xml:lang="nl-NL">Storz Dichtingen</display-name></category>
<category name="1463123324437"><name>1463123324437</name><root>0</root><online>1</online><parent name="1463123324435"/><custom-attributes><custom-attribute name="ShowInMenu" dt:dt="string" xml:lang="en-US">True</custom-attribute><custom-attribute name="CategoryPageIndex" dt:dt="int">100</custom-attribute><custom-attribute name="image-base-name" dt:dt="string">category-images/storz_koppelingen.png</custom-attribute></custom-attributes><display-name xml:lang="de-DE">Storz Kupplungen</display-name><display-name xml:lang="en-GB">Storz Couplings</display-name><display-name xml:lang="fr-FR">Raccords Storz</display-name><display-name xml:lang="nl-BE">Storz koppelingen</display-name><display-name xml:lang="nl-NL">Storz koppelingen</display-name></category>
<category name="1463123324438"><name>1463123324438</name><root>0</root><online>1</online><parent name="1463123324435"/><custom-attributes><custom-attribute name="ShowInMenu" dt:dt="string" xml:lang="en-US">True</custom-attribute><custom-attribute name="CategoryPageIndex" dt:dt="int">100</custom-attribute><custom-attribute name="image-base-name" dt:dt="string">category-images/storz_toebehoren.png</custom-attribute></custom-attributes><display-name xml:lang="de-DE">Storz Zubehör</display-name><display-name xml:lang="en-GB">Accessories</display-name><display-name xml:lang="fr-FR">Accessoires</display-name><display-name xml:lang="nl-BE">Storz Toebehoren</display-name><display-name xml:lang="nl-NL">Storz Toebehoren</display-name></category>
<category name="1463123324439"><name>1463123324439</name><root>0</root><online>1</online><parent name="1463123324435"/><custom-attributes><custom-attribute name="ShowInMenu" dt:dt="string" xml:lang="en-US">True</custom-attribute><custom-attribute name="CategoryPageIndex" dt:dt="int">100</custom-attribute><custom-attribute name="image-base-name" dt:dt="string">category-images/storz_verloopstuk.png</custom-attribute></custom-attributes><display-name xml:lang="de-DE">Storz Reduzierstück</display-name><display-name xml:lang="en-GB">Reducer</display-name><display-name xml:lang="fr-FR">Réductions</display-name><display-name xml:lang="nl-BE">Storz Verloopstuk</display-name><display-name xml:lang="nl-NL">Storz Verloopstuk</display-name></category>
<category name="1463123324435"><name>1463123324435</name><root>0</root><online>1</online><parent name="1463123324365"/><custom-attributes><custom-attribute name="ShowInMenu" dt:dt="string" xml:lang="en-US">True</custom-attribute><custom-attribute name="CategoryPageIndex" dt:dt="int">100</custom-attribute><custom-attribute name="image-base-name" dt:dt="string">category-images/storz_koppelingen.png</custom-attribute></custom-attributes><display-name xml:lang="de-DE">Storz Kupplungen</display-name><display-name xml:lang="en-GB">Storz</display-name><display-name xml:lang="fr-FR">Storz</display-name><display-name xml:lang="nl-BE">Storz koppelingen</display-name><display-name xml:lang="nl-NL">Storz koppelingen</display-name></category>
<category name="1463123324441"><name>1463123324441</name><root>0</root><online>1</online><parent name="1463123324440"/><custom-attributes><custom-attribute name="ShowInMenu" dt:dt="string" xml:lang="en-US">True</custom-attribute><custom-attribute name="CategoryPageIndex" dt:dt="int">100</custom-attribute><custom-attribute name="image-base-name" dt:dt="string">category-images/tankwagen_tw_dichtingen.png</custom-attribute></custom-attributes><display-name xml:lang="de-DE">Tankwagenkupplungen (TW) Dichtungen</display-name><display-name xml:lang="en-GB">Seals</display-name><display-name xml:lang="fr-FR">Joints</display-name><display-name xml:lang="nl-BE">Tankwagen (TW) Dichtingen</display-name><display-name xml:lang="nl-NL">Tankwagen (TW) Dichtingen</display-name></category>
<category name="1463123324442"><name>1463123324442</name><root>0</root><online>1</online><parent name="1463123324440"/><custom-attributes><custom-attribute name="ShowInMenu" dt:dt="string" xml:lang="en-US">True</custom-attribute><custom-attribute name="CategoryPageIndex" dt:dt="int">100</custom-attribute><custom-attribute name="image-base-name" dt:dt="string">category-images/tankwagen_tw_tankwagen_koppelingen.png</custom-attribute></custom-attributes><display-name xml:lang="de-DE">Tankwagenkupplungen (TW) Tankwagenkupplungen</display-name><display-name xml:lang="en-GB">Tanker Couplings</display-name><display-name xml:lang="fr-FR">Raccords pour camion citerne</display-name><display-name xml:lang="nl-BE">Tankwagen (TW) Tankwagen koppelingen</display-name><display-name xml:lang="nl-NL">Tankwagen (TW) Tankwagen koppelingen</display-name></category>
<category name="1463123324440"><name>1463123324440</name><root>0</root><online>1</online><parent name="1463123324365"/><custom-attributes><custom-attribute name="ShowInMenu" dt:dt="string" xml:lang="en-US">True</custom-attribute><custom-attribute name="CategoryPageIndex" dt:dt="int">100</custom-attribute><custom-attribute name="image-base-name" dt:dt="string">category-images/tankwagen_tw.png</custom-attribute></custom-attributes><display-name xml:lang="de-DE">Tankwagenkupplungen (TW)</display-name><display-name xml:lang="en-GB">Tank Truck (TW)</display-name><display-name xml:lang="fr-FR">Raccords pour camion citerne (TW)</display-name><display-name xml:lang="nl-BE">Tankwagen (TW)</display-name><display-name xml:lang="nl-NL">Tankwagen (TW)</display-name></category>
<category name="1463123324443"><name>1463123324443</name><root>0</root><online>1</online><parent name="1463123324365"/><custom-attributes><custom-attribute name="ShowInMenu" dt:dt="string" xml:lang="en-US">True</custom-attribute><custom-attribute name="CategoryPageIndex" dt:dt="int">100</custom-attribute><custom-attribute name="image-base-name" dt:dt="string">category-images/tri-clamp_met_slangpilaar.png</custom-attribute></custom-attributes><display-name xml:lang="de-DE">Tri-Clamp-Schlauchtulle</display-name><display-name xml:lang="en-GB">Tri-Clamp with hose tail</display-name><display-name xml:lang="fr-FR">Tri-Clamp avec douille</display-name><display-name xml:lang="nl-BE">Tri-Clamp met slangpilaar</display-name><display-name xml:lang="nl-NL">Tri-Clamp met slangpilaar</display-name></category>
<category name="1463123324446"><name>1463123324446</name><root>0</root><online>1</online><parent name="1463123324365"/><custom-attributes><custom-attribute name="ShowInMenu" dt:dt="string" xml:lang="en-US">True</custom-attribute><custom-attribute name="CategoryPageIndex" dt:dt="int">100</custom-attribute><custom-attribute name="image-base-name" dt:dt="string">category-images/ventielsnelkoppelingen.png</custom-attribute></custom-attributes><display-name xml:lang="de-DE">Ventilschnellkupplungen</display-name><display-name xml:lang="en-GB">Valve quick-release couplings</display-name><display-name xml:lang="fr-FR">Raccords rapides à soupape</display-name><display-name xml:lang="nl-BE">Ventielsnelkoppelingen</display-name><display-name xml:lang="nl-NL">Ventielsnelkoppelingen</display-name></category>
<category name="1463123324449"><name>1463123324449</name><root>0</root><online>1</online><parent name="1463123324448"/><custom-attributes><custom-attribute name="ShowInMenu" dt:dt="string" xml:lang="en-US">True</custom-attribute><custom-attribute name="CategoryPageIndex" dt:dt="int">100</custom-attribute><custom-attribute name="image-base-name" dt:dt="string">category-images/swivelkoppeling_met_draadaansluiting.png</custom-attribute></custom-attributes><display-name xml:lang="de-DE">Drehkupplung Innengewinde</display-name><display-name xml:lang="en-GB">Swivel female thread</display-name><display-name xml:lang="fr-FR">Pivotant taraudé</display-name><display-name xml:lang="nl-BE">Swivelkoppeling met draadaansluiting</display-name><display-name xml:lang="nl-NL">Swivelkoppeling met draadaansluiting</display-name></category>
<category name="1463123324448"><name>1463123324448</name><root>0</root><online>1</online><parent name="1463123324365"/><custom-attributes><custom-attribute name="ShowInMenu" dt:dt="string" xml:lang="en-US">True</custom-attribute><custom-attribute name="CategoryPageIndex" dt:dt="int">100</custom-attribute><custom-attribute name="image-base-name" dt:dt="string">category-images/draaibare_swivel_joint.png</custom-attribute></custom-attributes><display-name xml:lang="de-DE">Drehkupplungen (Swivel joints)</display-name><display-name xml:lang="en-GB">Swivel joints</display-name><display-name xml:lang="fr-FR">Raccord pivotant (Swivel joints)</display-name><display-name xml:lang="nl-BE">Draaibare (Swivel joint)</display-name><display-name xml:lang="nl-NL">Draaibare (Swivel joint)</display-name></category>
<category name="1463123324453"><name>1463123324453</name><root>0</root><online>1</online><parent name="1463123324451"/><custom-attributes><custom-attribute name="ShowInMenu" dt:dt="string" xml:lang="en-US">True</custom-attribute><custom-attribute name="CategoryPageIndex" dt:dt="int">100</custom-attribute><custom-attribute name="image-base-name" dt:dt="string">category-images/slangverbinder_voor_slangklem_montage.png</custom-attribute></custom-attributes><display-name xml:lang="de-DE">Schlauchverbinder für Schlauchschelle montage</display-name><display-name xml:lang="en-GB">Fot hose clamp mounting</display-name><display-name xml:lang="fr-FR">Montage de collier de serrage</display-name><display-name xml:lang="nl-BE">Slangverbinder voor slangklem montage</display-name><display-name xml:lang="nl-NL">Slangverbinder voor slangklem montage</display-name></category>
<category name="1463123324451"><name>1463123324451</name><root>0</root><online>1</online><parent name="1463123324365"/><custom-attributes><custom-attribute name="ShowInMenu" dt:dt="string" xml:lang="en-US">True</custom-attribute><custom-attribute name="CategoryPageIndex" dt:dt="int">100</custom-attribute><custom-attribute name="image-base-name" dt:dt="string">category-images/slangverbinder.png</custom-attribute></custom-attributes><display-name xml:lang="de-DE">Schlauchverbinder</display-name><display-name xml:lang="en-GB">Hose connector</display-name><display-name xml:lang="fr-FR">Douille de connection</display-name><display-name xml:lang="nl-BE">Slangverbinder</display-name><display-name xml:lang="nl-NL">Slangverbinder</display-name></category>
<category name="1463123324458"><name>1463123324458</name><root>0</root><online>1</online><parent name="1463123324457"/><custom-attributes><custom-attribute name="ShowInMenu" dt:dt="string" xml:lang="en-US">True</custom-attribute><custom-attribute name="CategoryPageIndex" dt:dt="int">100</custom-attribute><custom-attribute name="image-base-name" dt:dt="string">category-images/bauer_kogel_met_hendel.png</custom-attribute></custom-attributes><display-name xml:lang="de-DE">Bauer Adapter</display-name><display-name xml:lang="en-GB">Adaptor - bullit</display-name><display-name xml:lang="fr-FR">Adapteur- balle</display-name><display-name xml:lang="nl-BE">Bauer kogel met hendel</display-name><display-name xml:lang="nl-NL">Bauer kogel met hendel</display-name></category>
<category name="1463123324459"><name>1463123324459</name><root>0</root><online>1</online><parent name="1463123324457"/><custom-attributes><custom-attribute name="ShowInMenu" dt:dt="string" xml:lang="en-US">True</custom-attribute><custom-attribute name="CategoryPageIndex" dt:dt="int">100</custom-attribute><custom-attribute name="image-base-name" dt:dt="string">category-images/bauer_beker.png</custom-attribute></custom-attributes><display-name xml:lang="de-DE">Bauer Deichselkupplung</display-name><display-name xml:lang="en-GB">Coupler - beaker</display-name><display-name xml:lang="fr-FR">Coupleur -</display-name><display-name xml:lang="nl-BE">Bauer beker</display-name><display-name xml:lang="nl-NL">Bauer beker</display-name></category>
<category name="1463123324460"><name>1463123324460</name><root>0</root><online>1</online><parent name="1463123324457"/><custom-attributes><custom-attribute name="ShowInMenu" dt:dt="string" xml:lang="en-US">True</custom-attribute><custom-attribute name="CategoryPageIndex" dt:dt="int">100</custom-attribute><custom-attribute name="image-base-name" dt:dt="string">category-images/bauer_kap.png</custom-attribute></custom-attributes><display-name xml:lang="de-DE">Bauer Kappe</display-name><display-name xml:lang="en-GB">Cap</display-name><display-name xml:lang="fr-FR">Capot</display-name><display-name xml:lang="nl-BE">Bauer kap</display-name><display-name xml:lang="nl-NL">Bauer kap</display-name></category>
<category name="1463123324457"><name>1463123324457</name><root>0</root><online>1</online><parent name="1463123324365"/><custom-attributes><custom-attribute name="ShowInMenu" dt:dt="string" xml:lang="en-US">True</custom-attribute><custom-attribute name="CategoryPageIndex" dt:dt="int">100</custom-attribute><custom-attribute name="image-base-name" dt:dt="string">category-images/bauer_koppelingen.png</custom-attribute></custom-attributes><display-name xml:lang="de-DE">Bauer Kupplung</display-name><display-name xml:lang="en-GB">Bauer</display-name><display-name xml:lang="fr-FR">Bauer</display-name><display-name xml:lang="nl-BE">Bauer koppelingen</display-name><display-name xml:lang="nl-NL">Bauer koppelingen</display-name></category>
<category name="1463123324365"><name>1463123324365</name><root>0</root><online>1</online><parent name="1463123324344"/><custom-attributes><custom-attribute name="ShowInMenu" dt:dt="string" xml:lang="en-US">True</custom-attribute><custom-attribute name="CategoryPageIndex" dt:dt="int">100</custom-attribute><custom-attribute name="image-base-name" dt:dt="string">category-images/slangkoppelingen.png</custom-attribute></custom-attributes><display-name xml:lang="de-DE">Schlauchkupplungen</display-name><display-name xml:lang="en-GB">Hose Couplings</display-name><display-name xml:lang="fr-FR">Raccords pour flexibles</display-name><display-name xml:lang="nl-BE">Slangkoppelingen</display-name><display-name xml:lang="nl-NL">Slangkoppelingen</display-name></category>
<category name="1463123324465"><name>1463123324465</name><root>0</root><online>1</online><parent name="1463123324463"/><custom-attributes><custom-attribute name="ShowInMenu" dt:dt="string" xml:lang="en-US">True</custom-attribute><custom-attribute name="CategoryPageIndex" dt:dt="int">100</custom-attribute><custom-attribute name="image-base-name" dt:dt="string">category-images/rubber_beschermringen.png</custom-attribute></custom-attributes><display-name xml:lang="de-DE">Gummischutzringe</display-name><display-name xml:lang="en-GB">Rubber Protection Rings</display-name><display-name xml:lang="fr-FR">Bagues de protection en caoutchouc</display-name><display-name xml:lang="nl-BE">Rubber beschermringen</display-name><display-name xml:lang="nl-NL">Rubber beschermringen</display-name></category>
<category name="1463123324466"><name>1463123324466</name><root>0</root><online>1</online><parent name="1463123324463"/><custom-attributes><custom-attribute name="ShowInMenu" dt:dt="string" xml:lang="en-US">True</custom-attribute><custom-attribute name="CategoryPageIndex" dt:dt="int">100</custom-attribute><custom-attribute name="image-base-name" dt:dt="string">category-images/blaaspistolen_en_spuitpistolen_voor_lucht_water_en_stoom.png</custom-attribute></custom-attributes><display-name xml:lang="de-DE">Sprühpistole für Luft, Wasser und Dampf</display-name><display-name xml:lang="en-GB">Spray Guns for Air, Water and Steam</display-name><display-name xml:lang="fr-FR">Pistolets pour air, eau et vapeur</display-name><display-name xml:lang="nl-BE">Blaaspistolen en spuitpistolen voor lucht, water en stoom</display-name><display-name xml:lang="nl-NL">Blaaspistolen en spuitpistolen voor lucht, water en stoom</display-name></category>
<category name="1463123324467"><name>1463123324467</name><root>0</root><online>1</online><parent name="1463123324463"/><custom-attributes><custom-attribute name="ShowInMenu" dt:dt="string" xml:lang="en-US">True</custom-attribute><custom-attribute name="CategoryPageIndex" dt:dt="int">100</custom-attribute><custom-attribute name="image-base-name" dt:dt="string">category-images/haspels.png</custom-attribute></custom-attributes><display-name xml:lang="de-DE">Aufroller</display-name><display-name xml:lang="en-GB">Hose Reels</display-name><display-name xml:lang="fr-FR">Dévidoirs</display-name><display-name xml:lang="nl-BE">Haspels</display-name><display-name xml:lang="nl-NL">Haspels</display-name></category>
<category name="1463123324469"><name>1463123324469</name><root>0</root><online>1</online><parent name="1463123324463"/><custom-attributes><custom-attribute name="ShowInMenu" dt:dt="string" xml:lang="en-US">True</custom-attribute><custom-attribute name="CategoryPageIndex" dt:dt="int">100</custom-attribute><custom-attribute name="image-base-name" dt:dt="string">category-images/zadels.png</custom-attribute></custom-attributes><display-name xml:lang="de-DE">Schlauch-Sattel</display-name><display-name xml:lang="en-GB">Hose Saddles</display-name><display-name xml:lang="fr-FR">Sellette Porte tuyau</display-name><display-name xml:lang="nl-BE">Zadels</display-name><display-name xml:lang="nl-NL">Zadels</display-name></category>
<category name="1463123324463"><name>1463123324463</name><root>0</root><online>1</online><parent name="1463123324344"/><custom-attributes><custom-attribute name="ShowInMenu" dt:dt="string" xml:lang="en-US">True</custom-attribute><custom-attribute name="CategoryPageIndex" dt:dt="int">100</custom-attribute><custom-attribute name="image-base-name" dt:dt="string">category-images/toebehoren_voor_slangen.png</custom-attribute></custom-attributes><display-name xml:lang="de-DE">Zubehör für Schläuche</display-name><display-name xml:lang="en-GB">Accessories for Hoses</display-name><display-name xml:lang="fr-FR">Accesoires pour flexibles</display-name><display-name xml:lang="nl-BE">Toebehoren voor slangen</display-name><display-name xml:lang="nl-NL">Toebehoren voor slangen</display-name></category>
<category name="1463123324471"><name>1463123324471</name><root>0</root><online>1</online><parent name="1463123324470"/><custom-attributes><custom-attribute name="ShowInMenu" dt:dt="string" xml:lang="en-US">True</custom-attribute><custom-attribute name="CategoryPageIndex" dt:dt="int">100</custom-attribute><custom-attribute name="image-base-name" dt:dt="string">category-images/oorklemmen.png</custom-attribute></custom-attributes><display-name xml:lang="de-DE">Ohrklemmen</display-name><display-name xml:lang="en-GB">Ear Clamps</display-name><display-name xml:lang="fr-FR">Collier oreille</display-name><display-name xml:lang="nl-BE">Oorklemmen</display-name><display-name xml:lang="nl-NL">Oorklemmen</display-name></category>
<category name="1463123324472"><name>1463123324472</name><root>0</root><online>1</online><parent name="1463123324470"/><custom-attributes><custom-attribute name="ShowInMenu" dt:dt="string" xml:lang="en-US">True</custom-attribute><custom-attribute name="CategoryPageIndex" dt:dt="int">100</custom-attribute><custom-attribute name="image-base-name" dt:dt="string">category-images/wormschroef.png</custom-attribute></custom-attributes><display-name xml:lang="de-DE">Schlauchklemmen</display-name><display-name xml:lang="en-GB">Worm drive hose clips</display-name><display-name xml:lang="fr-FR">Collier de serrage</display-name><display-name xml:lang="nl-BE">Wormschroef</display-name><display-name xml:lang="nl-NL">Wormschroef</display-name></category>
<category name="1463123324473"><name>1463123324473</name><root>0</root><online>1</online><parent name="1463123324470"/><custom-attributes><custom-attribute name="ShowInMenu" dt:dt="string" xml:lang="en-US">True</custom-attribute><custom-attribute name="CategoryPageIndex" dt:dt="int">100</custom-attribute><custom-attribute name="image-base-name" dt:dt="string">category-images/slangklemmen_voor_abraflex-vacufixx-cp.png</custom-attribute></custom-attributes><display-name xml:lang="de-DE">Schlauchklemmen für Abraflex-Vacufixx-CP</display-name><display-name xml:lang="en-GB">Hose Clips For Abraflex/Vacufixx/CP</display-name><display-name xml:lang="fr-FR">Pour Abraflex/Vacufixx/CP</display-name><display-name xml:lang="nl-BE">Slangklemmen voor Abraflex-Vacufixx-CP</display-name><display-name xml:lang="nl-NL">Slangklemmen voor Abraflex-Vacufixx-CP</display-name></category>
<category name="1463123324475"><name>1463123324475</name><root>0</root><online>1</online><parent name="1463123324474"/><custom-attributes><custom-attribute name="ShowInMenu" dt:dt="string" xml:lang="en-US">True</custom-attribute><custom-attribute name="CategoryPageIndex" dt:dt="int">100</custom-attribute><custom-attribute name="image-base-name" dt:dt="string">category-images/band-it_scru-seal.png</custom-attribute></custom-attributes><display-name xml:lang="de-DE">Band-it Scru-seal</display-name><display-name xml:lang="en-GB">Band-it Scru-seals</display-name><display-name xml:lang="fr-FR">Band-it scru-seal</display-name><display-name xml:lang="nl-BE">Band-it scru-seal</display-name><display-name xml:lang="nl-NL">Band-it scru-seal</display-name></category>
<category name="1463123324476"><name>1463123324476</name><root>0</root><online>1</online><parent name="1463123324474"/><custom-attributes><custom-attribute name="ShowInMenu" dt:dt="string" xml:lang="en-US">True</custom-attribute><custom-attribute name="CategoryPageIndex" dt:dt="int">100</custom-attribute><custom-attribute name="image-base-name" dt:dt="string">category-images/band-it_spanapparaat.png</custom-attribute></custom-attributes><display-name xml:lang="de-DE">Band-it-Spannapparat</display-name><display-name xml:lang="en-GB">Band-it Tensioners</display-name><display-name xml:lang="fr-FR">Appareil de serrage Band-it</display-name><display-name xml:lang="nl-BE">Band-it spanapparaat</display-name><display-name xml:lang="nl-NL">Band-it spanapparaat</display-name></category>
<category name="1463123324477"><name>1463123324477</name><root>0</root><online>1</online><parent name="1463123324474"/><custom-attributes><custom-attribute name="ShowInMenu" dt:dt="string" xml:lang="en-US">True</custom-attribute><custom-attribute name="CategoryPageIndex" dt:dt="int">100</custom-attribute><custom-attribute name="image-base-name" dt:dt="string">category-images/klemband_type_band-it.png</custom-attribute></custom-attributes><display-name xml:lang="de-DE">Band-it-Klemmband</display-name><display-name xml:lang="en-GB">Band-It Hose Clips</display-name><display-name xml:lang="fr-FR">Bande de serrage type Band-it</display-name><display-name xml:lang="nl-BE">Klemband type Band-it</display-name><display-name xml:lang="nl-NL">Klemband type Band-it</display-name></category>
<category name="1463123324478"><name>1463123324478</name><root>0</root><online>1</online><parent name="1463123324474"/><custom-attributes><custom-attribute name="ShowInMenu" dt:dt="string" xml:lang="en-US">True</custom-attribute><custom-attribute name="CategoryPageIndex" dt:dt="int">100</custom-attribute><custom-attribute name="image-base-name" dt:dt="string">category-images/klemplaat_type_band-it.png</custom-attribute></custom-attributes><display-name xml:lang="de-DE">Klemmplatte Typ Band-it</display-name><display-name xml:lang="en-GB">Band-It Hose Clips</display-name><display-name xml:lang="fr-FR">Boucle type Band-it</display-name><display-name xml:lang="nl-BE">Klemplaat type Band-it</display-name><display-name xml:lang="nl-NL">Klemplaat type Band-it</display-name></category>
<category name="1463123324474"><name>1463123324474</name><root>0</root><online>1</online><parent name="1463123324470"/><custom-attributes><custom-attribute name="ShowInMenu" dt:dt="string" xml:lang="en-US">True</custom-attribute><custom-attribute name="CategoryPageIndex" dt:dt="int">100</custom-attribute><custom-attribute name="image-base-name" dt:dt="string">category-images/slangklemmen_band-it.png</custom-attribute></custom-attributes><display-name xml:lang="de-DE">Schlauchklemmen Band-it</display-name><display-name xml:lang="en-GB">Band-it</display-name><display-name xml:lang="fr-FR">Band-it</display-name><display-name xml:lang="nl-BE">Slangklemmen Band-it</display-name><display-name xml:lang="nl-NL">Slangklemmen Band-it</display-name></category>
<category name="1463123324479"><name>1463123324479</name><root>0</root><online>1</online><parent name="1463123324470"/><custom-attributes><custom-attribute name="ShowInMenu" dt:dt="string" xml:lang="en-US">True</custom-attribute><custom-attribute name="CategoryPageIndex" dt:dt="int">100</custom-attribute><custom-attribute name="image-base-name" dt:dt="string">category-images/slangklemmen_1_en_2_delig.png</custom-attribute></custom-attributes><display-name xml:lang="de-DE">Schlauchklemmen 1 und 2-teilige</display-name><display-name xml:lang="en-GB">1- and 2-piece hose clips</display-name><display-name xml:lang="fr-FR">1- et 2-pièces</display-name><display-name xml:lang="nl-BE">Slangklemmen 1 en 2 delig</display-name><display-name xml:lang="nl-NL">Slangklemmen 1 en 2 delig</display-name></category>
<category name="1463123324480"><name>1463123324480</name><root>0</root><online>1</online><parent name="1463123324470"/><custom-attributes><custom-attribute name="ShowInMenu" dt:dt="string" xml:lang="en-US">True</custom-attribute><custom-attribute name="CategoryPageIndex" dt:dt="int">100</custom-attribute><custom-attribute name="image-base-name" dt:dt="string">category-images/mini_slangklemmen.png</custom-attribute></custom-attributes><display-name xml:lang="de-DE">Mini Schlauchklemmen</display-name><display-name xml:lang="en-GB">Mini hose clips</display-name><display-name xml:lang="fr-FR">Mini</display-name><display-name xml:lang="nl-BE">Mini slangklemmen</display-name><display-name xml:lang="nl-NL">Mini slangklemmen</display-name></category>
<category name="1463123324470"><name>1463123324470</name><root>0</root><online>1</online><parent name="1463123324344"/><custom-attributes><custom-attribute name="ShowInMenu" dt:dt="string" xml:lang="en-US">True</custom-attribute><custom-attribute name="CategoryPageIndex" dt:dt="int">100</custom-attribute><custom-attribute name="image-base-name" dt:dt="string">category-images/slangklemmen.png</custom-attribute></custom-attributes><display-name xml:lang="de-DE">Schlauchklemmen</display-name><display-name xml:lang="en-GB">Hose Clamps</display-name><display-name xml:lang="fr-FR">Colliers de serrage</display-name><display-name xml:lang="nl-BE">Slangklemmen</display-name><display-name xml:lang="nl-NL">Slangklemmen</display-name></category>
<category name="1463123324481"><name>1463123324481</name><root>0</root><online>1</online><parent name="1463123324344"/><custom-attributes><custom-attribute name="ShowInMenu" dt:dt="string" xml:lang="en-US">True</custom-attribute><custom-attribute name="CategoryPageIndex" dt:dt="int">100</custom-attribute><custom-attribute name="image-base-name" dt:dt="string">category-images/reserveonderdelen_voor_slangen_en_koppelingen.png</custom-attribute></custom-attributes><display-name xml:lang="de-DE">Ersatzteile und Zubehör für Schläuche und Kupplungen</display-name><display-name xml:lang="en-GB">Spares Parts and Accessories</display-name><display-name xml:lang="fr-FR">Pièces de rechange et accessoires</display-name><display-name xml:lang="nl-BE">Reserveonderdelen voor Slangen en Koppelingen</display-name><display-name xml:lang="nl-NL">Reserveonderdelen voor Slangen en Koppelingen</display-name></category>
<category name="1463123324483"><name>1463123324483</name><root>0</root><online>1</online><parent name="1463123324482"/><custom-attributes><custom-attribute name="ShowInMenu" dt:dt="string" xml:lang="en-US">True</custom-attribute><custom-attribute name="CategoryPageIndex" dt:dt="int">100</custom-attribute><custom-attribute name="image-base-name" dt:dt="string">category-images/koelvloeistof_slang.png</custom-attribute></custom-attributes><display-name xml:lang="de-DE">Kühlwasserschlauch</display-name><display-name xml:lang="en-GB">Coolant</display-name><display-name xml:lang="fr-FR">Liquides réfrigérants</display-name><display-name xml:lang="nl-BE">Koelvloeistof slang</display-name><display-name xml:lang="nl-NL">Koelvloeistof slang</display-name></category>
<category name="1463123324482"><name>1463123324482</name><root>0</root><online>1</online><parent name="1463123324344"/><custom-attributes><custom-attribute name="ShowInMenu" dt:dt="string" xml:lang="en-US">True</custom-attribute><custom-attribute name="CategoryPageIndex" dt:dt="int">100</custom-attribute><custom-attribute name="image-base-name" dt:dt="string">category-images/metalen_slangen.png</custom-attribute></custom-attributes><display-name xml:lang="de-DE">Metallschläuche</display-name><display-name xml:lang="en-GB">Metal Hoses</display-name><display-name xml:lang="fr-FR">Tuyaux flexibles métalliques</display-name><display-name xml:lang="nl-BE">Metalen slangen</display-name><display-name xml:lang="nl-NL">Metalen slangen</display-name></category>
<category name="1463123324490"><name>1463123324490</name><root>0</root><online>1</online><parent name="1463123324489"/><custom-attributes><custom-attribute name="ShowInMenu" dt:dt="string" xml:lang="en-US">True</custom-attribute><custom-attribute name="CategoryPageIndex" dt:dt="int">100</custom-attribute><custom-attribute name="image-base-name" dt:dt="string">category-images/ptfe_fep_en_pfa_buis.png</custom-attribute></custom-attributes><display-name xml:lang="de-DE">PTFE, FEP und PFA Rohr</display-name><display-name xml:lang="en-GB">PTFE, FEP and PFA Piping</display-name><display-name xml:lang="fr-FR">Tubes PTFE, FEP et PFA</display-name><display-name xml:lang="nl-BE">PTFE, FEP en PFA buis</display-name><display-name xml:lang="nl-NL">PTFE, FEP en PFA buis</display-name></category>
<category name="1463123324489"><name>1463123324489</name><root>0</root><online>1</online><parent name="1463123324344"/><custom-attributes><custom-attribute name="ShowInMenu" dt:dt="string" xml:lang="en-US">True</custom-attribute><custom-attribute name="CategoryPageIndex" dt:dt="int">100</custom-attribute><custom-attribute name="image-base-name" dt:dt="string">category-images/ptfe_slangen.png</custom-attribute></custom-attributes><display-name xml:lang="de-DE">PTFE-Schläuche</display-name><display-name xml:lang="en-GB">PTFE Hoses</display-name><display-name xml:lang="fr-FR">Flexibles en PTFE</display-name><display-name xml:lang="nl-BE">PTFE slangen</display-name><display-name xml:lang="nl-NL">PTFE slangen</display-name></category>
<category name="1463123324495"><name>1463123324495</name><root>0</root><online>1</online><parent name="1463123324494"/><custom-attributes><custom-attribute name="ShowInMenu" dt:dt="string" xml:lang="en-US">True</custom-attribute><custom-attribute name="CategoryPageIndex" dt:dt="int">100</custom-attribute><custom-attribute name="image-base-name" dt:dt="string">category-images/afzuig-_en_persslang.png</custom-attribute></custom-attributes><display-name xml:lang="de-DE">Saugen und Druck Schläuche</display-name><display-name xml:lang="en-GB">Suction and pressure hoses</display-name><display-name xml:lang="fr-FR">Aspiration et refoulement</display-name><display-name xml:lang="nl-BE">Afzuig- en persslang</display-name><display-name xml:lang="nl-NL">Afzuig- en persslang</display-name></category>
<category name="1463123324496"><name>1463123324496</name><root>0</root><online>1</online><parent name="1463123324494"/><custom-attributes><custom-attribute name="ShowInMenu" dt:dt="string" xml:lang="en-US">True</custom-attribute><custom-attribute name="CategoryPageIndex" dt:dt="int">100</custom-attribute><custom-attribute name="image-base-name" dt:dt="string">category-images/afzuig-_en_blaasslang.png</custom-attribute></custom-attributes><display-name xml:lang="de-DE">Saugen und Blasen Schläuche</display-name><display-name xml:lang="en-GB">Suction and blowing</display-name><display-name xml:lang="fr-FR">Aspiration et de soufflage</display-name><display-name xml:lang="nl-BE">Afzuig- en blaasslang</display-name><display-name xml:lang="nl-NL">Afzuig- en blaasslang</display-name></category>
<category name="1463123324494"><name>1463123324494</name><root>0</root><online>1</online><parent name="1463123324493"/><custom-attributes><custom-attribute name="ShowInMenu" dt:dt="string" xml:lang="en-US">True</custom-attribute><custom-attribute name="CategoryPageIndex" dt:dt="int">100</custom-attribute><custom-attribute name="image-base-name" dt:dt="string">category-images/voedingslang.png</custom-attribute></custom-attributes><display-name xml:lang="de-DE">Lebensmittel Schlauche</display-name><display-name xml:lang="en-GB">Nutrition</display-name><display-name xml:lang="fr-FR">Lebensmittel</display-name><display-name xml:lang="nl-BE">Voedingslang</display-name><display-name xml:lang="nl-NL">Voedingslang</display-name></category>
<category name="1463123324498"><name>1463123324498</name><root>0</root><online>1</online><parent name="1463123324497"/><custom-attributes><custom-attribute name="ShowInMenu" dt:dt="string" xml:lang="en-US">True</custom-attribute><custom-attribute name="CategoryPageIndex" dt:dt="int">100</custom-attribute><custom-attribute name="image-base-name" dt:dt="string">category-images/spiraalslang.png</custom-attribute></custom-attributes><display-name xml:lang="de-DE">Spirale Schläuche</display-name><display-name xml:lang="en-GB">Spiraled</display-name><display-name xml:lang="fr-FR">Spiralé</display-name><display-name xml:lang="nl-BE">Spiraalslang</display-name><display-name xml:lang="nl-NL">Spiraalslang</display-name></category>
<category name="1463123324499"><name>1463123324499</name><root>0</root><online>1</online><parent name="1463123324497"/><custom-attributes><custom-attribute name="ShowInMenu" dt:dt="string" xml:lang="en-US">True</custom-attribute><custom-attribute name="CategoryPageIndex" dt:dt="int">100</custom-attribute><custom-attribute name="image-base-name" dt:dt="string">category-images/slang_met_inlage.png</custom-attribute></custom-attributes><display-name xml:lang="de-DE">Schläuche mit Einlage</display-name><display-name xml:lang="en-GB">With inlay</display-name><display-name xml:lang="fr-FR">Avec lisse</display-name><display-name xml:lang="nl-BE">Slang met inlage</display-name><display-name xml:lang="nl-NL">Slang met inlage</display-name></category>
<category name="1463123324501"><name>1463123324501</name><root>0</root><online>1</online><parent name="1463123324497"/><custom-attributes><custom-attribute name="ShowInMenu" dt:dt="string" xml:lang="en-US">True</custom-attribute><custom-attribute name="CategoryPageIndex" dt:dt="int">100</custom-attribute><custom-attribute name="image-base-name" dt:dt="string">category-images/slang_zonder_inlage.png</custom-attribute></custom-attributes><display-name xml:lang="de-DE">Schläuche ohne Einlage</display-name><display-name xml:lang="en-GB">Without inlay</display-name><display-name xml:lang="fr-FR">Sans lisse</display-name><display-name xml:lang="nl-BE">Slang zonder inlage</display-name><display-name xml:lang="nl-NL">Slang zonder inlage</display-name></category>
<category name="1463123324497"><name>1463123324497</name><root>0</root><online>1</online><parent name="1463123324493"/><custom-attributes><custom-attribute name="ShowInMenu" dt:dt="string" xml:lang="en-US">True</custom-attribute><custom-attribute name="CategoryPageIndex" dt:dt="int">100</custom-attribute><custom-attribute name="image-base-name" dt:dt="string">category-images/universele_slang.png</custom-attribute></custom-attributes><display-name xml:lang="de-DE">Universal Schlauch</display-name><display-name xml:lang="en-GB">Universal</display-name><display-name xml:lang="fr-FR">Flexibles universels</display-name><display-name xml:lang="nl-BE">Universele slang</display-name><display-name xml:lang="nl-NL">Universele slang</display-name></category>
<category name="1463123324503"><name>1463123324503</name><root>0</root><online>1</online><parent name="1463123324502"/><custom-attributes><custom-attribute name="ShowInMenu" dt:dt="string" xml:lang="en-US">True</custom-attribute><custom-attribute name="CategoryPageIndex" dt:dt="int">100</custom-attribute><custom-attribute name="image-base-name" dt:dt="string">category-images/ventilatieslang_tot_200c.png</custom-attribute></custom-attributes><display-name xml:lang="de-DE">Lüftungsschläuche bis 200 °C</display-name><display-name xml:lang="en-GB">Below : 200°C or 392.00°F</display-name><display-name xml:lang="fr-FR">Moins de : 200°C</display-name><display-name xml:lang="nl-BE">Ventilatieslang (tot 200°C)</display-name><display-name xml:lang="nl-NL">Ventilatieslang (tot 200°C)</display-name></category>
<category name="1463123324504"><name>1463123324504</name><root>0</root><online>1</online><parent name="1463123324502"/><custom-attributes><custom-attribute name="ShowInMenu" dt:dt="string" xml:lang="en-US">True</custom-attribute><custom-attribute name="CategoryPageIndex" dt:dt="int">100</custom-attribute><custom-attribute name="image-base-name" dt:dt="string">category-images/ventilatieslang_boven_200c.png</custom-attribute></custom-attributes><display-name xml:lang="de-DE">Lüftungsschläuche oben 200 °C</display-name><display-name xml:lang="en-GB">Above : 200°C or 392.00°F</display-name><display-name xml:lang="fr-FR">Plus de : 200°C</display-name><display-name xml:lang="nl-BE">Ventilatieslang (boven 200°C)</display-name><display-name xml:lang="nl-NL">Ventilatieslang (boven 200°C)</display-name></category>
<category name="1463123324502"><name>1463123324502</name><root>0</root><online>1</online><parent name="1463123324493"/><custom-attributes><custom-attribute name="ShowInMenu" dt:dt="string" xml:lang="en-US">True</custom-attribute><custom-attribute name="CategoryPageIndex" dt:dt="int">100</custom-attribute><custom-attribute name="image-base-name" dt:dt="string">category-images/ventilatieslang.png</custom-attribute></custom-attributes><display-name xml:lang="de-DE">Lüftungsschläuche (Luft, Gas, Rauch, Dämpfe)</display-name><display-name xml:lang="en-GB">Ventilation (air, gas, fumes, vapor)</display-name><display-name xml:lang="fr-FR">Flexibles de ventilations (air, gaz, vapeurs, fumées)</display-name><display-name xml:lang="nl-BE">Ventilatieslang</display-name><display-name xml:lang="nl-NL">Ventilatieslang</display-name></category>
<category name="1463123324505"><name>1463123324505</name><root>0</root><online>1</online><parent name="1463123324493"/><custom-attributes><custom-attribute name="ShowInMenu" dt:dt="string" xml:lang="en-US">True</custom-attribute><custom-attribute name="CategoryPageIndex" dt:dt="int">100</custom-attribute><custom-attribute name="image-base-name" dt:dt="string">category-images/slijtvaste_slang.png</custom-attribute></custom-attributes><display-name xml:lang="de-DE">Verschleißbeständige Schlauch</display-name><display-name xml:lang="en-GB">Wear-resistant</display-name><display-name xml:lang="fr-FR">Résistant à l&apos;abrasion</display-name><display-name xml:lang="nl-BE">Slijtvaste slang</display-name><display-name xml:lang="nl-NL">Slijtvaste slang</display-name></category>
<category name="1463123324493"><name>1463123324493</name><root>0</root><online>1</online><parent name="1463123324344"/><custom-attributes><custom-attribute name="ShowInMenu" dt:dt="string" xml:lang="en-US">True</custom-attribute><custom-attribute name="CategoryPageIndex" dt:dt="int">100</custom-attribute><custom-attribute name="image-base-name" dt:dt="string">category-images/kunststofslangen.png</custom-attribute></custom-attributes><display-name xml:lang="de-DE">Kunststoffschläuche</display-name><display-name xml:lang="en-GB">Plastic Hoses</display-name><display-name xml:lang="fr-FR">Flexibles en plastique</display-name><display-name xml:lang="nl-BE">Kunststofslangen</display-name><display-name xml:lang="nl-NL">Kunststofslangen</display-name></category>
<category name="1463123324344"><name>1463123324344</name><root>1</root><online>1</online><custom-attributes><custom-attribute name="ShowInMenu" dt:dt="string" xml:lang="en-US">True</custom-attribute><custom-attribute name="CategoryPageIndex" dt:dt="int">11000</custom-attribute><custom-attribute name="image-base-name" dt:dt="string">category-images/slangen_en_koppelingen.png</custom-attribute></custom-attributes><display-name xml:lang="de-DE">Schläuche und Kupplungen</display-name><display-name xml:lang="en-GB">Hoses and Couplings (low pressure)</display-name><display-name xml:lang="fr-FR">Flexibles industriels et raccords (basse pression)</display-name><display-name xml:lang="nl-BE">Slangen en Koppelingen</display-name><display-name xml:lang="nl-NL">Slangen en Koppelingen</display-name><description xml:lang="de-DE">Wasser, Öl oder Chemikalien pumpen? Unser Sortiment bietet eine breite Palette an Schläuchen und Kupplungen für jede Branche. Ob Sie nun Aufroller, Schlauchklemmen oder Schlauchverbinder suchen, wir haben alles im Sortiment. Und zwar in allen Größen und für alle Medien.</description><description xml:lang="nl-BE">Water, olie of chemische producten verpompen? In ons assortiment vindt u een ruim assortiment aan slangen en koppelingen voor elk type branche. Of u nou op zoek bent naar haspels, slangklemmen, pershuizen of slangkoppelingen, wij hebben het allemaal in huis. In alle maten en soorten, en voor alle media.</description><description xml:lang="nl-NL">Water, olie of chemische producten verpompen? In ons assortiment vind je een ruim assortiment slangen en koppelingen voor elke soort branche. Of je nou op zoek bent naar haspels, slangklemmen, pershuizen of slangkoppelingen; wij hebben het allemaal. In alle soorten en maten en voor alle media.</description></category>
</enfinity>