<?xml version="1.0" encoding="UTF-8"?>
<enfinity xsi:schemaLocation="http://www.intershop.com/xml/ns/enfinity/7.0/xcs/impex catalog.xsd http://www.intershop.com/xml/ns/enfinity/6.5/core/impex-dt dt.xsd" xmlns:xsi="http://www.w3.org/2001/XMLSchema-instance" xmlns="http://www.intershop.com/xml/ns/enfinity/7.0/xcs/impex" xmlns:xml="http://www.w3.org/XML/1998/namespace" xmlns:dt="http://www.intershop.com/xml/ns/enfinity/6.5/core/impex-dt" major="6" minor="1" family="enfinity" branch="enterprise" build="build">
<category name="1463123323065"><name>1463123323065</name><root>0</root><online>1</online><parent name="1463123323063"/><custom-attributes><custom-attribute name="ShowInMenu" dt:dt="string" xml:lang="en-US">True</custom-attribute><custom-attribute name="CategoryPageIndex" dt:dt="int">100</custom-attribute><custom-attribute name="image-base-name" dt:dt="string">category-images/o-ring_assortimentsdozen.png</custom-attribute></custom-attributes><display-name xml:lang="de-DE">O-Ringe Sortimentskasten</display-name><display-name xml:lang="en-GB">Assortments</display-name><display-name xml:lang="fr-FR">Boîtes d&apos;assortiment</display-name><display-name xml:lang="nl-BE">O-ring assortimentsdozen</display-name><display-name xml:lang="nl-NL">O-ring assortimentsdozen</display-name></category>
<category name="1463123323066"><name>1463123323066</name><root>0</root><online>1</online><parent name="1463123323063"/><custom-attributes><custom-attribute name="ShowInMenu" dt:dt="string" xml:lang="en-US">True</custom-attribute><custom-attribute name="CategoryPageIndex" dt:dt="int">100</custom-attribute><custom-attribute name="image-base-name" dt:dt="string">category-images/back-up_ringen.png</custom-attribute></custom-attributes><display-name xml:lang="de-DE">Stützringe</display-name><display-name xml:lang="en-GB">Back-up Rings</display-name><display-name xml:lang="fr-FR">Bagues d&apos;appui</display-name><display-name xml:lang="nl-BE">Back-up ringen</display-name><display-name xml:lang="nl-NL">Back-up ringen</display-name></category>
<category name="1463123323067"><name>1463123323067</name><root>0</root><online>1</online><parent name="1463123323063"/><custom-attributes><custom-attribute name="ShowInMenu" dt:dt="string" xml:lang="en-US">True</custom-attribute><custom-attribute name="CategoryPageIndex" dt:dt="int">100</custom-attribute><custom-attribute name="image-base-name" dt:dt="string">category-images/o-ring_hulpgereedschappen.png</custom-attribute></custom-attributes><display-name xml:lang="de-DE">O-Ringe Hilfswerkzeug</display-name><display-name xml:lang="en-GB">Auxiliary Tools</display-name><display-name xml:lang="fr-FR">Outillage</display-name><display-name xml:lang="nl-BE">O-ring hulpgereedschappen</display-name><display-name xml:lang="nl-NL">O-ring hulpgereedschappen</display-name></category>
<category name="1463123323068"><name>1463123323068</name><root>0</root><online>1</online><parent name="1463123323063"/><custom-attributes><custom-attribute name="ShowInMenu" dt:dt="string" xml:lang="en-US">True</custom-attribute><custom-attribute name="CategoryPageIndex" dt:dt="int">100</custom-attribute><custom-attribute name="image-base-name" dt:dt="string">category-images/precisiesnoer.png</custom-attribute></custom-attributes><display-name xml:lang="de-DE">Rundschnüre</display-name><display-name xml:lang="en-GB">O-ring Cords</display-name><display-name xml:lang="fr-FR">Cordons de précision</display-name><display-name xml:lang="nl-BE">Precisiesnoer</display-name><display-name xml:lang="nl-NL">Precisiesnoer</display-name></category>
<category name="1463123323069"><name>1463123323069</name><root>0</root><online>1</online><parent name="1463123323063"/><custom-attributes><custom-attribute name="ShowInMenu" dt:dt="string" xml:lang="en-US">True</custom-attribute><custom-attribute name="CategoryPageIndex" dt:dt="int">100</custom-attribute><custom-attribute name="image-base-name" dt:dt="string">category-images/o-ringen.png</custom-attribute></custom-attributes><display-name xml:lang="de-DE">O-Ringe</display-name><display-name xml:lang="en-GB">O-rings</display-name><display-name xml:lang="fr-FR">Joints toriques (O-rings)</display-name><display-name xml:lang="nl-BE">O-ringen</display-name><display-name xml:lang="nl-NL">O-ringen</display-name></category>
<category name="1463123323070"><name>1463123323070</name><root>0</root><online>1</online><parent name="1463123323063"/><custom-attributes><custom-attribute name="ShowInMenu" dt:dt="string" xml:lang="en-US">True</custom-attribute><custom-attribute name="CategoryPageIndex" dt:dt="int">100</custom-attribute><custom-attribute name="image-base-name" dt:dt="string">category-images/x-ringen.png</custom-attribute></custom-attributes><display-name xml:lang="de-DE">X-Ringe</display-name><display-name xml:lang="en-GB">X-rings</display-name><display-name xml:lang="fr-FR">X-rings</display-name><display-name xml:lang="nl-BE">X-ringen</display-name><display-name xml:lang="nl-NL">X-ringen</display-name></category>
<category name="1463123323063"><name>1463123323063</name><root>0</root><online>1</online><parent name="1463123323062"/><custom-attributes><custom-attribute name="ShowInMenu" dt:dt="string" xml:lang="en-US">True</custom-attribute><custom-attribute name="CategoryPageIndex" dt:dt="int">100</custom-attribute><custom-attribute name="image-base-name" dt:dt="string">category-images/o-ringen.png</custom-attribute></custom-attributes><display-name xml:lang="de-DE">O-Ringe</display-name><display-name xml:lang="en-GB">O-rings</display-name><display-name xml:lang="fr-FR">Joints toriques (O-rings)</display-name><display-name xml:lang="nl-BE">O-ringen</display-name><display-name xml:lang="nl-NL">O-ringen</display-name><description xml:lang="de-DE">&lt;p&gt;Wenn Sie zwei Bauteile luft- und flüssigkeitsdicht montieren müssen, verwenden Sie einen O-Ring. Dies ist ein runder Ring, der seinen Namen seiner Form verdankt. In einem der beiden Bauteile ist häufig eine gefräste Nut, in die der O-Ring eingesetzt wird. Der andere Teil sollte flach auf dem O-Ring sitzen. Die beiden Teile sind miteinander verbunden; durch den Druck dichtet ein O-Ring das Innere hermetisch ab. Er bildet also eine Blockade zwischen den beiden Bereichen.&lt;/p&gt;&lt;p&gt;&lt;strong&gt;O-Ring ersetzen&lt;br /&gt;&lt;/strong&gt;Der O-Ring ist einem ständigen Druck ausgesetzt, sodass er sich nach einer gewissen Zeit verformt. Es ist daher sehr wichtig, dass Sie den Ring nach der Trennung der Teile ersetzen, bevor Sie die Verbindung wieder herstellen. Sollten Sie dies nicht tun, besteht die Chance, dass die Verbindung nicht mehr luft- oder flüssigkeitsdicht ist. Der O-Ring ist dann nicht mehr im Stande richtig abdichten zu können. &lt;/p&gt;&lt;p&gt;&lt;strong&gt;X-Ring&lt;br /&gt;&lt;/strong&gt; Der X-Ring (Quad-Ring) ist der Nachfolger des O-Rings für dynamische Situationen. Er wird für die Abdichtung von zum Beispiel Kolben, Kolbenpumpen und Bewegungen auf Wellen verwendet. Ein X-Ring ist eine Dichtung mit vier Lippen und verfügt über ein speziell entwickeltes Dichtungsprofil. Er bietet bei dynamischen Anwendungen etwas mehr Stabilität als ein O-Ring. Darüber hinaus wird weniger Vorspannung benötigt.&lt;/p&gt;&lt;p&gt;&lt;strong&gt;Rundschnur&lt;br /&gt;&lt;/strong&gt; Eine Rundschnur besteht aus dem selben Material wie ein O-Ring. Mithilfe von Klebstoff kann vor Ort ein individueller O-Ring hergestellt werden.&lt;/p&gt;</description><description xml:lang="nl-BE">&lt;p&gt;Als je twee onderdelen lucht- of vloeistofdicht moet monteren, gebruik je een O-ring. Het is een ronde ring, en dankt zijn naam aan de cirkelvorm. In een van de twee delen zit een vaak gefreesde of gedraaide groef waar de O-ring in geplaatst wordt. Het andere deel moet vlak op de O-ring aansluiten. De twee delen worden met elkaar verbonden en door de druk sluit een O-ring de binnenzijde hermetisch af. Het vormt dus een blokkade tussen twee ruimtes.&lt;/p&gt;&lt;p&gt;&lt;strong&gt;O-ring vervangen&lt;br /&gt;&lt;/strong&gt;Er staat constante druk op een O-ring waardoor het na een tijdje vervormt. Het is daarom erg belangrijk dat je na het loskoppelen de ring vervangt, voordat je de verbinding opnieuw maakt. Doe je dat niet, dan bestaat de kans dat de verbinding niet lucht- of vloeistofdicht is. Dat betekent dus dat de O-ring niet meer goed kan afdichten.&lt;/p&gt;&lt;p&gt;&lt;strong&gt;X-ring&lt;br /&gt;&lt;/strong&gt;De X-ring (quad ring) is de opvolger van de O-ring in dynamische situaties. Het wordt gebruikt voor het afdichten van bijvoorbeeld plunjers, zuigerpompen en bewegingen op assen. Een X-ring is een dichting met vier lippen en heeft een speciaal ontwikkeld afdichtingsprofiel. Het biedt wat meer stabiliteit dan een O-ring in dynamische toepassingen. Bovendien heeft het minder voorspanning nodig.&lt;/p&gt;&lt;p&gt;&lt;strong&gt;Precisiesnoer&lt;br /&gt;&lt;/strong&gt;Een precisiesnoer is het hetzelfde snoer als dat voor O-ringen wordt gebruikt. Met behulp van lijm kan je ter plekke een O-ring op maat maken.&lt;/p&gt;</description><description xml:lang="nl-NL">&lt;p&gt;Als je twee onderdelen lucht- of vloeistofdicht moet monteren, gebruik je een O-ring. Het is een ronde ring, en dankt zijn naam aan de cirkelvorm. In een van de twee delen zit een vaak gefreesde of gedraaide groef waar de O-ring in geplaatst wordt. Het andere deel moet vlak op de O-ring aansluiten. De twee delen worden met elkaar verbonden en door de druk sluit een O-ring de binnenzijde hermetisch af. Het vormt dus een blokkade tussen twee ruimtes.&lt;/p&gt;&lt;p&gt;&lt;strong&gt;O-ring vervangen&lt;br /&gt;&lt;/strong&gt;Er staat constante druk op een O-ring waardoor het na een tijdje vervormt. Het is daarom erg belangrijk dat je na het loskoppelen de ring vervangt, voordat je de verbinding opnieuw maakt. Doe je dat niet, dan bestaat de kans dat de verbinding niet lucht- of vloeistofdicht is. Dat betekent dus dat de O-ring niet meer goed kan afdichten.&lt;/p&gt;&lt;p&gt;&lt;strong&gt;X-ring&lt;br /&gt;&lt;/strong&gt;De X-ring (quad ring) is de opvolger van de O-ring in dynamische situaties. Het wordt gebruikt voor het afdichten van bijvoorbeeld plunjers, zuigerpompen en bewegingen op assen. Een X-ring is een dichting met vier lippen en heeft een speciaal ontwikkeld afdichtingsprofiel. Het biedt wat meer stabiliteit dan een O-ring in dynamische toepassingen. Bovendien heeft het minder voorspanning nodig.&lt;/p&gt;&lt;p&gt;&lt;strong&gt;Precisiesnoer&lt;br /&gt;&lt;/strong&gt;Een precisiesnoer is het hetzelfde snoer als dat voor O-ringen wordt gebruikt. Met behulp van lijm kan je ter plekke een O-ring op maat maken.&lt;/p&gt;</description></category>
<category name="StructureGroup_3323297170207597"><name>StructureGroup_3323297170207597</name><root>0</root><online>1</online><parent name="1463123323071"/><custom-attributes><custom-attribute name="ShowInMenu" dt:dt="string" xml:lang="en-US">True</custom-attribute><custom-attribute name="CategoryPageIndex" dt:dt="int">2147483647</custom-attribute><custom-attribute name="image-base-name" dt:dt="string">category-images/flensafdichtingen_ring_vorm.png</custom-attribute></custom-attributes><display-name xml:lang="de-DE">Flachdichtungen Ring</display-name><display-name xml:lang="nl-BE">Flensafdichtingen ring vorm</display-name><display-name xml:lang="nl-NL">Flensafdichtingen ring vorm</display-name></category>
<category name="StructureGroup_3323297170207599"><name>StructureGroup_3323297170207599</name><root>0</root><online>1</online><parent name="1463123323071"/><custom-attributes><custom-attribute name="ShowInMenu" dt:dt="string" xml:lang="en-US">True</custom-attribute><custom-attribute name="CategoryPageIndex" dt:dt="int">2147483647</custom-attribute><custom-attribute name="image-base-name" dt:dt="string">category-images/flensafdichtingen_ovaal_vorm.png</custom-attribute></custom-attributes><display-name xml:lang="de-DE">Flachdichtungen ovaler Ring</display-name><display-name xml:lang="nl-BE">Flensafdichtingen ovaal vorm</display-name><display-name xml:lang="nl-NL">Flensafdichtingen ovaal vorm</display-name></category>
<category name="StructureGroup_3323297170207600"><name>StructureGroup_3323297170207600</name><root>0</root><online>1</online><parent name="1463123323071"/><custom-attributes><custom-attribute name="ShowInMenu" dt:dt="string" xml:lang="en-US">True</custom-attribute><custom-attribute name="CategoryPageIndex" dt:dt="int">2147483647</custom-attribute><custom-attribute name="image-base-name" dt:dt="string">category-images/flensafdichtingen_plaat_vorm.png</custom-attribute></custom-attributes><display-name xml:lang="de-DE">Flachdichtungen Platte</display-name><display-name xml:lang="nl-BE">Flensafdichtingen plaat vorm</display-name><display-name xml:lang="nl-NL">Flensafdichtingen plaat vorm</display-name></category>
<category name="StructureGroup_3323297170207601"><name>StructureGroup_3323297170207601</name><root>0</root><online>1</online><parent name="1463123323071"/><custom-attributes><custom-attribute name="ShowInMenu" dt:dt="string" xml:lang="en-US">True</custom-attribute><custom-attribute name="CategoryPageIndex" dt:dt="int">2147483647</custom-attribute><custom-attribute name="image-base-name" dt:dt="string">category-images/flensafdichtingen_tapes_en_strips.png</custom-attribute></custom-attributes><display-name xml:lang="de-DE">Flachdichtungen Klebeband und Streifen</display-name><display-name xml:lang="nl-BE">Flensafdichtingen tapes en strips</display-name><display-name xml:lang="nl-NL">Flensafdichtingen tapes en strips</display-name></category>
<category name="StructureGroup_3323297170207602"><name>StructureGroup_3323297170207602</name><root>0</root><online>1</online><parent name="1463123323071"/><custom-attributes><custom-attribute name="ShowInMenu" dt:dt="string" xml:lang="en-US">True</custom-attribute><custom-attribute name="CategoryPageIndex" dt:dt="int">2147483647</custom-attribute><custom-attribute name="image-base-name" dt:dt="string">category-images/studbolts.png</custom-attribute></custom-attributes><display-name xml:lang="de-DE">Stehbolzen</display-name><display-name xml:lang="nl-BE">Studbolts</display-name><display-name xml:lang="nl-NL">Studbolts</display-name></category>
<category name="1463123323071"><name>1463123323071</name><root>0</root><online>1</online><parent name="1463123323062"/><custom-attributes><custom-attribute name="ShowInMenu" dt:dt="string" xml:lang="en-US">True</custom-attribute><custom-attribute name="CategoryPageIndex" dt:dt="int">100</custom-attribute><custom-attribute name="image-base-name" dt:dt="string">category-images/flensafdichtingen.png</custom-attribute></custom-attributes><display-name xml:lang="de-DE">Flachdichtungen</display-name><display-name xml:lang="en-GB">Flat Gaskets</display-name><display-name xml:lang="fr-FR">Joints plats</display-name><display-name xml:lang="nl-BE">Flensafdichtingen</display-name><display-name xml:lang="nl-NL">Flensafdichtingen</display-name><description xml:lang="de-DE">Suchen Sie nach einer Flachdichtung? Dann sind Sie bei uns an der richtigen Adresse. Wir haben Flachdichtungen aus verschiedenen Materialien, wie zum Beispiel aus Graphit, PTFE, Gummi und Faser. Darüber hinaus haben wir Spiraldichtungen, Mannlochdichtungen und Kammprofildichtungen. Auch die passenden Schrauben um die Dichtung zu sichern können Sie in unserem Sortiment finden.</description><description xml:lang="nl-BE">Ben je op zoek naar een vlakke dichting? Dan ben je bij ons aan het juiste adres. Wij hebben vlakke dichtingen van verschillende materialen. Denk bijvoorbeeld aan grafiet, PTFE, rubber en vezel. Bovendien hebben we spiraalgewonden pakkingen, mangatpakkingen en kamprofiel dichtingen. Ook de bouten waarmee je de dichting vastzet, vind je in ons assortiment.</description><description xml:lang="nl-NL">Ben je op zoek naar een vlakke dichting? Dan ben je bij ons aan het juiste adres. Wij hebben vlakke dichtingen van verschillende materialen. Denk bijvoorbeeld aan grafiet, PTFE, rubber en vezel. Bovendien hebben we spiraalgewonden pakkingen, mangatpakkingen en kamprofiel dichtingen. Ook de bouten waarmee je de dichting vastzet, vind je in ons assortiment.</description></category>
<category name="1463123323105"><name>1463123323105</name><root>0</root><online>1</online><parent name="1463123323104"/><custom-attributes><custom-attribute name="ShowInMenu" dt:dt="string" xml:lang="en-US">True</custom-attribute><custom-attribute name="CategoryPageIndex" dt:dt="int">100</custom-attribute><custom-attribute name="image-base-name" dt:dt="string">category-images/geleideringen.png</custom-attribute></custom-attributes><display-name xml:lang="de-DE">Führungsringe</display-name><display-name xml:lang="en-GB">Guide Rings</display-name><display-name xml:lang="fr-FR">Anneaux de guidage</display-name><display-name xml:lang="nl-BE">Geleideringen</display-name><display-name xml:lang="nl-NL">Geleideringen</display-name></category>
<category name="1463123323106"><name>1463123323106</name><root>0</root><online>1</online><parent name="1463123323104"/><custom-attributes><custom-attribute name="ShowInMenu" dt:dt="string" xml:lang="en-US">True</custom-attribute><custom-attribute name="CategoryPageIndex" dt:dt="int">100</custom-attribute><custom-attribute name="image-base-name" dt:dt="string">category-images/geleidestrippen_en_geleidebanden.png</custom-attribute></custom-attributes><display-name xml:lang="de-DE">Führungsbänder</display-name><display-name xml:lang="en-GB">Guide Strips</display-name><display-name xml:lang="fr-FR">Bandes de guidage</display-name><display-name xml:lang="nl-BE">Geleidestrippen en geleidebanden</display-name><display-name xml:lang="nl-NL">Geleidestrippen en geleidebanden</display-name></category>
<category name="1463123323104"><name>1463123323104</name><root>0</root><online>1</online><parent name="1463123323103"/><custom-attributes><custom-attribute name="ShowInMenu" dt:dt="string" xml:lang="en-US">True</custom-attribute><custom-attribute name="CategoryPageIndex" dt:dt="int">100</custom-attribute><custom-attribute name="image-base-name" dt:dt="string">category-images/geleidingen.png</custom-attribute></custom-attributes><display-name xml:lang="de-DE">Führungen</display-name><display-name xml:lang="en-GB">Guide Rail</display-name><display-name xml:lang="fr-FR">Guidages</display-name><display-name xml:lang="nl-BE">Geleidingen</display-name><display-name xml:lang="nl-NL">Geleidingen</display-name><description xml:lang="de-DE">In unserem Sortiment finden Sie zwei Arten von Leitungen: Führungsringe (vorgeformte Führungen) und Führungsbänder (auf einer Rolle). Die vorgeformten Führungen haben eine feste Form und können in verschiedenen Größen und Materialien bestellt werden. Sie benötigen ein Führungsband im Falle das Sie die genauen Maßen nicht kennen. Das Band wird vor Ort zurechtgeschnitten.</description><description xml:lang="nl-BE">In ons assortiment vind je twee soorten geleidingen: geleideringen (voorgevormde geleidingen) en geleidestrippen (op rol). De voorgevormde geleidingen hebben een vaste vorm en zijn in verschillende maten en materialen te bestellen. Je gebruikt een geleidestrip wanneer je niet weet wat de maatvoering is. Je knipt vervolgens de geleiding ter plekke op maat.</description><description xml:lang="nl-NL">In ons assortiment vind je twee soorten geleidingen: geleideringen (voorgevormde geleidingen) en geleidestrippen (op rol). De voorgevormde geleidingen hebben een vaste vorm en zijn in verschillende maten en materialen te bestellen. Je gebruikt een geleidestrip wanneer je niet weet wat de maatvoering is. Je knipt vervolgens de geleiding ter plekke op maat.</description></category>
<category name="1463123323107"><name>1463123323107</name><root>0</root><online>1</online><parent name="1463123323103"/><custom-attributes><custom-attribute name="ShowInMenu" dt:dt="string" xml:lang="en-US">True</custom-attribute><custom-attribute name="CategoryPageIndex" dt:dt="int">100</custom-attribute><custom-attribute name="image-base-name" dt:dt="string">category-images/stangafdichtingen.png</custom-attribute></custom-attributes><display-name xml:lang="de-DE">Stangendichtungen</display-name><display-name xml:lang="en-GB">Shaft Seals</display-name><display-name xml:lang="fr-FR">Etanchéités de tiges</display-name><display-name xml:lang="nl-BE">Stangafdichtingen</display-name><display-name xml:lang="nl-NL">Stangafdichtingen</display-name></category>
<category name="1463123323108"><name>1463123323108</name><root>0</root><online>1</online><parent name="1463123323103"/><custom-attributes><custom-attribute name="ShowInMenu" dt:dt="string" xml:lang="en-US">True</custom-attribute><custom-attribute name="CategoryPageIndex" dt:dt="int">100</custom-attribute><custom-attribute name="image-base-name" dt:dt="string">category-images/vuilafstrijkers.png</custom-attribute></custom-attributes><display-name xml:lang="de-DE">Schmutzabstreifer</display-name><display-name xml:lang="en-GB">Piston Seals for Removing Dirt</display-name><display-name xml:lang="fr-FR">Racleurs</display-name><display-name xml:lang="nl-BE">Vuilafstrijkers</display-name><display-name xml:lang="nl-NL">Vuilafstrijkers</display-name></category>
<category name="1463123323109"><name>1463123323109</name><root>0</root><online>1</online><parent name="1463123323103"/><custom-attributes><custom-attribute name="ShowInMenu" dt:dt="string" xml:lang="en-US">True</custom-attribute><custom-attribute name="CategoryPageIndex" dt:dt="int">100</custom-attribute><custom-attribute name="image-base-name" dt:dt="string">category-images/zuigerafdichtingen.png</custom-attribute></custom-attributes><display-name xml:lang="de-DE">Kolbendichtungen</display-name><display-name xml:lang="en-GB">Piston Seals</display-name><display-name xml:lang="fr-FR">Etanchéités de pistons</display-name><display-name xml:lang="nl-BE">Zuigerafdichtingen</display-name><display-name xml:lang="nl-NL">Zuigerafdichtingen</display-name></category>
<category name="1463123323110"><name>1463123323110</name><root>0</root><online>1</online><parent name="1463123323103"/><custom-attributes><custom-attribute name="ShowInMenu" dt:dt="string" xml:lang="en-US">True</custom-attribute><custom-attribute name="CategoryPageIndex" dt:dt="int">100</custom-attribute><custom-attribute name="image-base-name" dt:dt="string">category-images/bonded_seals.png</custom-attribute></custom-attributes><display-name xml:lang="de-DE">Mehrfachdichtungen</display-name><display-name xml:lang="en-GB">Bonded seals</display-name><display-name xml:lang="fr-FR">Bonded seals</display-name><display-name xml:lang="nl-BE">Bonded seals</display-name><display-name xml:lang="nl-NL">Bonded seals</display-name></category>
<category name="1463123323112"><name>1463123323112</name><root>0</root><online>1</online><parent name="1463123323103"/><custom-attributes><custom-attribute name="ShowInMenu" dt:dt="string" xml:lang="en-US">True</custom-attribute><custom-attribute name="CategoryPageIndex" dt:dt="int">100</custom-attribute><custom-attribute name="image-base-name" dt:dt="string">category-images/roterende_afdichtingen_radiaal.png</custom-attribute></custom-attributes><display-name xml:lang="de-DE">Rotierende (Radial-)Dichtungen</display-name><display-name xml:lang="en-GB">Rotating (Radial) Seals</display-name><display-name xml:lang="fr-FR">Joints pour mouvements tournants et oscillants</display-name><display-name xml:lang="nl-BE">Roterende afdichtingen radiaal</display-name><display-name xml:lang="nl-NL">Roterende afdichtingen radiaal</display-name></category>
<category name="1463123323103"><name>1463123323103</name><root>0</root><online>1</online><parent name="1463123323062"/><custom-attributes><custom-attribute name="ShowInMenu" dt:dt="string" xml:lang="en-US">True</custom-attribute><custom-attribute name="CategoryPageIndex" dt:dt="int">100</custom-attribute><custom-attribute name="image-base-name" dt:dt="string">category-images/hydrauliek_en_pneumatiek_afdichtingen.png</custom-attribute></custom-attributes><display-name xml:lang="de-DE">Hydraulik- und Pneumatikdichtungen</display-name><display-name xml:lang="en-GB">Hydraulic and Pneumatic Gaskets</display-name><display-name xml:lang="fr-FR">Joints hydrauliques et pneumatiques</display-name><display-name xml:lang="nl-BE">Hydrauliek en pneumatiek afdichtingen</display-name><display-name xml:lang="nl-NL">Hydrauliek en pneumatiek afdichtingen</display-name><description xml:lang="de-DE">&lt;p&gt;Wir haben ein breites Sortiment an Dichtungen für hydraulische und pneumatische Anlagen.&lt;/p&gt;&lt;p&gt;&lt;strong&gt;Mehrfachdichtungen&lt;br/&gt; &lt;/strong&gt;Eine Mehrfachdichtung wird für die Abdichtung von Schraubenköpfen, Hydraulikkupplungen oder Flanschverbindungen eingesetzt. Eine Mehrfachdichtung sorgt dafür, dass Öl oder Luft in einem hydraulischen oder pneumatischen System bleibt. In unserem Sortiment finden Sie Mehrfachdichtungen, die gegen einen maximalen Betriebsdruck von 600 bar beständig sind. Je nach Medium können Sie auch zwischen verschiedenen Materialien (NBR, Stahl, FKM und Edelstahl) wählen.&lt;/p&gt;&lt;p&gt;&lt;strong&gt;Führungen&lt;br /&gt;&lt;/strong&gt;Eine Führung sorgt dafür, dass die beiden Stahlteile in einem Hydraulikzylinder voneinander getrennt bleiben. Darüber hinaus bietet sie bei Querkräften zusätzliche Unterstützung für den Kolben und die Stange. Sie können zwischen zwei Arten wählen: vorgefertigte Ringe und Rollen (Bänder).&lt;/p&gt;&lt;p&gt;&lt;strong&gt;Rotierende (Radial-)Dichtungen&lt;br /&gt;&lt;/strong&gt;Dies sind flexibel rotierende Dichtungen, die speziell für hohen Druck bei beispielsweise Drehdurchführungen entwickelt wurden. Weil wir nur die beste Qualität bieten, verkaufen wir die originalen Dichtungen von Simrit Freudenberg. &lt;/p&gt;&lt;p&gt;&lt;strong&gt;Stangendichtungen&lt;br/&gt;&lt;/strong&gt;Eine Stangendichtung wird quasi ausschließlich in Hydraulik- und Pneumatikzylindern eingesetzt. Sie stellt sicher, dass das Öl in dem Zylinder bleibt. In unserem Sortiment finden Sie eine Vielzahl von verschiedenen Stangendichtungen.&lt;/p&gt;&lt;p&gt;&lt;strong&gt;Schmutzabstreifer&lt;br /&gt;&lt;/strong&gt;Der Name deuted bereits daraufhin: ein Schmutzabstreifer wird eingesetzt, um Schmutz von einer Stange abzustreifen, bevor dieser in die Zylinder gelangt. Wir haben zwei Arten von Schmutzabstreifern: eine flexible Variante und eine mit Stahlummantelung.&lt;/p&gt;&lt;p&gt;&lt;strong&gt;Kolbendichtung&lt;br /&gt;&lt;/strong&gt;Die Kolbendichtung sorgt dafür, dass Öl oder Luft an der richtigen Seite des Zylinders bleibt. Sie verhindert Leckage oder Druckverlust. In unserem Sortiment finden Sie Kolbendichtungen für sowohl hydraulische als auch pneumatische Anwendungen.&lt;/p&gt;</description><description xml:lang="nl-BE">&lt;p&gt;Wij hebben een ruim assortiment van afdichtingen die geschikt zijn voor hydraulische en pneumatische apparatuur.&lt;/p&gt;&lt;p&gt;&lt;strong&gt;Bonded seals &lt;br /&gt; &lt;/strong&gt;Een bonded seal wordt ook wel een multiseal genoemd. Het wordt gebruikt bij het afdichten van boutkoppen, hydrauliek koppelingen of flensverbindingen. Een bonded seal zorgt ervoor dat olie of lucht in een hydraulisch of pneumatisch systeem blijft. In ons assortiment vind je bonded seals die bestand zijn tegen een maximale werkdruk van 600 bar. Afhankelijk van het medium kan je ook kiezen uit verschillende materialen (NBR, staal, FKM en RVS).&lt;/p&gt;&lt;p&gt;&lt;strong&gt;Geleidingen&lt;br /&gt;&lt;/strong&gt;Een geleiding zorgt ervoor dat de twee stalen delen in een hydraulische cilinder van elkaar gescheiden blijven. Bovendien geeft het extra ondersteuning aan de zuiger en de stang bij zijwaartse krachten. Je kan kiezen uit twee soorten: voorgevormde ringen en op rol (strip).&lt;/p&gt;&lt;p&gt;&lt;strong&gt;Roterende (radiaal) afdichtingen&lt;br /&gt;&lt;/strong&gt;Dit zijn flexibele roterende dichtingen die speciaal ontworpen zijn voor hogedruk bij bijvoorbeeld draaidoorvoeren. Omdat we alleen de beste kwaliteit willen bieden, hebben wij originele Simrit Freudenberg afdichtingen.&lt;/p&gt;&lt;p&gt;&lt;strong&gt;Stangafdichtingen&lt;br /&gt;&lt;/strong&gt;Een stangafdichting wordt vrijwel alleen gebruikt bij hydraulische en pneumatische cilinders. Het zorgt ervoor dat de olie in de cilinder blijft. In ons assortiment vind je tientallen verschillende soorten stangafdichtingen.&lt;/p&gt;&lt;p&gt;&lt;strong&gt;Vuilafstrijkers&lt;br /&gt;&lt;/strong&gt;De naam zegt het al: een vuilafstrijker gebruik je om al het vuil van een stang af te strijken voordat het de machine ingaat. Wij hebben twee basistypen vuilafstrijkers; een flexibele variant en een met stalen mantel.&lt;/p&gt;&lt;p&gt;&lt;strong&gt;Zuigerafdichting&lt;br /&gt;&lt;/strong&gt;De zuigerafdichting zorgt ervoor dat de olie of lucht aan de goede kant van de cilinder blijft zitten. Er zal dan geen lekkage of drukverlies optreden. In ons assortiment vind je zuigerafdichtingen voor zowel hydraulische als pneumatische toepassingen.&lt;/p&gt;</description><description xml:lang="nl-NL">&lt;p&gt;Wij hebben een ruim assortiment van afdichtingen die geschikt zijn voor hydraulische en pneumatische apparatuur.&lt;/p&gt;&lt;p&gt;&lt;strong&gt;Bonded seals &lt;br /&gt; &lt;/strong&gt;Een bonded seal wordt ook wel een multiseal genoemd. Het wordt gebruikt bij het afdichten van boutkoppen, hydrauliek koppelingen of flensverbindingen. Een bonded seal zorgt ervoor dat olie of lucht in een hydraulisch of pneumatisch systeem blijft. In ons assortiment vind je bonded seals die bestand zijn tegen een maximale werkdruk van 600 bar. Afhankelijk van het medium kan je ook kiezen uit verschillende materialen (NBR, staal, FKM en RVS).&lt;/p&gt;&lt;p&gt;&lt;strong&gt;Geleidingen&lt;br /&gt;&lt;/strong&gt;Een geleiding zorgt ervoor dat de twee stalen delen in een hydraulische cilinder van elkaar gescheiden blijven. Bovendien geeft het extra ondersteuning aan de zuiger en de stang bij zijwaartse krachten. Je kan kiezen uit twee soorten: voorgevormde ringen en op rol (strip).&lt;/p&gt;&lt;p&gt;&lt;strong&gt;Roterende (radiaal) afdichtingen&lt;br /&gt;&lt;/strong&gt;Dit zijn flexibele roterende dichtingen die speciaal ontworpen zijn voor hogedruk bij bijvoorbeeld draaidoorvoeren. Omdat we alleen de beste kwaliteit willen bieden, hebben wij originele Simrit Freudenberg afdichtingen.&lt;/p&gt;&lt;p&gt;&lt;strong&gt;Stangafdichtingen&lt;br /&gt;&lt;/strong&gt;Een stangafdichting wordt vrijwel alleen gebruikt bij hydraulische en pneumatische cilinders. Het zorgt ervoor dat de olie in de cilinder blijft. In ons assortiment vind je tientallen verschillende soorten stangafdichtingen.&lt;/p&gt;&lt;p&gt;&lt;strong&gt;Vuilafstrijkers&lt;br /&gt;&lt;/strong&gt;De naam zegt het al: een vuilafstrijker gebruik je om al het vuil van een stang af te strijken voordat het de machine ingaat. Wij hebben twee basistypen vuilafstrijkers; een flexibele variant en een met stalen mantel.&lt;/p&gt;&lt;p&gt;&lt;strong&gt;Zuigerafdichting&lt;br /&gt;&lt;/strong&gt;De zuigerafdichting zorgt ervoor dat de olie of lucht aan de goede kant van de cilinder blijft zitten. Er zal dan geen lekkage of drukverlies optreden. In ons assortiment vind je zuigerafdichtingen voor zowel hydraulische als pneumatische toepassingen.&lt;/p&gt;</description></category>
<category name="1463123323114"><name>1463123323114</name><root>0</root><online>1</online><parent name="1463123323113"/><custom-attributes><custom-attribute name="ShowInMenu" dt:dt="string" xml:lang="en-US">True</custom-attribute><custom-attribute name="CategoryPageIndex" dt:dt="int">100</custom-attribute><custom-attribute name="image-base-name" dt:dt="string">category-images/gereedschap_voor_stopbuspakkingen.png</custom-attribute></custom-attributes><display-name xml:lang="de-DE">Werkzeug für Stopfbuchsenpackungen</display-name><display-name xml:lang="en-GB">Tools</display-name><display-name xml:lang="fr-FR">Outils</display-name><display-name xml:lang="nl-BE">Gereedschap voor stopbuspakkingen</display-name><display-name xml:lang="nl-NL">Gereedschap voor stopbuspakkingen</display-name></category>
<category name="1463123323115"><name>1463123323115</name><root>0</root><online>1</online><parent name="1463123323113"/><custom-attributes><custom-attribute name="ShowInMenu" dt:dt="string" xml:lang="en-US">True</custom-attribute><custom-attribute name="CategoryPageIndex" dt:dt="int">100</custom-attribute><custom-attribute name="image-base-name" dt:dt="string">category-images/sealcord.png</custom-attribute></custom-attributes><display-name xml:lang="de-DE">Sealcord</display-name><display-name xml:lang="en-GB">Seal Cord</display-name><display-name xml:lang="fr-FR">Sealcord</display-name><display-name xml:lang="nl-BE">Sealcord</display-name><display-name xml:lang="nl-NL">Sealcord</display-name></category>
<category name="1463123323116"><name>1463123323116</name><root>0</root><online>1</online><parent name="1463123323113"/><custom-attributes><custom-attribute name="ShowInMenu" dt:dt="string" xml:lang="en-US">True</custom-attribute><custom-attribute name="CategoryPageIndex" dt:dt="int">100</custom-attribute><custom-attribute name="image-base-name" dt:dt="string">category-images/stopbuspakkingen.png</custom-attribute></custom-attributes><display-name xml:lang="de-DE">Stopfbuchsenpackungen</display-name><display-name xml:lang="en-GB">Gland Packing</display-name><display-name xml:lang="fr-FR">Bourrages pour presse-étoupe</display-name><display-name xml:lang="nl-BE">Stopbuspakkingen</display-name><display-name xml:lang="nl-NL">Stopbuspakkingen</display-name></category>
<category name="1463123323117"><name>1463123323117</name><root>0</root><online>1</online><parent name="1463123323113"/><custom-attributes><custom-attribute name="ShowInMenu" dt:dt="string" xml:lang="en-US">True</custom-attribute><custom-attribute name="CategoryPageIndex" dt:dt="int">100</custom-attribute><custom-attribute name="image-base-name" dt:dt="string">category-images/kneedbare_pakking_univerdit.png</custom-attribute></custom-attributes><display-name xml:lang="de-DE">Stopfbuchsenpackungen Univerdit</display-name><display-name xml:lang="en-GB">Univerdit</display-name><display-name xml:lang="fr-FR">Univerdit</display-name><display-name xml:lang="nl-BE">Kneedbare pakking Univerdit</display-name><display-name xml:lang="nl-NL">Kneedbare pakking Univerdit</display-name></category>
<category name="1463123323113"><name>1463123323113</name><root>0</root><online>1</online><parent name="1463123323062"/><custom-attributes><custom-attribute name="ShowInMenu" dt:dt="string" xml:lang="en-US">True</custom-attribute><custom-attribute name="CategoryPageIndex" dt:dt="int">100</custom-attribute><custom-attribute name="image-base-name" dt:dt="string">category-images/stopbuspakkingen.png</custom-attribute></custom-attributes><display-name xml:lang="de-DE">Stopfbuchsenpackungen</display-name><display-name xml:lang="en-GB">Gland Packing</display-name><display-name xml:lang="fr-FR">Bourrages pour presse-étoupe</display-name><display-name xml:lang="nl-BE">Stopbuspakkingen</display-name><display-name xml:lang="nl-NL">Stopbuspakkingen</display-name><description xml:lang="de-DE">&lt;p&gt;Eine Stopfbuchsenpackung ist eine Dichtung. Sie wird um die Welle montiert und mit einer Stopfbuchsbrille angepresst. Stopfbuchsenpackungen sind in verschiedenen Formen erhältlich. Es gibt Ringe oder Stränge unterschiedlichster Materialien, z.B. pflanzlich, aus PTFE oder aus Aramidfasern. Der Zweck einer Stopfbuchsenpackung ist die Vermeidung unnötiger Leckage bestimmter Flüssigkeiten.&lt;/p&gt;&lt;p&gt;&lt;strong&gt;Montage&lt;br /&gt; &lt;/strong&gt;Die Montage einer Stopfbuchsenpackung sollte sorgfältig durchgeführt werden. Wenn eine Stopfbuchsenpackung zu fest montiert ist, kann dies zu übermäßigem Verschleiß und übermäßiger Reibung führen. Das Material der Packung kann dadurch sogar verbrennen. Indem Sie die Stopfbuchsenpackung nicht zu fest anziehen entsteht eine minimale Leckage. Diese Leckage ist notwendig, um die Reibungswärme abzuführen.&lt;/p&gt;&lt;p&gt;Eine Stopfbuchsenpackung kann regelmäßig ersetzt werden, ohne die Demontierung der Pumpe. &lt;/p&gt;</description><description xml:lang="nl-BE">&lt;p&gt;Een stopbuspakking is een afdichting. Je monteert het rondom de as en drukt het aan met een pakkingdrukker. Stopbuspakkingen zijn er in verschillende vormen. Zo heb je bijvoorbeeld ringen of strengen van verschillende materialen zoals plantaardig, PTFE of aramidevezels. Het doel van een stopbuspakking is het vermijden van overbodige lekkage van bepaalde vloeistoffen.&lt;/p&gt;&lt;p&gt;&lt;strong&gt;Montage&lt;br /&gt; &lt;/strong&gt;Het monteren van een stopbuspakking moet secuur gebeuren. Wanneer een stopbuspakking te vast gemonteerd wordt, kan er extra slijtage en wrijving optreden. Het pakkingsmateriaal kan daardoor zelfs verbranden. Door de stopbuspakking niet te strak te monteren treedt er een kleine lekkage op. Deze lekkage is noodzakelijk voor het afvoeren van de wrijvingswarmte.&lt;/p&gt;&lt;p&gt;Een stopbuspakking kan je regelmatig vernieuwen zonder dat je een pomp hoeft te demonteren.&lt;/p&gt;</description><description xml:lang="nl-NL">&lt;p&gt;Een stopbuspakking is een afdichting. Je monteert het rondom de as en drukt het aan met een pakkingdrukker. Stopbuspakkingen zijn er in verschillende vormen. Zo heb je bijvoorbeeld ringen of strengen van verschillende materialen zoals plantaardig, PTFE of aramidevezels. Het doel van een stopbuspakking is het vermijden van overbodige lekkage van bepaalde vloeistoffen.&lt;/p&gt;&lt;p&gt;&lt;strong&gt;Montage&lt;br /&gt; &lt;/strong&gt;Het monteren van een stopbuspakking moet secuur gebeuren. Wanneer een stopbuspakking te vast gemonteerd wordt, kan er extra slijtage en wrijving optreden. Het pakkingsmateriaal kan daardoor zelfs verbranden. Door de stopbuspakking niet te strak te monteren treedt er een kleine lekkage op. Deze lekkage is noodzakelijk voor het afvoeren van de wrijvingswarmte.&lt;/p&gt;&lt;p&gt;Een stopbuspakking kan je regelmatig vernieuwen zonder dat je een pomp hoeft te demonteren.&lt;/p&gt;</description></category>
<category name="1463123323119"><name>1463123323119</name><root>0</root><online>1</online><parent name="1463123323118"/><custom-attributes><custom-attribute name="ShowInMenu" dt:dt="string" xml:lang="en-US">True</custom-attribute><custom-attribute name="CategoryPageIndex" dt:dt="int">100</custom-attribute><custom-attribute name="image-base-name" dt:dt="string">category-images/asreparatiebussen.png</custom-attribute></custom-attributes><display-name xml:lang="de-DE">Wellenreparaturhülsen</display-name><display-name xml:lang="en-GB">Shaft Repair Sleeves</display-name><display-name xml:lang="fr-FR">Douilles de réparation d&apos;axes</display-name><display-name xml:lang="nl-BE">Asreparatiebussen</display-name><display-name xml:lang="nl-NL">Asreparatiebussen</display-name></category>
<category name="1463123323120"><name>1463123323120</name><root>0</root><online>1</online><parent name="1463123323118"/><custom-attributes><custom-attribute name="ShowInMenu" dt:dt="string" xml:lang="en-US">True</custom-attribute><custom-attribute name="CategoryPageIndex" dt:dt="int">100</custom-attribute><custom-attribute name="image-base-name" dt:dt="string">category-images/cassetteseals.png</custom-attribute></custom-attributes><display-name xml:lang="de-DE">Kassettendichtungen</display-name><display-name xml:lang="en-GB">Cassette Seals</display-name><display-name xml:lang="fr-FR">Cassetteseals</display-name><display-name xml:lang="nl-BE">Cassetteseals</display-name><display-name xml:lang="nl-NL">Cassetteseals</display-name></category>
<category name="1463123323121"><name>1463123323121</name><root>0</root><online>1</online><parent name="1463123323118"/><custom-attributes><custom-attribute name="ShowInMenu" dt:dt="string" xml:lang="en-US">True</custom-attribute><custom-attribute name="CategoryPageIndex" dt:dt="int">100</custom-attribute><custom-attribute name="image-base-name" dt:dt="string">category-images/eindkappen.png</custom-attribute></custom-attributes><display-name xml:lang="de-DE">Abschlusskappen</display-name><display-name xml:lang="en-GB">End Caps</display-name><display-name xml:lang="fr-FR">Bouchons</display-name><display-name xml:lang="nl-BE">Eindkappen</display-name><display-name xml:lang="nl-NL">Eindkappen</display-name></category>
<category name="1463123323122"><name>1463123323122</name><root>0</root><online>1</online><parent name="1463123323118"/><custom-attributes><custom-attribute name="ShowInMenu" dt:dt="string" xml:lang="en-US">True</custom-attribute><custom-attribute name="CategoryPageIndex" dt:dt="int">100</custom-attribute><custom-attribute name="image-base-name" dt:dt="string">category-images/lipseals.png</custom-attribute></custom-attributes><display-name xml:lang="de-DE">Lippendichtungen</display-name><display-name xml:lang="en-GB">Lip Seals</display-name><display-name xml:lang="fr-FR">Lipseals</display-name><display-name xml:lang="nl-BE">Lipseals</display-name><display-name xml:lang="nl-NL">Lipseals</display-name></category>
<category name="1463123323124"><name>1463123323124</name><root>0</root><online>1</online><parent name="1463123323118"/><custom-attributes><custom-attribute name="ShowInMenu" dt:dt="string" xml:lang="en-US">True</custom-attribute><custom-attribute name="CategoryPageIndex" dt:dt="int">100</custom-attribute><custom-attribute name="image-base-name" dt:dt="string">category-images/v-ringen_en_alphaseals.png</custom-attribute></custom-attributes><display-name xml:lang="de-DE">V-Ringe und Alphadichtungen</display-name><display-name xml:lang="en-GB">V-seals and Alpha Seals</display-name><display-name xml:lang="fr-FR">V-seals et alphaseals</display-name><display-name xml:lang="nl-BE">V-ringen en alphaseals</display-name><display-name xml:lang="nl-NL">V-ringen en alphaseals</display-name></category>
<category name="1463123323126"><name>1463123323126</name><root>0</root><online>1</online><parent name="1463123323118"/><custom-attributes><custom-attribute name="ShowInMenu" dt:dt="string" xml:lang="en-US">True</custom-attribute><custom-attribute name="CategoryPageIndex" dt:dt="int">100</custom-attribute><custom-attribute name="image-base-name" dt:dt="string">category-images/weefseloliekeerringen_en_klozures.png</custom-attribute></custom-attributes><display-name xml:lang="de-DE">Membran- und Klozure-Wellendichtringe</display-name><display-name xml:lang="en-GB">Fabric oil seals and closures</display-name><display-name xml:lang="fr-FR">Bagues et bourrages renforcés de fibres</display-name><display-name xml:lang="nl-BE">Weefseloliekeerringen en Klozures</display-name><display-name xml:lang="nl-NL">Weefseloliekeerringen en Klozures</display-name></category>
<category name="StructureGroup_3323297170249545"><name>StructureGroup_3323297170249545</name><root>0</root><online>1</online><parent name="StructureGroup_3323297170249503"/><custom-attributes><custom-attribute name="ShowInMenu" dt:dt="string" xml:lang="en-US">True</custom-attribute><custom-attribute name="CategoryPageIndex" dt:dt="int">2147483647</custom-attribute><custom-attribute name="image-base-name" dt:dt="string">category-images/oliekeerring_dubbele_mantel.png</custom-attribute></custom-attributes><display-name xml:lang="de-DE">Öldichtungen mit Dubbele Schede</display-name><display-name xml:lang="nl-BE">Oliekeerring dubbele mantel</display-name><display-name xml:lang="nl-NL">Oliekeerring dubbele mantel</display-name></category>
<category name="StructureGroup_3323297170249546"><name>StructureGroup_3323297170249546</name><root>0</root><online>1</online><parent name="StructureGroup_3323297170249503"/><custom-attributes><custom-attribute name="ShowInMenu" dt:dt="string" xml:lang="en-US">True</custom-attribute><custom-attribute name="CategoryPageIndex" dt:dt="int">2147483647</custom-attribute><custom-attribute name="image-base-name" dt:dt="string">category-images/oliekeerring_dubbele_mantel_met_stoflip.png</custom-attribute></custom-attributes><display-name xml:lang="de-DE">Öldichtungen mit Dubbele Schede und Staublippe</display-name><display-name xml:lang="nl-BE">Oliekeerring dubbele mantel met stoflip</display-name><display-name xml:lang="nl-NL">Oliekeerring dubbele mantel met stoflip</display-name></category>
<category name="StructureGroup_3323297170249547"><name>StructureGroup_3323297170249547</name><root>0</root><online>1</online><parent name="StructureGroup_3323297170249503"/><custom-attributes><custom-attribute name="ShowInMenu" dt:dt="string" xml:lang="en-US">True</custom-attribute><custom-attribute name="CategoryPageIndex" dt:dt="int">2147483647</custom-attribute><custom-attribute name="image-base-name" dt:dt="string">category-images/oliekeerring_enkele_mantel.png</custom-attribute></custom-attributes><display-name xml:lang="de-DE">Öldichtungen</display-name><display-name xml:lang="nl-BE">Oliekeerring enkele mantel</display-name><display-name xml:lang="nl-NL">Oliekeerring enkele mantel</display-name></category>
<category name="StructureGroup_3323297170249548"><name>StructureGroup_3323297170249548</name><root>0</root><online>1</online><parent name="StructureGroup_3323297170249503"/><custom-attributes><custom-attribute name="ShowInMenu" dt:dt="string" xml:lang="en-US">True</custom-attribute><custom-attribute name="CategoryPageIndex" dt:dt="int">2147483647</custom-attribute><custom-attribute name="image-base-name" dt:dt="string">category-images/oliekeerring_enkele_mantel_met_stoflip.png</custom-attribute></custom-attributes><display-name xml:lang="de-DE">Öldichtungen mit Staublippe</display-name><display-name xml:lang="nl-BE">Oliekeerring enkele mantel met stoflip</display-name><display-name xml:lang="nl-NL">Oliekeerring enkele mantel met stoflip</display-name></category>
<category name="StructureGroup_3323297170249503"><name>StructureGroup_3323297170249503</name><root>0</root><online>1</online><parent name="1463123323118"/><custom-attributes><custom-attribute name="ShowInMenu" dt:dt="string" xml:lang="en-US">True</custom-attribute><custom-attribute name="CategoryPageIndex" dt:dt="int">2147483647</custom-attribute><custom-attribute name="image-base-name" dt:dt="string">category-images/oliekeerringen.png</custom-attribute></custom-attributes><display-name xml:lang="de-DE">Öldichtungen</display-name><display-name xml:lang="nl-BE">Oliekeerringen</display-name><display-name xml:lang="nl-NL">Oliekeerringen</display-name><description xml:lang="nl-BE">&lt;p&gt;De oliekeerring wordt veel gebruikt als afdichting. Het is een ring die je monteert op een as en zorgt ervoor dat de olie in het lagerhuis niet kan ontsnappen. Dankzij een oliekeerring hoef je minder onderhoud te plegen, omdat het vuil en/of water weet buiten te houden.&lt;/p&gt;&lt;p&gt;Onze oliekeerringen zijn verdeeld in verschillende categorieën. Zo kan je kiezen uit een enkele of dubbele buitenmantel en met of zonder stoflip. Bovendien is er een keuze tussen een stalen of FKM-omhulde buitenmantel en een veer van verenstaal of RVS.&lt;/p&gt;&lt;p&gt;&lt;strong&gt;Enkele of dubbele buitenmantel?&lt;br /&gt;&lt;/strong&gt;Een enkele buitenmantel is de meest voorkomende type oliekeerring. Het is geschikt voor kleine tot middelgrote belastingen. Dit type wordt voornamelijk gemonteerd bij kleine diameters. Een dubbele buitenmantel wordt vaak gebruikt bij een grote diameter en is geschikt voor zwaardere belastingen.&lt;/p&gt;&lt;p&gt;&lt;strong&gt;Staal of NBR/FKM omhuld?&lt;br /&gt;&lt;/strong&gt;We hebben nog twee extra variaties binnen de buitenmantels: een stalen buitenmantel en een met NBR of FKM omhulde buitenmantel. Heb je een stalen of gietijzeren behuizing, dan kan je kiezen uit beide typen. Heb je een lichte legering (bijvoorbeeld messing) of een kunststof behuizing dan kan je beter kiezen voor de omhulde buitenmantel, omdat bij temperatuurverschillen de uitzettingscoëfficiënt van de behuizing kan verschillen. Dat kan er voor zorgen dat een stalen behuizing kan gaan lekken, of in het ergste geval los komt te liggen.&lt;/p&gt;&lt;p&gt;&lt;strong&gt;Met of zonder stoflip?&lt;br /&gt;&lt;/strong&gt;Een stoflip wordt gebruikt om vuil buiten te houden zodat het niet in de machine terechtkomt. Dat betekent dat een oliekeerring met een stoflip veel ingezet wordt in stofrijke omgevingen. De oliekeerring zonder stoflip wordt ingezet in stofvrije omgevingen.&lt;/p&gt;&lt;p&gt;&lt;strong&gt;Kies het juiste materiaal&lt;br /&gt;&lt;/strong&gt;In ons assortiment vind je oliekeerringen van twee soorten materialen: FKM/FPM en NBR.&lt;/p&gt;&lt;ul&gt;&lt;li&gt;FKM/FPM is te gebruiken bij een temperatuur van -25ºC tot een maximum van 160ºC.&lt;/li&gt;&lt;li&gt;NBR is te gebruiken bij een temperatuur van -35ºC tot een maximum van 100 ºC.&lt;/li&gt;&lt;/ul&gt;</description><description xml:lang="nl-NL">&lt;p&gt;De oliekeerring wordt veel gebruikt als afdichting. Het is een ring die je monteert op een as en zorgt ervoor dat de olie in het lagerhuis niet kan ontsnappen. Dankzij een oliekeerring hoef je minder onderhoud te plegen, omdat het vuil en/of water weet buiten te houden.&lt;/p&gt;&lt;p&gt;Onze oliekeerringen zijn verdeeld in verschillende categorieën. Zo kan je kiezen uit een enkele of dubbele buitenmantel en met of zonder stoflip. Bovendien is er een keuze tussen een stalen of FKM-omhulde buitenmantel en een veer van verenstaal of RVS.&lt;/p&gt;&lt;p&gt;&lt;strong&gt;Enkele of dubbele buitenmantel?&lt;br /&gt;&lt;/strong&gt;Een enkele buitenmantel is de meest voorkomende type oliekeerring. Het is geschikt voor kleine tot middelgrote belastingen. Dit type wordt voornamelijk gemonteerd bij kleine diameters. Een dubbele buitenmantel wordt vaak gebruikt bij een grote diameter en is geschikt voor zwaardere belastingen.&lt;/p&gt;&lt;p&gt;&lt;strong&gt;Staal of NBR/FKM omhuld?&lt;br /&gt;&lt;/strong&gt;We hebben nog twee extra variaties binnen de buitenmantels: een stalen buitenmantel en een met NBR of FKM omhulde buitenmantel. Heb je een stalen of gietijzeren behuizing, dan kan je kiezen uit beide typen. Heb je een lichte legering (bijvoorbeeld messing) of een kunststof behuizing dan kan je beter kiezen voor de omhulde buitenmantel, omdat bij temperatuurverschillen de uitzettingscoëfficiënt van de behuizing kan verschillen. Dat kan er voor zorgen dat een stalen behuizing kan gaan lekken, of in het ergste geval los komt te liggen.&lt;/p&gt;&lt;p&gt;&lt;strong&gt;Met of zonder stoflip?&lt;br /&gt;&lt;/strong&gt;Een stoflip wordt gebruikt om vuil buiten te houden zodat het niet in de machine terechtkomt. Dat betekent dat een oliekeerring met een stoflip veel ingezet wordt in stofrijke omgevingen. De oliekeerring zonder stoflip wordt ingezet in stofvrije omgevingen.&lt;/p&gt;&lt;p&gt;&lt;strong&gt;Kies het juiste materiaal&lt;br /&gt;&lt;/strong&gt;In ons assortiment vind je oliekeerringen van twee soorten materialen: FKM/FPM en NBR.&lt;/p&gt;&lt;ul&gt;&lt;li&gt;FKM/FPM is te gebruiken bij een temperatuur van -25ºC tot een maximum van 160ºC.&lt;/li&gt;&lt;li&gt;NBR is te gebruiken bij een temperatuur van -35ºC tot een maximum van 100 ºC.&lt;/li&gt;&lt;/ul&gt;</description></category>
<category name="1463123323118"><name>1463123323118</name><root>0</root><online>1</online><parent name="1463123323062"/><custom-attributes><custom-attribute name="ShowInMenu" dt:dt="string" xml:lang="en-US">True</custom-attribute><custom-attribute name="CategoryPageIndex" dt:dt="int">100</custom-attribute><custom-attribute name="image-base-name" dt:dt="string">category-images/asafdichtingen.png</custom-attribute></custom-attributes><display-name xml:lang="de-DE">Wellendichtungen</display-name><display-name xml:lang="en-GB">Rotary Shaft Seals</display-name><display-name xml:lang="fr-FR">Etanchéités d&apos;arbres</display-name><display-name xml:lang="nl-BE">Asafdichtingen</display-name><display-name xml:lang="nl-NL">Asafdichtingen</display-name><description xml:lang="de-DE">&lt;p&gt;Arbeiten Sie mit Pumpen, Motoren, Getrieben und Drehwellen? Dann benötigen Sie gute Wellendichtungen. An der Stelle, wo die Pumpenwelle aus dem Pumpengehäuse kommt, gibt es eine Wellendichtung. Sie sorgt dafür, dass Leckage auf ein Minimum begrenzt wird und Schmutz nicht eindringen kann.&lt;/p&gt; &lt;p&gt;&lt;strong&gt;Wellenreparaturhülsen&lt;br /&gt;&lt;/strong&gt;Ist eine Welle durch Verschleiß beschädigt oder angelaufen? Dann können Sie eine Wellenreparaturhülse verwenden, damit Sie wieder eine glatte Oberfläche erhalten. Die Welle ist dann wieder betriebsbereit.&lt;/p&gt; &lt;p&gt;&lt;strong&gt;Kassettendichtung und Öldichtungen&lt;br /&gt;&lt;/strong&gt;In unserem Sortiment finden Sie Standard-Öldichtungen, um Schmutz aus dem System fernzuhalten. Zudem bieten wir auch Kassettendichtungen in unserem Onlineshop an. Diese eignen sich besonders für Einsatze unter extremen Bedingungen, wie zum Beispiel in stark verschmutzten Umgebungen.&lt;/p&gt; &lt;p&gt;&lt;strong&gt;Membran-Wellendichtringe&lt;br/&gt;&lt;/strong&gt; Suchen Sie eine Öldichtung ohne Stahl, sodass Sie ihn in einer Nut montieren können? Dann brauchen Sie wahrscheinlich einen Gewebe-Wellendichtring. In unserem Onlineshop finden Sie Membran-Wellendichtringe aus FKM (auch FKM-Gewebe) und NBR (auch NBR-Gewebe). Darüber hinaus haben wir diese Dichtringe auch als Split-Modell. Dieses Modell ermöglicht eine einfache Montage, falls das Standardmodell nicht verwendet werden kann.&lt;/p&gt; &lt;p&gt;&lt;strong&gt;Lippendichtungen&lt;br/&gt;&lt;/strong&gt; Sie verwenden eine Lippendichtung, wenn ein Wellendichtring in einer Situation nicht verwendet werden kann. Außerdem ist eine Lippendichtung beständig gegen chemische Korrosion. Sie hat eine geringere Reibung als ein Standard-Wellendichtring und hält hohe Durchflussgeschwindigkeiten und Temperaturen aus.&lt;/p&gt; &lt;p&gt;&lt;strong&gt;V-Ringe und Alphadichtungen&lt;br/&gt;&lt;/strong&gt; Ein V-Ring wird verwendet, um Schmutz und Wasser aus dem System zu halten. Eine Alphadichtung ist eine axiale Wellen- und Lagerdichtung mit einer Metallkappe, die auf der Welle montiert ist. Sowohl der V-Ring als auch die Alphadichtung drehen mit der Welle mit.&lt;/p&gt; &lt;p&gt;&lt;strong&gt;Verschlusskappe&lt;br/&gt;&lt;/strong&gt;Suchen Sie eine zuverlässige Dichtung, zum Beispiel für ein Getriebe? Verwenden Sie eines unserer Verschlusskappen.&lt;/p&gt;</description><description xml:lang="nl-BE">&lt;p&gt;Werk je met pompen, motoren, tandwielkasten en draaiende assen? Dan heb je ook goede asafdichtingen nodig. Op het punt waar de pompas uit het pomphuis komt, zit een asafdichting. Het zorgt ervoor dat lekkage tot een minimum beperkt wordt en het houdt vuil buiten.&lt;/p&gt; &lt;p&gt;&lt;strong&gt;Asreparatiebussen&lt;br /&gt; &lt;/strong&gt;Is een as beschadigd door slijtage of is het ingelopen? Dan kan je gebruik maken van een asreparatiebus, waarmee je weer een glad oppervlakte krijgt. De as is dan weer klaar voor gebruik.&lt;/p&gt; &lt;p&gt;&lt;strong&gt;Cassetteseal en oliekeerringen &lt;br /&gt; &lt;/strong&gt;In ons assortiment vind je de standaard oliekeerringen om vuil buiten het systeem te houden. Daarnaast vind je cassetteseals in onze webshop. Deze zijn uitermate geschikt om te gebruiken in zeer extreme omstandigheden. Denk bijvoorbeeld aan een zwaar vervuilde omgeving.&lt;/p&gt; &lt;p&gt;&lt;strong&gt;Weefseloliekeerringen&lt;br /&gt;&lt;/strong&gt;Ben je op zoek naar een oliekeerring zonder staal, zodat je hem kan monteren in een groef? Dan heb je waarschijnlijk een weefseloliekeerring nodig. In onze webshop vind je weefseloliekeerringen in FKM (ook in FKM-weefsel) en NBR (ook in NBR-weefsel). Bovendien hebben we deze keerringen ook in een splitmodel. Deze uitvoering zorgt voor een makkelijke montage wanneer het standaardmodel niet te gebruiken is.&lt;/p&gt; &lt;p&gt;&lt;strong&gt;Lipseals&lt;br /&gt;&lt;/strong&gt;Je gebruikt een lipseal wanneer een oliekeerring niet geschikt is voor de situatie. Bovendien is een lipseal goed bestand tegen chemische aantasting. Het heeft een lagere wrijving dan een standaard oliekeerring en kan hoge snelheden en temperaturen aan.&lt;/p&gt; &lt;p&gt;&lt;strong&gt;V-ringen en alphaseals&lt;br /&gt;&lt;/strong&gt;Een V-ring is een afdichting die gebruikt wordt om vuil en spatwater buiten te houden. Een alphaseal is een axiale as- en lagerafdichting met een metalen kap die op de as gemonteerd wordt. Zowel een V-ring als alphaseal draait met de as mee.&lt;/p&gt; &lt;p&gt;&lt;strong&gt;Eindkap&lt;br /&gt;&lt;/strong&gt;Ben je op zoek naar een betrouwbare eindafdichting voor bijvoorbeeld tandwielkasten? Gebruik dan een van onze eindkappen.&lt;/p&gt;</description><description xml:lang="nl-NL">&lt;p&gt;Werk je met pompen, motoren, tandwielkasten en draaiende assen? Dan heb je ook goede asafdichtingen nodig. Op het punt waar de pompas uit het pomphuis komt, zit een asafdichting. Het zorgt ervoor dat lekkage tot een minimum beperkt wordt en het houdt vuil buiten.&lt;/p&gt; &lt;p&gt;&lt;strong&gt;Asreparatiebussen&lt;br /&gt; &lt;/strong&gt;Is een as beschadigd door slijtage of is het ingelopen? Dan kan je gebruik maken van een asreparatiebus, waarmee je weer een glad oppervlakte krijgt. De as is dan weer klaar voor gebruik.&lt;/p&gt; &lt;p&gt;&lt;strong&gt;Cassetteseal en oliekeerringen &lt;br /&gt; &lt;/strong&gt;In ons assortiment vind je de standaard oliekeerringen om vuil buiten het systeem te houden. Daarnaast vind je cassetteseals in onze webshop. Deze zijn uitermate geschikt om te gebruiken in zeer extreme omstandigheden. Denk bijvoorbeeld aan een zwaar vervuilde omgeving.&lt;/p&gt; &lt;p&gt;&lt;strong&gt;Weefseloliekeerringen&lt;br /&gt;&lt;/strong&gt;Ben je op zoek naar een oliekeerring zonder staal, zodat je hem kan monteren in een groef? Dan heb je waarschijnlijk een weefseloliekeerring nodig. In onze webshop vind je weefseloliekeerringen in FKM (ook in FKM-weefsel) en NBR (ook in NBR-weefsel). Bovendien hebben we deze keerringen ook in een splitmodel. Deze uitvoering zorgt voor een makkelijke montage wanneer het standaardmodel niet te gebruiken is.&lt;/p&gt; &lt;p&gt;&lt;strong&gt;Lipseals&lt;br /&gt;&lt;/strong&gt;Je gebruikt een lipseal wanneer een oliekeerring niet geschikt is voor de situatie. Bovendien is een lipseal goed bestand tegen chemische aantasting. Het heeft een lagere wrijving dan een standaard oliekeerring en kan hoge snelheden en temperaturen aan.&lt;/p&gt; &lt;p&gt;&lt;strong&gt;V-ringen en alphaseals&lt;br /&gt;&lt;/strong&gt;Een V-ring is een afdichting die gebruikt wordt om vuil en spatwater buiten te houden. Een alphaseal is een axiale as- en lagerafdichting met een metalen kap die op de as gemonteerd wordt. Zowel een V-ring als alphaseal draait met de as mee.&lt;/p&gt; &lt;p&gt;&lt;strong&gt;Eindkap&lt;br /&gt;&lt;/strong&gt;Ben je op zoek naar een betrouwbare eindafdichting voor bijvoorbeeld tandwielkasten? Gebruik dan een van onze eindkappen.&lt;/p&gt;</description></category>
<category name="1463123323129"><name>1463123323129</name><root>0</root><online>1</online><parent name="1463123323128"/><custom-attributes><custom-attribute name="ShowInMenu" dt:dt="string" xml:lang="en-US">True</custom-attribute><custom-attribute name="CategoryPageIndex" dt:dt="int">100</custom-attribute><custom-attribute name="image-base-name" dt:dt="string">category-images/tri-clamp_dichtingen.png</custom-attribute></custom-attributes><display-name xml:lang="de-DE">Tri-Clamp-Dichtungen</display-name><display-name xml:lang="en-GB">Tri-Clamp Gaskets</display-name><display-name xml:lang="fr-FR">Joints pour raccords Tri-clamp</display-name><display-name xml:lang="nl-BE">Tri-clamp dichtingen</display-name><display-name xml:lang="nl-NL">Tri-clamp dichtingen</display-name></category>
<category name="1463123323130"><name>1463123323130</name><root>0</root><online>1</online><parent name="1463123323128"/><custom-attributes><custom-attribute name="ShowInMenu" dt:dt="string" xml:lang="en-US">True</custom-attribute><custom-attribute name="CategoryPageIndex" dt:dt="int">100</custom-attribute><custom-attribute name="image-base-name" dt:dt="string">category-images/melkkoppelingsdichtingen.png</custom-attribute></custom-attributes><display-name xml:lang="de-DE">Milchkupplungsdichtungen</display-name><display-name xml:lang="en-GB">Milk Coupling Seals</display-name><display-name xml:lang="fr-FR">Joints pour raccords laiterie</display-name><display-name xml:lang="nl-BE">Melkkoppelingsdichtingen</display-name><display-name xml:lang="nl-NL">Melkkoppelingsdichtingen</display-name></category>
<category name="1463123323128"><name>1463123323128</name><root>0</root><online>1</online><parent name="1463123323062"/><custom-attributes><custom-attribute name="ShowInMenu" dt:dt="string" xml:lang="en-US">True</custom-attribute><custom-attribute name="CategoryPageIndex" dt:dt="int">100</custom-attribute><custom-attribute name="image-base-name" dt:dt="string">category-images/afdichtingen_voor_sanitaire_koppelingen.png</custom-attribute></custom-attributes><display-name xml:lang="de-DE">Dichtungen für Lebensmittel und Pharmazie</display-name><display-name xml:lang="en-GB">Seals for Sanitary Fittings</display-name><display-name xml:lang="fr-FR">Étanchéités qualité alimentaire et pharmaceutique</display-name><display-name xml:lang="nl-BE">Afdichtingen voor sanitaire koppelingen</display-name><display-name xml:lang="nl-NL">Afdichtingen voor sanitaire koppelingen</display-name><description xml:lang="de-DE">Unsere Dichtungen für Lebensmittel und Pharmazie eignen sich hervorragend für die Lebensmittelindustrie und Pharmaproduktion. Mit diesen Dichtungen entstehen nahtlose Verbindungen zwischen zwei Rohren. Der Vorteil ist, dass Bakterien und Schmutz in den Rohren keine Chance haben.</description><description xml:lang="nl-BE">Onze afdichtingen voor sanitaire koppelingen zijn uitermate geschikt voor de voedingsmiddelenindustrie en farmaceutische productie. Deze koppelingen creëren naadloze verbindingen tussen twee leidingen. Het voordeel hiervan is dat bacteriën en vervuiling geen schijn van kans hebben in de leiding.</description><description xml:lang="nl-NL">Onze afdichtingen voor sanitaire koppelingen zijn uitermate geschikt voor de voedingsmiddelenindustrie en farmaceutische productie. Deze koppelingen creëren naadloze verbindingen tussen twee leidingen. Het voordeel hiervan is dat bacteriën en vervuiling geen schijn van kans hebben in de leiding.</description></category>
<category name="1463123323133"><name>1463123323133</name><root>0</root><online>1</online><parent name="1463123323132"/><custom-attributes><custom-attribute name="ShowInMenu" dt:dt="string" xml:lang="en-US">True</custom-attribute><custom-attribute name="CategoryPageIndex" dt:dt="int">100</custom-attribute><custom-attribute name="image-base-name" dt:dt="string">category-images/mechanische_dichtingen_stator.png</custom-attribute></custom-attributes><display-name xml:lang="de-DE">Gleitringdichtungen Stator</display-name><display-name xml:lang="en-GB">Stator</display-name><display-name xml:lang="fr-FR">Partie fixe</display-name><display-name xml:lang="nl-BE">Mechanische dichtingen Stator</display-name><display-name xml:lang="nl-NL">Mechanische dichtingen Stator</display-name></category>
<category name="1463123323134"><name>1463123323134</name><root>0</root><online>1</online><parent name="1463123323132"/><custom-attributes><custom-attribute name="ShowInMenu" dt:dt="string" xml:lang="en-US">True</custom-attribute><custom-attribute name="CategoryPageIndex" dt:dt="int">100</custom-attribute><custom-attribute name="image-base-name" dt:dt="string">category-images/mechanische_dichtingen_rotor.png</custom-attribute></custom-attributes><display-name xml:lang="de-DE">Gleitringdichtungen Rotor</display-name><display-name xml:lang="en-GB">Rotor</display-name><display-name xml:lang="fr-FR">Partie tournante</display-name><display-name xml:lang="nl-BE">Mechanische dichtingen Rotor</display-name><display-name xml:lang="nl-NL">Mechanische dichtingen Rotor</display-name></category>
<category name="1463123323135"><name>1463123323135</name><root>0</root><online>1</online><parent name="1463123323132"/><custom-attributes><custom-attribute name="ShowInMenu" dt:dt="string" xml:lang="en-US">True</custom-attribute><custom-attribute name="CategoryPageIndex" dt:dt="int">100</custom-attribute><custom-attribute name="image-base-name" dt:dt="string">category-images/volledige_mechanische_dichtingen.png</custom-attribute></custom-attributes><display-name xml:lang="de-DE">Vollständige Dichtung</display-name><display-name xml:lang="en-GB">Complete Seal</display-name><display-name xml:lang="fr-FR">Garniture complète</display-name><display-name xml:lang="nl-BE">Volledige mechanische dichtingen</display-name><display-name xml:lang="nl-NL">Volledige mechanische dichtingen</display-name></category>
<category name="1463123323132"><name>1463123323132</name><root>0</root><online>1</online><parent name="1463123323062"/><custom-attributes><custom-attribute name="ShowInMenu" dt:dt="string" xml:lang="en-US">True</custom-attribute><custom-attribute name="CategoryPageIndex" dt:dt="int">100</custom-attribute><custom-attribute name="image-base-name" dt:dt="string">category-images/mechanische_dichtingen.png</custom-attribute></custom-attributes><display-name xml:lang="de-DE">Gleitringdichtungen</display-name><display-name xml:lang="en-GB">Mechanical Seals</display-name><display-name xml:lang="fr-FR">Garnitures mecaniques</display-name><display-name xml:lang="nl-BE">Mechanische dichtingen</display-name><display-name xml:lang="nl-NL">Mechanische dichtingen</display-name><description xml:lang="de-DE">&lt;p&gt;Arbeiten Sie in einer Umgebung, in der absolut keine Leckage auftreten darf und eine Stopfbuchsenpackung nicht ausreichen würde? Dann benutzen Sie in diesem Fall eine Gleitringdichtung. Eine Gleitringdichtung wird auch als dynamische Dichtung bezeichnet. Sie wird häufig bei Herstellungsprozessen oder anderen Anwendungen eingesetzt, in denen mit Hochdruck gearbeitet wird.&lt;/p&gt;&lt;p&gt;In unserem Onlineshop finden Sie sowohl den Rotor als auch Stator, beide können einzeln gekauft werden. Es ist auch möglich, eine vollständige Dichtung zu bestellen.&lt;/p&gt;</description><description xml:lang="nl-BE">&lt;p&gt;Werk je in een omgeving waar absoluut geen lekkage mag optreden en een stopbuspakking niet volstaat? Dan gebruik je in dat geval een mechanical seal. Een mechanical seal wordt ook wel een dynamische dichting genoemd. Het wordt vaak gebruikt bij productie of andere toepassingen waarbij gewerkt wordt met hogedruk.&lt;/p&gt;&lt;p&gt;In onze webshop vind je zowel de rotor als stator en beiden kan je los kopen. Het is ook mogelijk om een volledige dichting te bestellen.&lt;/p&gt;</description><description xml:lang="nl-NL">&lt;p&gt;Werk je in een omgeving waar absoluut geen lekkage mag optreden en een stopbuspakking niet volstaat? Dan gebruik je in dat geval een mechanical seal. Een mechanical seal wordt ook wel een dynamische dichting genoemd. Het wordt vaak gebruikt bij productie of andere toepassingen waarbij gewerkt wordt met hogedruk.&lt;/p&gt;&lt;p&gt;In onze webshop vind je zowel de rotor als stator en beiden kan je los kopen. Het is ook mogelijk om een volledige dichting te bestellen.&lt;/p&gt;</description></category>
<category name="1463123323062"><name>1463123323062</name><root>1</root><online>1</online><custom-attributes><custom-attribute name="ShowInMenu" dt:dt="string" xml:lang="en-US">True</custom-attribute><custom-attribute name="CategoryPageIndex" dt:dt="int">20000</custom-attribute><custom-attribute name="image-base-name" dt:dt="string">category-images/afdichtingstechniek.png</custom-attribute></custom-attributes><display-name xml:lang="de-DE">Dichtungstechnik</display-name><display-name xml:lang="en-GB">Sealing Equipment</display-name><display-name xml:lang="fr-FR">Technologie d&apos;étanchéité</display-name><display-name xml:lang="nl-BE">Afdichtingstechniek</display-name><display-name xml:lang="nl-NL">Afdichtingstechniek</display-name><description xml:lang="de-DE">Ob Sie nun einen O-Ring, eine Packung oder einen Dichtring suchen, bei uns finden Sie alles für die Dichtungstechnik. Unsere Produktpalette ist einzigartig. So haben wir zum Beispiel Flanschdichtungen aus Fasern, Metall, PTFE, Graphit oder Gummi sowie hydraulische und pneumatische Dichtungen, Stopfbuchsenpackungen und Flachdichtungen.</description><description xml:lang="nl-BE">Of u nu op zoek bent naar een O-ring, een pakking of een keerring, bij ons vindt u allerlei soorten producten geschikt voor afdichtingstechniek. Ons assortiment is op z’n minst gezegd uniek. Zo hebben we bijvoorbeeld flensafdichtingen van vezel, metaal, PTFE, grafiet of rubber. Of hydraulische en pneumatische afdichtingen, stopbuspakkingen of vlakke afdichtingen.</description><description xml:lang="nl-NL">Of je nou een O-ring, een pakking of een keerring zoekt, bij ons vind je allerlei soorten producten geschikt voor afdichtingstechniek. Ons assortiment is op z’n zachtst gezegd uniek. Zo hebben we bijvoorbeeld flensafdichtingen van vezel, metaal, PTFE, grafiet of rubber. Of hydraulische en pneumatische afdichtingen, stopbuspakkingen of vlakke afdichtingen.</description></category>
</enfinity>