<?xml version="1.0" encoding="UTF-8"?>
<enfinity xsi:schemaLocation="http://www.intershop.com/xml/ns/enfinity/7.0/xcs/impex catalog.xsd http://www.intershop.com/xml/ns/enfinity/6.5/core/impex-dt dt.xsd" xmlns:xsi="http://www.w3.org/2001/XMLSchema-instance" xmlns="http://www.intershop.com/xml/ns/enfinity/7.0/xcs/impex" xmlns:xml="http://www.w3.org/XML/1998/namespace" xmlns:dt="http://www.intershop.com/xml/ns/enfinity/6.5/core/impex-dt" major="6" minor="1" family="enfinity" branch="enterprise" build="build">
<category name="1463123323003"><name>1463123323003</name><root>0</root><online>1</online><parent name="1463123323002"/><custom-attributes><custom-attribute name="ShowInMenu" dt:dt="string" xml:lang="en-US">True</custom-attribute><custom-attribute name="CategoryPageIndex" dt:dt="int">100</custom-attribute><custom-attribute name="image-base-name" dt:dt="string">category-images/lamel_koppelingen.png</custom-attribute></custom-attributes><display-name xml:lang="de-DE">Lamellenkupplungen</display-name><display-name xml:lang="en-GB">Multi-plate Couplings</display-name><display-name xml:lang="fr-FR">Raccords à lammelles</display-name><display-name xml:lang="nl-BE">Lamel koppelingen</display-name><display-name xml:lang="nl-NL">Lamel koppelingen</display-name></category>
<category name="1463123323004"><name>1463123323004</name><root>0</root><online>1</online><parent name="1463123323002"/><custom-attributes><custom-attribute name="ShowInMenu" dt:dt="string" xml:lang="en-US">True</custom-attribute><custom-attribute name="CategoryPageIndex" dt:dt="int">100</custom-attribute><custom-attribute name="image-base-name" dt:dt="string">category-images/elastische_koppelingen.png</custom-attribute></custom-attributes><display-name xml:lang="de-DE">Elastische Kupplungen</display-name><display-name xml:lang="en-GB">Flexible Couplings</display-name><display-name xml:lang="fr-FR">Accouplements élastiques</display-name><display-name xml:lang="nl-BE">Elastische koppelingen</display-name><display-name xml:lang="nl-NL">Elastische koppelingen</display-name></category>
<category name="1463123323005"><name>1463123323005</name><root>0</root><online>1</online><parent name="1463123323002"/><custom-attributes><custom-attribute name="ShowInMenu" dt:dt="string" xml:lang="en-US">True</custom-attribute><custom-attribute name="CategoryPageIndex" dt:dt="int">100</custom-attribute><custom-attribute name="image-base-name" dt:dt="string">category-images/vaste_koppelingen.png</custom-attribute></custom-attributes><display-name xml:lang="de-DE">Starre Kupplungen</display-name><display-name xml:lang="en-GB">Fixed Couplings</display-name><display-name xml:lang="fr-FR">Accouplements fixes</display-name><display-name xml:lang="nl-BE">Vaste koppelingen</display-name><display-name xml:lang="nl-NL">Vaste koppelingen</display-name></category>
<category name="1463123323006"><name>1463123323006</name><root>0</root><online>1</online><parent name="1463123323002"/><custom-attributes><custom-attribute name="ShowInMenu" dt:dt="string" xml:lang="en-US">True</custom-attribute><custom-attribute name="CategoryPageIndex" dt:dt="int">100</custom-attribute><custom-attribute name="image-base-name" dt:dt="string">category-images/kruiskoppelingen.png</custom-attribute></custom-attributes><display-name xml:lang="de-DE">Gelenkkupplungen</display-name><display-name xml:lang="en-GB">Universal Joints</display-name><display-name xml:lang="fr-FR">Cardans</display-name><display-name xml:lang="nl-BE">Kruiskoppelingen</display-name><display-name xml:lang="nl-NL">Kruiskoppelingen</display-name></category>
<category name="1463123323007"><name>1463123323007</name><root>0</root><online>1</online><parent name="1463123323002"/><custom-attributes><custom-attribute name="ShowInMenu" dt:dt="string" xml:lang="en-US">True</custom-attribute><custom-attribute name="CategoryPageIndex" dt:dt="int">100</custom-attribute><custom-attribute name="image-base-name" dt:dt="string">category-images/cilindrische_spanelementen.png</custom-attribute></custom-attributes><display-name xml:lang="de-DE">Zylindrische Spannelemente</display-name><display-name xml:lang="en-GB">Cylindrical Clamping Elements</display-name><display-name xml:lang="fr-FR">Manchons de serrage cylindriques</display-name><display-name xml:lang="nl-BE">Cilindrische spanelementen</display-name><display-name xml:lang="nl-NL">Cilindrische spanelementen</display-name></category>
<category name="1463123323008"><name>1463123323008</name><root>0</root><online>1</online><parent name="1463123323002"/><custom-attributes><custom-attribute name="ShowInMenu" dt:dt="string" xml:lang="en-US">True</custom-attribute><custom-attribute name="CategoryPageIndex" dt:dt="int">100</custom-attribute><custom-attribute name="image-base-name" dt:dt="string">category-images/band_koppelingen.png</custom-attribute></custom-attributes><display-name xml:lang="de-DE">Reifenkupplungen</display-name><display-name xml:lang="en-GB">Wheel Coupling Hubs</display-name><display-name xml:lang="fr-FR">Accouplements à bande</display-name><display-name xml:lang="nl-BE">Band koppelingen</display-name><display-name xml:lang="nl-NL">Band koppelingen</display-name></category>
<category name="1463123323009"><name>1463123323009</name><root>0</root><online>1</online><parent name="1463123323002"/><custom-attributes><custom-attribute name="ShowInMenu" dt:dt="string" xml:lang="en-US">True</custom-attribute><custom-attribute name="CategoryPageIndex" dt:dt="int">100</custom-attribute><custom-attribute name="image-base-name" dt:dt="string">category-images/tandkoppelingen.png</custom-attribute></custom-attributes><display-name xml:lang="de-DE">Zahnkupplungen</display-name><display-name xml:lang="en-GB">Tooth Couplings</display-name><display-name xml:lang="fr-FR">Accouplements à denture</display-name><display-name xml:lang="nl-BE">Tandkoppelingen</display-name><display-name xml:lang="nl-NL">Tandkoppelingen</display-name></category>
<category name="1463123323011"><name>1463123323011</name><root>0</root><online>1</online><parent name="1463123323002"/><custom-attributes><custom-attribute name="ShowInMenu" dt:dt="string" xml:lang="en-US">True</custom-attribute><custom-attribute name="CategoryPageIndex" dt:dt="int">100</custom-attribute><custom-attribute name="image-base-name" dt:dt="string">category-images/reserveonderdelen_voor_askoppelingen.png</custom-attribute></custom-attributes><display-name xml:lang="de-DE">Ersatzteile und Zubehör für Wellenkupplungen</display-name><display-name xml:lang="en-GB">Spares Parts and Accessories</display-name><display-name xml:lang="fr-FR">Pièces de rechange et accessoires</display-name><display-name xml:lang="nl-BE">Reserveonderdelen voor Askoppelingen</display-name><display-name xml:lang="nl-NL">Reserveonderdelen voor Askoppelingen</display-name></category>
<category name="1463123323002"><name>1463123323002</name><root>0</root><online>1</online><parent name="1463123323001"/><custom-attributes><custom-attribute name="ShowInMenu" dt:dt="string" xml:lang="en-US">True</custom-attribute><custom-attribute name="CategoryPageIndex" dt:dt="int">100</custom-attribute><custom-attribute name="image-base-name" dt:dt="string">category-images/askoppelingen.png</custom-attribute></custom-attributes><display-name xml:lang="de-DE">Wellenkupplungen</display-name><display-name xml:lang="en-GB">Shaft Couplings</display-name><display-name xml:lang="fr-FR">Accouplements</display-name><display-name xml:lang="nl-BE">Askoppelingen</display-name><display-name xml:lang="nl-NL">Askoppelingen</display-name></category>
<category name="1463123323013"><name>1463123323013</name><root>0</root><online>1</online><parent name="1463123323012"/><custom-attributes><custom-attribute name="ShowInMenu" dt:dt="string" xml:lang="en-US">True</custom-attribute><custom-attribute name="CategoryPageIndex" dt:dt="int">100</custom-attribute><custom-attribute name="image-base-name" dt:dt="string">category-images/flyerkettingen.png</custom-attribute></custom-attributes><display-name xml:lang="de-DE">Fleyerketten</display-name><display-name xml:lang="en-GB">Flyer Chains</display-name><display-name xml:lang="fr-FR">Chaînes fleyer</display-name><display-name xml:lang="nl-BE">Flyerkettingen</display-name><display-name xml:lang="nl-NL">Flyerkettingen</display-name></category>
<category name="1463123323014"><name>1463123323014</name><root>0</root><online>1</online><parent name="1463123323012"/><custom-attributes><custom-attribute name="ShowInMenu" dt:dt="string" xml:lang="en-US">True</custom-attribute><custom-attribute name="CategoryPageIndex" dt:dt="int">100</custom-attribute><custom-attribute name="image-base-name" dt:dt="string">category-images/kettingbrekers_en_kettingtrekkers.png</custom-attribute></custom-attributes><display-name xml:lang="de-DE">Kettenbrecher</display-name><display-name xml:lang="en-GB">Chain Clamps and Chain Link Joiners</display-name><display-name xml:lang="fr-FR">Dérives chaîne</display-name><display-name xml:lang="nl-BE">Kettingbrekers en kettingtrekkers</display-name><display-name xml:lang="nl-NL">Kettingbrekers en kettingtrekkers</display-name></category>
<category name="1463123323015"><name>1463123323015</name><root>0</root><online>1</online><parent name="1463123323012"/><custom-attributes><custom-attribute name="ShowInMenu" dt:dt="string" xml:lang="en-US">True</custom-attribute><custom-attribute name="CategoryPageIndex" dt:dt="int">100</custom-attribute><custom-attribute name="image-base-name" dt:dt="string">category-images/kettingspanners_en_bevestigingen.png</custom-attribute></custom-attributes><display-name xml:lang="de-DE">Kettenspanner und Befestigungen</display-name><display-name xml:lang="en-GB">Chain Tensioners and Fasteners</display-name><display-name xml:lang="fr-FR">Tendeurs chaînes et fixations</display-name><display-name xml:lang="nl-BE">Kettingspanners en bevestigingen</display-name><display-name xml:lang="nl-NL">Kettingspanners en bevestigingen</display-name></category>
<category name="1463123323016"><name>1463123323016</name><root>0</root><online>1</online><parent name="1463123323012"/><custom-attributes><custom-attribute name="ShowInMenu" dt:dt="string" xml:lang="en-US">True</custom-attribute><custom-attribute name="CategoryPageIndex" dt:dt="int">100</custom-attribute><custom-attribute name="image-base-name" dt:dt="string">category-images/rollenketting.png</custom-attribute></custom-attributes><display-name xml:lang="de-DE">Rollenkette</display-name><display-name xml:lang="en-GB">Roller Chain</display-name><display-name xml:lang="fr-FR">Chaînes à rouleau</display-name><display-name xml:lang="nl-BE">Rollenketting</display-name><display-name xml:lang="nl-NL">Rollenketting</display-name></category>
<category name="1463123323017"><name>1463123323017</name><root>0</root><online>1</online><parent name="1463123323012"/><custom-attributes><custom-attribute name="ShowInMenu" dt:dt="string" xml:lang="en-US">True</custom-attribute><custom-attribute name="CategoryPageIndex" dt:dt="int">100</custom-attribute><custom-attribute name="image-base-name" dt:dt="string">category-images/ketting_geleidingsprofielen.png</custom-attribute></custom-attributes><display-name xml:lang="de-DE">Kettengleitprofil</display-name><display-name xml:lang="en-GB">Chain Guide Profiles</display-name><display-name xml:lang="fr-FR">Profils de guidage chaînes</display-name><display-name xml:lang="nl-BE">Ketting geleidingsprofielen</display-name><display-name xml:lang="nl-NL">Ketting geleidingsprofielen</display-name></category>
<category name="1463123323012"><name>1463123323012</name><root>0</root><online>1</online><parent name="1463123323001"/><custom-attributes><custom-attribute name="ShowInMenu" dt:dt="string" xml:lang="en-US">True</custom-attribute><custom-attribute name="CategoryPageIndex" dt:dt="int">100</custom-attribute><custom-attribute name="image-base-name" dt:dt="string">category-images/kettingen.png</custom-attribute></custom-attributes><display-name xml:lang="de-DE">Ketten</display-name><display-name xml:lang="en-GB">Chains</display-name><display-name xml:lang="fr-FR">Chaînes</display-name><display-name xml:lang="nl-BE">Kettingen</display-name><display-name xml:lang="nl-NL">Kettingen</display-name></category>
<category name="1463123323022"><name>1463123323022</name><root>0</root><online>1</online><parent name="1463123323021"/><custom-attributes><custom-attribute name="ShowInMenu" dt:dt="string" xml:lang="en-US">True</custom-attribute><custom-attribute name="CategoryPageIndex" dt:dt="int">100</custom-attribute><custom-attribute name="image-base-name" dt:dt="string">category-images/krachtbanden.png</custom-attribute></custom-attributes><display-name xml:lang="de-DE">Kraftbänder</display-name><display-name xml:lang="en-GB">Heavy Duty Belts</display-name><display-name xml:lang="fr-FR">Courroies jumelées</display-name><display-name xml:lang="nl-BE">Krachtbanden</display-name><display-name xml:lang="nl-NL">Krachtbanden</display-name></category>
<category name="1463123323023"><name>1463123323023</name><root>0</root><online>1</online><parent name="1463123323021"/><custom-attributes><custom-attribute name="ShowInMenu" dt:dt="string" xml:lang="en-US">True</custom-attribute><custom-attribute name="CategoryPageIndex" dt:dt="int">100</custom-attribute><custom-attribute name="image-base-name" dt:dt="string">category-images/ribbenbanden.png</custom-attribute></custom-attributes><display-name xml:lang="de-DE">Rippenbänder</display-name><display-name xml:lang="en-GB">Ribbed Belts</display-name><display-name xml:lang="fr-FR">Courroies striées</display-name><display-name xml:lang="nl-BE">Ribbenbanden</display-name><display-name xml:lang="nl-NL">Ribbenbanden</display-name></category>
<category name="1463123323024"><name>1463123323024</name><root>0</root><online>1</online><parent name="1463123323021"/><custom-attributes><custom-attribute name="ShowInMenu" dt:dt="string" xml:lang="en-US">True</custom-attribute><custom-attribute name="CategoryPageIndex" dt:dt="int">100</custom-attribute><custom-attribute name="image-base-name" dt:dt="string">category-images/reserveonderdelen_voor_v-riemen.png</custom-attribute></custom-attributes><display-name xml:lang="de-DE">Ersatzteile und Zubehör für Keilriemen</display-name><display-name xml:lang="en-GB">Spares Parts and Accessories</display-name><display-name xml:lang="fr-FR">Pièces de rechange et accessoires</display-name><display-name xml:lang="nl-BE">Reserveonderdelen voor V-riemen</display-name><display-name xml:lang="nl-NL">Reserveonderdelen voor V-riemen</display-name></category>
<category name="1463123323025"><name>1463123323025</name><root>0</root><online>1</online><parent name="1463123323021"/><custom-attributes><custom-attribute name="ShowInMenu" dt:dt="string" xml:lang="en-US">True</custom-attribute><custom-attribute name="CategoryPageIndex" dt:dt="int">100</custom-attribute><custom-attribute name="image-base-name" dt:dt="string">category-images/variatorriemen.png</custom-attribute></custom-attributes><display-name xml:lang="de-DE">Variatoriemen</display-name><display-name xml:lang="en-GB">Variable Speed Belts</display-name><display-name xml:lang="fr-FR">Courroies variateurs</display-name><display-name xml:lang="nl-BE">Variatorriemen</display-name><display-name xml:lang="nl-NL">Variatorriemen</display-name></category>
<category name="1463123323026"><name>1463123323026</name><root>0</root><online>1</online><parent name="1463123323021"/><custom-attributes><custom-attribute name="ShowInMenu" dt:dt="string" xml:lang="en-US">True</custom-attribute><custom-attribute name="CategoryPageIndex" dt:dt="int">100</custom-attribute><custom-attribute name="image-base-name" dt:dt="string">category-images/v-riemen.png</custom-attribute></custom-attributes><display-name xml:lang="de-DE">Keilriemen</display-name><display-name xml:lang="en-GB">V-belts</display-name><display-name xml:lang="fr-FR">Courroies trapézoïdales</display-name><display-name xml:lang="nl-BE">V-riemen</display-name><display-name xml:lang="nl-NL">V-riemen</display-name></category>
<category name="1463123323027"><name>1463123323027</name><root>0</root><online>1</online><parent name="1463123323021"/><custom-attributes><custom-attribute name="ShowInMenu" dt:dt="string" xml:lang="en-US">True</custom-attribute><custom-attribute name="CategoryPageIndex" dt:dt="int">100</custom-attribute><custom-attribute name="image-base-name" dt:dt="string">category-images/polyurethaan_v-riemen.png</custom-attribute></custom-attributes><display-name xml:lang="de-DE">Keilriemen aus Polyurethan</display-name><display-name xml:lang="en-GB">Polyurethane V-belts</display-name><display-name xml:lang="fr-FR">Courroies trapézoïdales polyuréthanes</display-name><display-name xml:lang="nl-BE">Polyurethaan V-riemen</display-name><display-name xml:lang="nl-NL">Polyurethaan V-riemen</display-name></category>
<category name="1463123323029"><name>1463123323029</name><root>0</root><online>1</online><parent name="1463123323021"/><custom-attributes><custom-attribute name="ShowInMenu" dt:dt="string" xml:lang="en-US">True</custom-attribute><custom-attribute name="CategoryPageIndex" dt:dt="int">100</custom-attribute><custom-attribute name="image-base-name" dt:dt="string">category-images/schakelriemen.png</custom-attribute></custom-attributes><display-name xml:lang="de-DE">Gliederkeilriemen</display-name><display-name xml:lang="en-GB">Link Belts</display-name><display-name xml:lang="fr-FR">Courroies à maillons</display-name><display-name xml:lang="nl-BE">Schakelriemen</display-name><display-name xml:lang="nl-NL">Schakelriemen</display-name></category>
<category name="1463123323030"><name>1463123323030</name><root>0</root><online>1</online><parent name="1463123323021"/><custom-attributes><custom-attribute name="ShowInMenu" dt:dt="string" xml:lang="en-US">True</custom-attribute><custom-attribute name="CategoryPageIndex" dt:dt="int">100</custom-attribute><custom-attribute name="image-base-name" dt:dt="string">category-images/not_available.png</custom-attribute></custom-attributes><display-name xml:lang="de-DE">Riemenspanner und Befestigungen</display-name><display-name xml:lang="en-GB">Belt Tensioners and Fasteners</display-name><display-name xml:lang="fr-FR">Tendeurs couroies et fixations</display-name><display-name xml:lang="nl-BE">Riemspanners en bevestigingen</display-name><display-name xml:lang="nl-NL">Riemspanners en bevestigingen</display-name></category>
<category name="1463123323021"><name>1463123323021</name><root>0</root><online>1</online><parent name="1463123323001"/><custom-attributes><custom-attribute name="ShowInMenu" dt:dt="string" xml:lang="en-US">True</custom-attribute><custom-attribute name="CategoryPageIndex" dt:dt="int">100</custom-attribute><custom-attribute name="image-base-name" dt:dt="string">category-images/v-riemen.png</custom-attribute></custom-attributes><display-name xml:lang="de-DE">Keilriemen</display-name><display-name xml:lang="en-GB">V-belts</display-name><display-name xml:lang="fr-FR">Courroies</display-name><display-name xml:lang="nl-BE">V-riemen</display-name><display-name xml:lang="nl-NL">V-riemen</display-name></category>
<category name="1463123323033"><name>1463123323033</name><root>0</root><online>1</online><parent name="1463123323032"/><custom-attributes><custom-attribute name="ShowInMenu" dt:dt="string" xml:lang="en-US">True</custom-attribute><custom-attribute name="CategoryPageIndex" dt:dt="int">100</custom-attribute><custom-attribute name="image-base-name" dt:dt="string">category-images/plaatwielen.png</custom-attribute></custom-attributes><display-name xml:lang="de-DE">Kettenradscheiben</display-name><display-name xml:lang="en-GB">Plate Sprockets</display-name><display-name xml:lang="fr-FR">Couronnes</display-name><display-name xml:lang="nl-BE">Plaatwielen</display-name><display-name xml:lang="nl-NL">Plaatwielen</display-name></category>
<category name="1463123323034"><name>1463123323034</name><root>0</root><online>1</online><parent name="1463123323032"/><custom-attributes><custom-attribute name="ShowInMenu" dt:dt="string" xml:lang="en-US">True</custom-attribute><custom-attribute name="CategoryPageIndex" dt:dt="int">100</custom-attribute><custom-attribute name="image-base-name" dt:dt="string">category-images/kettingwielen_voor_taperlock.png</custom-attribute></custom-attributes><display-name xml:lang="de-DE">Kettenräder für Taperlock</display-name><display-name xml:lang="en-GB">Sprockets for Taper Lock</display-name><display-name xml:lang="fr-FR">Pignons pour Taperlock</display-name><display-name xml:lang="nl-BE">Kettingwielen voor Taperlock</display-name><display-name xml:lang="nl-NL">Kettingwielen voor Taperlock</display-name></category>
<category name="1463123323035"><name>1463123323035</name><root>0</root><online>1</online><parent name="1463123323032"/><custom-attributes><custom-attribute name="ShowInMenu" dt:dt="string" xml:lang="en-US">True</custom-attribute><custom-attribute name="CategoryPageIndex" dt:dt="int">100</custom-attribute><custom-attribute name="image-base-name" dt:dt="string">category-images/kettingwielen_voorgeboord.png</custom-attribute></custom-attributes><display-name xml:lang="de-DE">Kettenräder (vorgebohrt)</display-name><display-name xml:lang="en-GB">Sprockets Pre-drilled</display-name><display-name xml:lang="fr-FR">Pignons préalésés</display-name><display-name xml:lang="nl-BE">Kettingwielen voorgeboord</display-name><display-name xml:lang="nl-NL">Kettingwielen voorgeboord</display-name></category>
<category name="1463123323037"><name>1463123323037</name><root>0</root><online>1</online><parent name="1463123323032"/><custom-attributes><custom-attribute name="ShowInMenu" dt:dt="string" xml:lang="en-US">True</custom-attribute><custom-attribute name="CategoryPageIndex" dt:dt="int">100</custom-attribute><custom-attribute name="image-base-name" dt:dt="string">category-images/kettingwielen_met_pasboring.png</custom-attribute></custom-attributes><display-name xml:lang="de-DE">Kettenräder mit Fertigbohrung</display-name><display-name xml:lang="en-GB">Sprockets with Locating Hole</display-name><display-name xml:lang="fr-FR">Pignons avec alésage fini</display-name><display-name xml:lang="nl-BE">Kettingwielen met pasboring</display-name><display-name xml:lang="nl-NL">Kettingwielen met pasboring</display-name></category>
<category name="1463123323032"><name>1463123323032</name><root>0</root><online>1</online><parent name="1463123323001"/><custom-attributes><custom-attribute name="ShowInMenu" dt:dt="string" xml:lang="en-US">True</custom-attribute><custom-attribute name="CategoryPageIndex" dt:dt="int">100</custom-attribute><custom-attribute name="image-base-name" dt:dt="string">category-images/kettingwielen.png</custom-attribute></custom-attributes><display-name xml:lang="de-DE">Kettenräder</display-name><display-name xml:lang="en-GB">Sprockets</display-name><display-name xml:lang="fr-FR">Pignons</display-name><display-name xml:lang="nl-BE">Kettingwielen</display-name><display-name xml:lang="nl-NL">Kettingwielen</display-name></category>
<category name="1463123323039"><name>1463123323039</name><root>0</root><online>1</online><parent name="1463123323038"/><custom-attributes><custom-attribute name="ShowInMenu" dt:dt="string" xml:lang="en-US">True</custom-attribute><custom-attribute name="CategoryPageIndex" dt:dt="int">100</custom-attribute><custom-attribute name="image-base-name" dt:dt="string">category-images/taperbush_v-riemschijven.png</custom-attribute></custom-attributes><display-name xml:lang="de-DE">Keilriemenscheibe mit Taper-Spannbuchse</display-name><display-name xml:lang="en-GB">Taper Bush V-belt Pulleys</display-name><display-name xml:lang="fr-FR">Poulies TB (Taperbush)</display-name><display-name xml:lang="nl-BE">Taperbush V-riemschijven</display-name><display-name xml:lang="nl-NL">Taperbush V-riemschijven</display-name></category>
<category name="1463123323040"><name>1463123323040</name><root>0</root><online>1</online><parent name="1463123323038"/><custom-attributes><custom-attribute name="ShowInMenu" dt:dt="string" xml:lang="en-US">True</custom-attribute><custom-attribute name="CategoryPageIndex" dt:dt="int">100</custom-attribute><custom-attribute name="image-base-name" dt:dt="string">category-images/v-riemschijven_voorgeboord.png</custom-attribute></custom-attributes><display-name xml:lang="de-DE">Keilriemenscheiben (vorgebohrt)</display-name><display-name xml:lang="en-GB">V-belt Pulleys Pre-drilled</display-name><display-name xml:lang="fr-FR">Poulies préalésées</display-name><display-name xml:lang="nl-BE">V-riemschijven voorgeboord</display-name><display-name xml:lang="nl-NL">V-riemschijven voorgeboord</display-name></category>
<category name="1463123323038"><name>1463123323038</name><root>0</root><online>1</online><parent name="1463123323001"/><custom-attributes><custom-attribute name="ShowInMenu" dt:dt="string" xml:lang="en-US">True</custom-attribute><custom-attribute name="CategoryPageIndex" dt:dt="int">100</custom-attribute><custom-attribute name="image-base-name" dt:dt="string">category-images/v-riemschijven.png</custom-attribute></custom-attributes><display-name xml:lang="de-DE">Keilriemenscheiben</display-name><display-name xml:lang="en-GB">V-belt Pulleys</display-name><display-name xml:lang="fr-FR">Poulies</display-name><display-name xml:lang="nl-BE">V-riemschijven</display-name><display-name xml:lang="nl-NL">V-riemschijven</display-name></category>
<category name="1463123323042"><name>1463123323042</name><root>0</root><online>1</online><parent name="1463123323041"/><custom-attributes><custom-attribute name="ShowInMenu" dt:dt="string" xml:lang="en-US">True</custom-attribute><custom-attribute name="CategoryPageIndex" dt:dt="int">100</custom-attribute><custom-attribute name="image-base-name" dt:dt="string">category-images/tandriemschijven_voorgeboord.png</custom-attribute></custom-attributes><display-name xml:lang="de-DE">Zahnriemenscheiben (vorgebohrt)</display-name><display-name xml:lang="en-GB">Timing Belt Pulleys Pre-drilled</display-name><display-name xml:lang="fr-FR">Poulies crantées préalésées</display-name><display-name xml:lang="nl-BE">Tandriemschijven voorgeboord</display-name><display-name xml:lang="nl-NL">Tandriemschijven voorgeboord</display-name></category>
<category name="1463123323043"><name>1463123323043</name><root>0</root><online>1</online><parent name="1463123323041"/><custom-attributes><custom-attribute name="ShowInMenu" dt:dt="string" xml:lang="en-US">True</custom-attribute><custom-attribute name="CategoryPageIndex" dt:dt="int">100</custom-attribute><custom-attribute name="image-base-name" dt:dt="string">category-images/taperbush_tandriemschijven.png</custom-attribute></custom-attributes><display-name xml:lang="de-DE">Zahnriemenscheiben mit Taper-Spannbuchse</display-name><display-name xml:lang="en-GB">Timing Belt Pulleys Taper Bush</display-name><display-name xml:lang="fr-FR">Poulies crantées TB (Taperbush)</display-name><display-name xml:lang="nl-BE">Taperbush tandriemschijven</display-name><display-name xml:lang="nl-NL">Taperbush tandriemschijven</display-name></category>
<category name="1463123323044"><name>1463123323044</name><root>0</root><online>1</online><parent name="1463123323041"/><custom-attributes><custom-attribute name="ShowInMenu" dt:dt="string" xml:lang="en-US">True</custom-attribute><custom-attribute name="CategoryPageIndex" dt:dt="int">100</custom-attribute><custom-attribute name="image-base-name" dt:dt="string">category-images/klemplaten.png</custom-attribute></custom-attributes><display-name xml:lang="de-DE">Klemmplatten</display-name><display-name xml:lang="en-GB">Clamping Plates</display-name><display-name xml:lang="fr-FR">Plaques de serrange</display-name><display-name xml:lang="nl-BE">Klemplaten</display-name><display-name xml:lang="nl-NL">Klemplaten</display-name></category>
<category name="1463123323045"><name>1463123323045</name><root>0</root><online>1</online><parent name="1463123323041"/><custom-attributes><custom-attribute name="ShowInMenu" dt:dt="string" xml:lang="en-US">True</custom-attribute><custom-attribute name="CategoryPageIndex" dt:dt="int">100</custom-attribute><custom-attribute name="image-base-name" dt:dt="string">category-images/tandriemschijven_polychain.png</custom-attribute></custom-attributes><display-name xml:lang="de-DE">PolyChain-Zahnriemenscheiben</display-name><display-name xml:lang="en-GB">Timing Belt Pulley PolyChain</display-name><display-name xml:lang="fr-FR">Poulies crantées PolyChain</display-name><display-name xml:lang="nl-BE">Tandriemschijven PolyChain</display-name><display-name xml:lang="nl-NL">Tandriemschijven PolyChain</display-name></category>
<category name="1463123323041"><name>1463123323041</name><root>0</root><online>1</online><parent name="1463123323001"/><custom-attributes><custom-attribute name="ShowInMenu" dt:dt="string" xml:lang="en-US">True</custom-attribute><custom-attribute name="CategoryPageIndex" dt:dt="int">100</custom-attribute><custom-attribute name="image-base-name" dt:dt="string">category-images/tandriemschijven.png</custom-attribute></custom-attributes><display-name xml:lang="de-DE">Zahnriemenscheiben</display-name><display-name xml:lang="en-GB">Timing Belt Pulleys</display-name><display-name xml:lang="fr-FR">Poulies crantées</display-name><display-name xml:lang="nl-BE">Tandriemschijven</display-name><display-name xml:lang="nl-NL">Tandriemschijven</display-name></category>
<category name="1463123323047"><name>1463123323047</name><root>0</root><online>1</online><parent name="1463123323046"/><custom-attributes><custom-attribute name="ShowInMenu" dt:dt="string" xml:lang="en-US">True</custom-attribute><custom-attribute name="CategoryPageIndex" dt:dt="int">100</custom-attribute><custom-attribute name="image-base-name" dt:dt="string">category-images/polychain_riemen.png</custom-attribute></custom-attributes><display-name xml:lang="de-DE">PolyChain-Riemen</display-name><display-name xml:lang="en-GB">PolyChain Belts</display-name><display-name xml:lang="fr-FR">Courroies PolyChain</display-name><display-name xml:lang="nl-BE">PolyChain riemen</display-name><display-name xml:lang="nl-NL">PolyChain riemen</display-name></category>
<category name="1463123323048"><name>1463123323048</name><root>0</root><online>1</online><parent name="1463123323046"/><custom-attributes><custom-attribute name="ShowInMenu" dt:dt="string" xml:lang="en-US">True</custom-attribute><custom-attribute name="CategoryPageIndex" dt:dt="int">100</custom-attribute><custom-attribute name="image-base-name" dt:dt="string">category-images/tandriemen_in_chloropreen.png</custom-attribute></custom-attributes><display-name xml:lang="de-DE">Zahnriemen aus Chloropren</display-name><display-name xml:lang="en-GB">Timing Belts (Chloroprene Rubber)</display-name><display-name xml:lang="fr-FR">Courroies dentées Chloroprène</display-name><display-name xml:lang="nl-BE">Tandriemen in Chloropreen</display-name><display-name xml:lang="nl-NL">Tandriemen in Chloropreen</display-name></category>
<category name="1463123323049"><name>1463123323049</name><root>0</root><online>1</online><parent name="1463123323046"/><custom-attributes><custom-attribute name="ShowInMenu" dt:dt="string" xml:lang="en-US">True</custom-attribute><custom-attribute name="CategoryPageIndex" dt:dt="int">100</custom-attribute><custom-attribute name="image-base-name" dt:dt="string">category-images/tandriemen_in_polyurethaan.png</custom-attribute></custom-attributes><display-name xml:lang="de-DE">Zahnriemen aus Polyurethan</display-name><display-name xml:lang="en-GB">Timing Belts (Polyurethane)</display-name><display-name xml:lang="fr-FR">Courroies dentées en Polyuréthane</display-name><display-name xml:lang="nl-BE">Tandriemen in Polyurethaan</display-name><display-name xml:lang="nl-NL">Tandriemen in Polyurethaan</display-name></category>
<category name="1463123323046"><name>1463123323046</name><root>0</root><online>1</online><parent name="1463123323001"/><custom-attributes><custom-attribute name="ShowInMenu" dt:dt="string" xml:lang="en-US">True</custom-attribute><custom-attribute name="CategoryPageIndex" dt:dt="int">100</custom-attribute><custom-attribute name="image-base-name" dt:dt="string">category-images/tandriemen.png</custom-attribute></custom-attributes><display-name xml:lang="de-DE">Zahnriemen</display-name><display-name xml:lang="en-GB">Timing Belts</display-name><display-name xml:lang="fr-FR">Courroies dentées</display-name><display-name xml:lang="nl-BE">Tandriemen</display-name><display-name xml:lang="nl-NL">Tandriemen</display-name></category>
<category name="1463123323051"><name>1463123323051</name><root>0</root><online>1</online><parent name="1463123323050"/><custom-attributes><custom-attribute name="ShowInMenu" dt:dt="string" xml:lang="en-US">True</custom-attribute><custom-attribute name="CategoryPageIndex" dt:dt="int">100</custom-attribute><custom-attribute name="image-base-name" dt:dt="string">category-images/conische_klembussen_taper_bush.png</custom-attribute></custom-attributes><display-name xml:lang="de-DE">Konische Spannbuchsen (Taper-Buchse)</display-name><display-name xml:lang="en-GB">Conical Clamping Bushes (Taper Bush)</display-name><display-name xml:lang="fr-FR">Manchons de serrage coniques (Taper Bush)</display-name><display-name xml:lang="nl-BE">Conische klembussen (Taper Bush)</display-name><display-name xml:lang="nl-NL">Conische klembussen (Taper Bush)</display-name></category>
<category name="1463123323052"><name>1463123323052</name><root>0</root><online>1</online><parent name="1463123323050"/><custom-attributes><custom-attribute name="ShowInMenu" dt:dt="string" xml:lang="en-US">True</custom-attribute><custom-attribute name="CategoryPageIndex" dt:dt="int">100</custom-attribute><custom-attribute name="image-base-name" dt:dt="string">category-images/cilindrische_klembussen.png</custom-attribute></custom-attributes><display-name xml:lang="de-DE">Zylindrische Spannbuchsen</display-name><display-name xml:lang="en-GB">Cylindrical Clamping Bushes</display-name><display-name xml:lang="fr-FR">Manchons de serrage cylindriques</display-name><display-name xml:lang="nl-BE">Cilindrische klembussen</display-name><display-name xml:lang="nl-NL">Cilindrische klembussen</display-name></category>
<category name="1463123323050"><name>1463123323050</name><root>0</root><online>1</online><parent name="1463123323001"/><custom-attributes><custom-attribute name="ShowInMenu" dt:dt="string" xml:lang="en-US">True</custom-attribute><custom-attribute name="CategoryPageIndex" dt:dt="int">100</custom-attribute><custom-attribute name="image-base-name" dt:dt="string">category-images/klembussen.png</custom-attribute></custom-attributes><display-name xml:lang="de-DE">Spannbuchsen</display-name><display-name xml:lang="en-GB">Clamping Bushes</display-name><display-name xml:lang="fr-FR">Manchons de serrage</display-name><display-name xml:lang="nl-BE">Klembussen</display-name><display-name xml:lang="nl-NL">Klembussen</display-name></category>
<category name="1463123323055"><name>1463123323055</name><root>0</root><online>1</online><parent name="1463123323054"/><custom-attributes><custom-attribute name="ShowInMenu" dt:dt="string" xml:lang="en-US">True</custom-attribute><custom-attribute name="CategoryPageIndex" dt:dt="int">100</custom-attribute><custom-attribute name="image-base-name" dt:dt="string">category-images/rondriemen.png</custom-attribute></custom-attributes><display-name xml:lang="de-DE">Rundriemen</display-name><display-name xml:lang="en-GB">Round Belts</display-name><display-name xml:lang="fr-FR">Courroies rondes</display-name><display-name xml:lang="nl-BE">Rondriemen</display-name><display-name xml:lang="nl-NL">Rondriemen</display-name></category>
<category name="1463123323056"><name>1463123323056</name><root>0</root><online>1</online><parent name="1463123323054"/><custom-attributes><custom-attribute name="ShowInMenu" dt:dt="string" xml:lang="en-US">True</custom-attribute><custom-attribute name="CategoryPageIndex" dt:dt="int">100</custom-attribute><custom-attribute name="image-base-name" dt:dt="string">category-images/v-riemen.png</custom-attribute></custom-attributes><display-name xml:lang="de-DE">Keilriemen</display-name><display-name xml:lang="en-GB">V-belts</display-name><display-name xml:lang="fr-FR">Courroies trapézoïdales</display-name><display-name xml:lang="nl-BE">V-riemen</display-name><display-name xml:lang="nl-NL">V-riemen</display-name></category>
<category name="1463123323057"><name>1463123323057</name><root>0</root><online>1</online><parent name="1463123323054"/><custom-attributes><custom-attribute name="ShowInMenu" dt:dt="string" xml:lang="en-US">True</custom-attribute><custom-attribute name="CategoryPageIndex" dt:dt="int">100</custom-attribute><custom-attribute name="image-base-name" dt:dt="string">category-images/gereedschap_en_toebehoren.png</custom-attribute></custom-attributes><display-name xml:lang="de-DE">Werkzeug und Zubehör</display-name><display-name xml:lang="en-GB">Tools and Accessories</display-name><display-name xml:lang="fr-FR">Outillage et accessoires</display-name><display-name xml:lang="nl-BE">Gereedschap en toebehoren</display-name><display-name xml:lang="nl-NL">Gereedschap en toebehoren</display-name></category>
<category name="1463123323054"><name>1463123323054</name><root>0</root><online>1</online><parent name="1463123323001"/><custom-attributes><custom-attribute name="ShowInMenu" dt:dt="string" xml:lang="en-US">True</custom-attribute><custom-attribute name="CategoryPageIndex" dt:dt="int">100</custom-attribute><custom-attribute name="image-base-name" dt:dt="string">category-images/lasbare_riemen.png</custom-attribute></custom-attributes><display-name xml:lang="de-DE">Schweißbare Riemen</display-name><display-name xml:lang="en-GB">Weldable Belts</display-name><display-name xml:lang="fr-FR">Courroies thermosoudables</display-name><display-name xml:lang="nl-BE">Lasbare riemen</display-name><display-name xml:lang="nl-NL">Lasbare riemen</display-name></category>
<category name="1463123323058"><name>1463123323058</name><root>0</root><online>1</online><parent name="1463123323001"/><custom-attributes><custom-attribute name="ShowInMenu" dt:dt="string" xml:lang="en-US">True</custom-attribute><custom-attribute name="CategoryPageIndex" dt:dt="int">100</custom-attribute><custom-attribute name="image-base-name" dt:dt="string">category-images/transportbanden.png</custom-attribute></custom-attributes><display-name xml:lang="de-DE">Förderbänder</display-name><display-name xml:lang="en-GB">Conveyor Belts</display-name><display-name xml:lang="fr-FR">Bandes transporteuses</display-name><display-name xml:lang="nl-BE">Transportbanden</display-name><display-name xml:lang="nl-NL">Transportbanden</display-name></category>
<category name="1463123323060"><name>1463123323060</name><root>0</root><online>1</online><parent name="1463123323059"/><custom-attributes><custom-attribute name="ShowInMenu" dt:dt="string" xml:lang="en-US">True</custom-attribute><custom-attribute name="CategoryPageIndex" dt:dt="int">100</custom-attribute><custom-attribute name="image-base-name" dt:dt="string">category-images/tandlatten.png</custom-attribute></custom-attributes><display-name xml:lang="de-DE">Zahnstangen</display-name><display-name xml:lang="en-GB">Gear Racks</display-name><display-name xml:lang="fr-FR">Crémaillères</display-name><display-name xml:lang="nl-BE">Tandlatten</display-name><display-name xml:lang="nl-NL">Tandlatten</display-name></category>
<category name="1463123323061"><name>1463123323061</name><root>0</root><online>1</online><parent name="1463123323059"/><custom-attributes><custom-attribute name="ShowInMenu" dt:dt="string" xml:lang="en-US">True</custom-attribute><custom-attribute name="CategoryPageIndex" dt:dt="int">100</custom-attribute><custom-attribute name="image-base-name" dt:dt="string">category-images/tandwielen.png</custom-attribute></custom-attributes><display-name xml:lang="de-DE">Zahnräder</display-name><display-name xml:lang="en-GB">Sprockets</display-name><display-name xml:lang="fr-FR">Engrenages</display-name><display-name xml:lang="nl-BE">Tandwielen</display-name><display-name xml:lang="nl-NL">Tandwielen</display-name></category>
<category name="1463123323059"><name>1463123323059</name><root>0</root><online>1</online><parent name="1463123323001"/><custom-attributes><custom-attribute name="ShowInMenu" dt:dt="string" xml:lang="en-US">True</custom-attribute><custom-attribute name="CategoryPageIndex" dt:dt="int">100</custom-attribute><custom-attribute name="image-base-name" dt:dt="string">category-images/tandwielen_en_tandlatten.png</custom-attribute></custom-attributes><display-name xml:lang="de-DE">Zahnräder und Zahnstangen</display-name><display-name xml:lang="en-GB">Sprockets and Gear Racks</display-name><display-name xml:lang="fr-FR">Crémaillères et engrenages</display-name><display-name xml:lang="nl-BE">Tandwielen en tandlatten</display-name><display-name xml:lang="nl-NL">Tandwielen en tandlatten</display-name></category>
<category name="1463123323569"><name>1463123323569</name><root>0</root><online>1</online><parent name="1463123323568"/><custom-attributes><custom-attribute name="ShowInMenu" dt:dt="string" xml:lang="en-US">True</custom-attribute><custom-attribute name="CategoryPageIndex" dt:dt="int">100</custom-attribute><custom-attribute name="image-base-name" dt:dt="string">category-images/onderdelen_en_toebehoren.png</custom-attribute></custom-attributes><display-name xml:lang="de-DE">Ersatzteile und Zubehör für Elektromotoren</display-name><display-name xml:lang="en-GB">Spare Parts and Accessories</display-name><display-name xml:lang="fr-FR">Pièces détachées et accessoires</display-name><display-name xml:lang="nl-BE">Onderdelen en toebehoren</display-name><display-name xml:lang="nl-NL">Onderdelen en toebehoren</display-name></category>
<category name="1463123323570"><name>1463123323570</name><root>0</root><online>1</online><parent name="1463123323568"/><custom-attributes><custom-attribute name="ShowInMenu" dt:dt="string" xml:lang="en-US">True</custom-attribute><custom-attribute name="CategoryPageIndex" dt:dt="int">100</custom-attribute><custom-attribute name="image-base-name" dt:dt="string">category-images/driefasige_ac_motoren.png</custom-attribute></custom-attributes><display-name xml:lang="de-DE">Dreiphasen-AC-Motoren</display-name><display-name xml:lang="en-GB">Three-Phase AC Motors</display-name><display-name xml:lang="fr-FR">Moteurs AC 3-phasé</display-name><display-name xml:lang="nl-BE">Driefasige AC motoren</display-name><display-name xml:lang="nl-NL">Driefasige AC motoren</display-name></category>
<category name="1463123323571"><name>1463123323571</name><root>0</root><online>1</online><parent name="1463123323568"/><custom-attributes><custom-attribute name="ShowInMenu" dt:dt="string" xml:lang="en-US">True</custom-attribute><custom-attribute name="CategoryPageIndex" dt:dt="int">100</custom-attribute><custom-attribute name="image-base-name" dt:dt="string">category-images/motor_spansleden.png</custom-attribute></custom-attributes><display-name xml:lang="de-DE">Motorspannschlitten</display-name><display-name xml:lang="en-GB">Motor Slide Rails</display-name><display-name xml:lang="fr-FR">Glissières pour moteurs électriques</display-name><display-name xml:lang="nl-BE">Motor spansleden</display-name><display-name xml:lang="nl-NL">Motor spansleden</display-name></category>
<category name="1463123323572"><name>1463123323572</name><root>0</root><online>1</online><parent name="1463123323568"/><custom-attributes><custom-attribute name="ShowInMenu" dt:dt="string" xml:lang="en-US">True</custom-attribute><custom-attribute name="CategoryPageIndex" dt:dt="int">100</custom-attribute><custom-attribute name="image-base-name" dt:dt="string">category-images/ac_motoren_atex.png</custom-attribute></custom-attributes><display-name xml:lang="de-DE">AC-Motoren (ATEX)</display-name><display-name xml:lang="en-GB">AC Motors (ATEX)</display-name><display-name xml:lang="fr-FR">Moteurs AC (ATEX)</display-name><display-name xml:lang="nl-BE">AC motoren (ATEX)</display-name><display-name xml:lang="nl-NL">AC motoren (ATEX)</display-name></category>
<category name="1463123323579"><name>1463123323579</name><root>0</root><online>1</online><parent name="1463123323568"/><custom-attributes><custom-attribute name="ShowInMenu" dt:dt="string" xml:lang="en-US">True</custom-attribute><custom-attribute name="CategoryPageIndex" dt:dt="int">100</custom-attribute><custom-attribute name="image-base-name" dt:dt="string">category-images/not_available.png</custom-attribute></custom-attributes><display-name xml:lang="de-DE">AC-Motoren mit Bremse</display-name><display-name xml:lang="en-GB">AC Motors with Brake</display-name><display-name xml:lang="fr-FR">Moteurs asynchrones freins</display-name><display-name xml:lang="nl-BE">AC motoren met rem</display-name><display-name xml:lang="nl-NL">AC motoren met rem</display-name></category>
<category name="1463123323580"><name>1463123323580</name><root>0</root><online>1</online><parent name="1463123323568"/><custom-attributes><custom-attribute name="ShowInMenu" dt:dt="string" xml:lang="en-US">True</custom-attribute><custom-attribute name="CategoryPageIndex" dt:dt="int">100</custom-attribute><custom-attribute name="image-base-name" dt:dt="string">category-images/not_available.png</custom-attribute></custom-attributes><display-name xml:lang="de-DE">Einphasen-AC-Motoren</display-name><display-name xml:lang="en-GB">Single-Phase AC Motors</display-name><display-name xml:lang="fr-FR">Moteur AC monophasé</display-name><display-name xml:lang="nl-BE">Eenfasige AC motoren</display-name><display-name xml:lang="nl-NL">Eenfasige AC motoren</display-name></category>
<category name="1463123323568"><name>1463123323568</name><root>0</root><online>1</online><parent name="1463123323567"/><custom-attributes><custom-attribute name="ShowInMenu" dt:dt="string" xml:lang="en-US">True</custom-attribute><custom-attribute name="CategoryPageIndex" dt:dt="int">100</custom-attribute><custom-attribute name="image-base-name" dt:dt="string">category-images/elektromotoren.png</custom-attribute></custom-attributes><display-name xml:lang="de-DE">Elektromotoren</display-name><display-name xml:lang="en-GB">Electric Motors</display-name><display-name xml:lang="fr-FR">Moteurs</display-name><display-name xml:lang="nl-BE">Elektromotoren</display-name><display-name xml:lang="nl-NL">Elektromotoren</display-name></category>
<category name="1463123323584"><name>1463123323584</name><root>0</root><online>1</online><parent name="1463123323581"/><custom-attributes><custom-attribute name="ShowInMenu" dt:dt="string" xml:lang="en-US">True</custom-attribute><custom-attribute name="CategoryPageIndex" dt:dt="int">100</custom-attribute><custom-attribute name="image-base-name" dt:dt="string">category-images/tandwielkasten_met_worm_en_wormwiel.png</custom-attribute></custom-attributes><display-name xml:lang="de-DE">Schneckengetriebe</display-name><display-name xml:lang="en-GB">Gearboxes with Worm and Worm Wheel</display-name><display-name xml:lang="fr-FR">Réducteur roue et vis sans fin</display-name><display-name xml:lang="nl-BE">Tandwielkasten met worm en wormwiel</display-name><display-name xml:lang="nl-NL">Tandwielkasten met worm en wormwiel</display-name></category>
<category name="1463123323581"><name>1463123323581</name><root>0</root><online>1</online><parent name="1463123323567"/><custom-attributes><custom-attribute name="ShowInMenu" dt:dt="string" xml:lang="en-US">True</custom-attribute><custom-attribute name="CategoryPageIndex" dt:dt="int">100</custom-attribute><custom-attribute name="image-base-name" dt:dt="string">category-images/tandwielkasten_reductoren.png</custom-attribute></custom-attributes><display-name xml:lang="de-DE">Getriebe</display-name><display-name xml:lang="en-GB">Gearboxes</display-name><display-name xml:lang="fr-FR">Réducteur renvoi d&apos;angle</display-name><display-name xml:lang="nl-BE">Tandwielkasten (Reductoren)</display-name><display-name xml:lang="nl-NL">Tandwielkasten (Reductoren)</display-name></category>
<category name="1463123323594"><name>1463123323594</name><root>0</root><online>1</online><parent name="1463123323588"/><custom-attributes><custom-attribute name="ShowInMenu" dt:dt="string" xml:lang="en-US">True</custom-attribute><custom-attribute name="CategoryPageIndex" dt:dt="int">100</custom-attribute><custom-attribute name="image-base-name" dt:dt="string">category-images/onderdelen_en_toebehoren.png</custom-attribute></custom-attributes><display-name xml:lang="de-DE">Ersatzteile und Zubehör für Getriebemotoren</display-name><display-name xml:lang="en-GB">Spare Parts and Accessories</display-name><display-name xml:lang="fr-FR">Pièces détachées et accessoires</display-name><display-name xml:lang="nl-BE">Onderdelen en toebehoren</display-name><display-name xml:lang="nl-NL">Onderdelen en toebehoren</display-name></category>
<category name="1463123323595"><name>1463123323595</name><root>0</root><online>1</online><parent name="1463123323588"/><custom-attributes><custom-attribute name="ShowInMenu" dt:dt="string" xml:lang="en-US">True</custom-attribute><custom-attribute name="CategoryPageIndex" dt:dt="int">100</custom-attribute><custom-attribute name="image-base-name" dt:dt="string">category-images/aanbouwmotoren.png</custom-attribute></custom-attributes><display-name xml:lang="de-DE">Anbaumotoren</display-name><display-name xml:lang="en-GB">Hand Tool Motors</display-name><display-name xml:lang="fr-FR">Moteur compact</display-name><display-name xml:lang="nl-BE">Aanbouwmotoren</display-name><display-name xml:lang="nl-NL">Aanbouwmotoren</display-name></category>
<category name="1463123323588"><name>1463123323588</name><root>0</root><online>1</online><parent name="1463123323567"/><custom-attributes><custom-attribute name="ShowInMenu" dt:dt="string" xml:lang="en-US">True</custom-attribute><custom-attribute name="CategoryPageIndex" dt:dt="int">100</custom-attribute><custom-attribute name="image-base-name" dt:dt="string">category-images/motorreductoren.png</custom-attribute></custom-attributes><display-name xml:lang="de-DE">Getriebemotoren</display-name><display-name xml:lang="en-GB">Motor Reducers</display-name><display-name xml:lang="fr-FR">Motoréducteurs</display-name><display-name xml:lang="nl-BE">Motorreductoren</display-name><display-name xml:lang="nl-NL">Motorreductoren</display-name></category>
<category name="1463123323597"><name>1463123323597</name><root>0</root><online>1</online><parent name="1463123323596"/><custom-attributes><custom-attribute name="ShowInMenu" dt:dt="string" xml:lang="en-US">True</custom-attribute><custom-attribute name="CategoryPageIndex" dt:dt="int">100</custom-attribute><custom-attribute name="image-base-name" dt:dt="string">category-images/frequentie_regelaars.png</custom-attribute></custom-attributes><display-name xml:lang="de-DE">Frequenzumrichter</display-name><display-name xml:lang="en-GB">Frequency Regulator</display-name><display-name xml:lang="fr-FR">Convertisseur / variateur de fréquence</display-name><display-name xml:lang="nl-BE">Frequentie regelaars</display-name><display-name xml:lang="nl-NL">Frequentie regelaars</display-name></category>
<category name="1463123323598"><name>1463123323598</name><root>0</root><online>1</online><parent name="1463123323596"/><custom-attributes><custom-attribute name="ShowInMenu" dt:dt="string" xml:lang="en-US">True</custom-attribute><custom-attribute name="CategoryPageIndex" dt:dt="int">100</custom-attribute><custom-attribute name="image-base-name" dt:dt="string">category-images/softstarters.png</custom-attribute></custom-attributes><display-name xml:lang="de-DE">Softstarter</display-name><display-name xml:lang="en-GB">Soft starters</display-name><display-name xml:lang="fr-FR">Les démarreurs progressifs</display-name><display-name xml:lang="nl-BE">Softstarters</display-name><display-name xml:lang="nl-NL">Softstarters</display-name></category>
<category name="1463123323599"><name>1463123323599</name><root>0</root><online>1</online><parent name="1463123323596"/><custom-attributes><custom-attribute name="ShowInMenu" dt:dt="string" xml:lang="en-US">True</custom-attribute><custom-attribute name="CategoryPageIndex" dt:dt="int">100</custom-attribute><custom-attribute name="image-base-name" dt:dt="string">category-images/dc_stroomregelaars.png</custom-attribute></custom-attributes><display-name xml:lang="de-DE">DC-Stromrichter</display-name><display-name xml:lang="en-GB">DC Voltage Regulators</display-name><display-name xml:lang="fr-FR">Variateur courant continu</display-name><display-name xml:lang="nl-BE">DC stroomregelaars</display-name><display-name xml:lang="nl-NL">DC stroomregelaars</display-name></category>
<category name="1463123323600"><name>1463123323600</name><root>0</root><online>1</online><parent name="1463123323596"/><custom-attributes><custom-attribute name="ShowInMenu" dt:dt="string" xml:lang="en-US">True</custom-attribute><custom-attribute name="CategoryPageIndex" dt:dt="int">100</custom-attribute><custom-attribute name="image-base-name" dt:dt="string">category-images/onderdelen_en_toebehoren.png</custom-attribute></custom-attributes><display-name xml:lang="de-DE">Ersatzteile und Zubehör für Elektrische Steuerungen</display-name><display-name xml:lang="en-GB">Spare Parts and Accessories</display-name><display-name xml:lang="fr-FR">Pièces de rechange et accessoires</display-name><display-name xml:lang="nl-BE">Onderdelen en toebehoren</display-name><display-name xml:lang="nl-NL">Onderdelen en toebehoren</display-name></category>
<category name="1463123323601"><name>1463123323601</name><root>0</root><online>1</online><parent name="1463123323596"/><custom-attributes><custom-attribute name="ShowInMenu" dt:dt="string" xml:lang="en-US">True</custom-attribute><custom-attribute name="CategoryPageIndex" dt:dt="int">100</custom-attribute><custom-attribute name="image-base-name" dt:dt="string">category-images/servo_regelaars.png</custom-attribute></custom-attributes><display-name xml:lang="de-DE">Servoregler</display-name><display-name xml:lang="en-GB">Servo Voltage Regulators</display-name><display-name xml:lang="fr-FR">Variateur servo</display-name><display-name xml:lang="nl-BE">Servo regelaars</display-name><display-name xml:lang="nl-NL">Servo regelaars</display-name></category>
<category name="1463123323596"><name>1463123323596</name><root>0</root><online>1</online><parent name="1463123323567"/><custom-attributes><custom-attribute name="ShowInMenu" dt:dt="string" xml:lang="en-US">True</custom-attribute><custom-attribute name="CategoryPageIndex" dt:dt="int">100</custom-attribute><custom-attribute name="image-base-name" dt:dt="string">category-images/elektrische_sturingen.png</custom-attribute></custom-attributes><display-name xml:lang="de-DE">Elektrische Steuerungen</display-name><display-name xml:lang="en-GB">Electrical Controls</display-name><display-name xml:lang="fr-FR">Commandes électriques</display-name><display-name xml:lang="nl-BE">Elektrische sturingen</display-name><display-name xml:lang="nl-NL">Elektrische sturingen</display-name></category>
<category name="1463123323567"><name>1463123323567</name><root>0</root><online>1</online><parent name="1463123323001"/><custom-attributes><custom-attribute name="ShowInMenu" dt:dt="string" xml:lang="en-US">True</custom-attribute><custom-attribute name="CategoryPageIndex" dt:dt="int">2147483647</custom-attribute><custom-attribute name="image-base-name" dt:dt="string">category-images/motoren_reductoren_en_frequentiesturingen.png</custom-attribute></custom-attributes><display-name xml:lang="de-DE">Motoren, Getriebe und Frequenzumsetzer</display-name><display-name xml:lang="en-GB">Motors, Gearboxes and Driveshaft Systems</display-name><display-name xml:lang="fr-FR">Moteurs,  réducteurs et convertisseurs de fréquence</display-name><display-name xml:lang="nl-BE">Motoren, Reductoren en Frequentiesturingen</display-name><display-name xml:lang="nl-NL">Motoren, Reductoren en Frequentiesturingen</display-name></category>
<category name="1463123323001"><name>1463123323001</name><root>1</root><online>1</online><custom-attributes><custom-attribute name="ShowInMenu" dt:dt="string" xml:lang="en-US">True</custom-attribute><custom-attribute name="CategoryPageIndex" dt:dt="int">17000</custom-attribute><custom-attribute name="image-base-name" dt:dt="string">category-images/motoren_en_aandrijftechniek.png</custom-attribute></custom-attributes><display-name xml:lang="de-DE">Mechanische Antriebstechnik</display-name><display-name xml:lang="en-GB">Mechanical Power Transmission</display-name><display-name xml:lang="fr-FR">Transmission mécanique</display-name><display-name xml:lang="nl-BE">Motoren en Aandrijftechniek</display-name><display-name xml:lang="nl-NL">Motoren en Aandrijftechniek</display-name><description xml:lang="de-DE">Mechanische Antriebstechnik. Unter Mechanische Antriebstechnik finden Sie alles, um eine Maschine anzutreiben und in Gang zu halten. So haben wir Elektromotoren, Antriebstechnik oder Zahnriemenscheiben. Aber auch Wellenkupplungen, Ketten, Keilriemen, Transportbänder und Frequenzumrichter fehlen natürlich nicht in unserem Sortiment.</description><description xml:lang="nl-BE">Bij motoren en aandrijftechniek vindt u alles om een machine aan te drijven en draaiende te houden. Denk aan elektromotoren, aandrijftechniek, of een tandriemschijf. Maar ook askoppelingen, alle soorten kettingen, V-riemen, transportbanden en frequentiesturingen ontbreken niet in ons assortiment.</description><description xml:lang="nl-NL">Bij motoren en aandrijftechniek vind je alles om een machine aan te drijven en draaiende te houden. Denk aan elektromotoren, aandrijftechniek, of een tandriemschijf. Maar ook de askoppelingen, alle soorten kettingen, V-riemen, transportbanden en frequentiesturingen ontbreken uiteraard niet in ons assortiment.</description></category>
</enfinity>