<?xml version="1.0" encoding="UTF-8"?>
<enfinity xsi:schemaLocation="http://www.intershop.com/xml/ns/enfinity/7.0/xcs/impex catalog.xsd http://www.intershop.com/xml/ns/enfinity/6.5/core/impex-dt dt.xsd" xmlns:xsi="http://www.w3.org/2001/XMLSchema-instance" xmlns="http://www.intershop.com/xml/ns/enfinity/7.0/xcs/impex" xmlns:xml="http://www.w3.org/XML/1998/namespace" xmlns:dt="http://www.intershop.com/xml/ns/enfinity/6.5/core/impex-dt" major="6" minor="1" family="enfinity" branch="enterprise" build="build">
<category name="1463123324130"><name>1463123324130</name><root>0</root><online>1</online><parent name="1463123324129"/><custom-attributes><custom-attribute name="ShowInMenu" dt:dt="string" xml:lang="en-US">True</custom-attribute><custom-attribute name="CategoryPageIndex" dt:dt="int">100</custom-attribute><custom-attribute name="image-base-name" dt:dt="string">category-images/pompen.png</custom-attribute></custom-attributes><display-name xml:lang="de-DE">Pumpen</display-name><display-name xml:lang="en-GB">Pumps</display-name><display-name xml:lang="fr-FR">Pompes</display-name><display-name xml:lang="nl-BE">Pompen</display-name><display-name xml:lang="nl-NL">Pompen</display-name></category>
<category name="1463123324131"><name>1463123324131</name><root>0</root><online>1</online><parent name="1463123324129"/><custom-attributes><custom-attribute name="ShowInMenu" dt:dt="string" xml:lang="en-US">True</custom-attribute><custom-attribute name="CategoryPageIndex" dt:dt="int">100</custom-attribute><custom-attribute name="image-base-name" dt:dt="string">category-images/compressoren.png</custom-attribute></custom-attributes><display-name xml:lang="de-DE">Kompressoren</display-name><display-name xml:lang="en-GB">Compressors</display-name><display-name xml:lang="fr-FR">Compresseurs</display-name><display-name xml:lang="nl-BE">Compressoren</display-name><display-name xml:lang="nl-NL">Compressoren</display-name></category>
<category name="1463123324132"><name>1463123324132</name><root>0</root><online>1</online><parent name="1463123324129"/><custom-attributes><custom-attribute name="ShowInMenu" dt:dt="string" xml:lang="en-US">True</custom-attribute><custom-attribute name="CategoryPageIndex" dt:dt="int">100</custom-attribute><custom-attribute name="image-base-name" dt:dt="string">category-images/stroomgroepen.png</custom-attribute></custom-attributes><display-name xml:lang="de-DE">Stromaggregate</display-name><display-name xml:lang="en-GB">Generators</display-name><display-name xml:lang="fr-FR">Générateurs</display-name><display-name xml:lang="nl-BE">Stroomgroepen</display-name><display-name xml:lang="nl-NL">Stroomgroepen</display-name></category>
<category name="1463123324133"><name>1463123324133</name><root>0</root><online>1</online><parent name="1463123324129"/><custom-attributes><custom-attribute name="ShowInMenu" dt:dt="string" xml:lang="en-US">True</custom-attribute><custom-attribute name="CategoryPageIndex" dt:dt="int">100</custom-attribute><custom-attribute name="image-base-name" dt:dt="string">category-images/boor-_en_freesmachines.png</custom-attribute></custom-attributes><display-name xml:lang="de-DE">Bohr- und Fräsmaschine</display-name><display-name xml:lang="en-GB">Drilling and Milling Machines</display-name><display-name xml:lang="fr-FR">Perceuses et fraises</display-name><display-name xml:lang="nl-BE">Boor- en freesmachines</display-name><display-name xml:lang="nl-NL">Boor- en freesmachines</display-name></category>
<category name="1463123324134"><name>1463123324134</name><root>0</root><online>1</online><parent name="1463123324129"/><custom-attributes><custom-attribute name="ShowInMenu" dt:dt="string" xml:lang="en-US">True</custom-attribute><custom-attribute name="CategoryPageIndex" dt:dt="int">100</custom-attribute><custom-attribute name="image-base-name" dt:dt="string">category-images/draaibanken.png</custom-attribute></custom-attributes><display-name xml:lang="de-DE">Drehmaschinen</display-name><display-name xml:lang="en-GB">Lathes</display-name><display-name xml:lang="fr-FR">Tours</display-name><display-name xml:lang="nl-BE">Draaibanken</display-name><display-name xml:lang="nl-NL">Draaibanken</display-name></category>
<category name="1463123324135"><name>1463123324135</name><root>0</root><online>1</online><parent name="1463123324129"/><custom-attributes><custom-attribute name="ShowInMenu" dt:dt="string" xml:lang="en-US">True</custom-attribute><custom-attribute name="CategoryPageIndex" dt:dt="int">100</custom-attribute><custom-attribute name="image-base-name" dt:dt="string">category-images/zaagbanken-_en_machines.png</custom-attribute></custom-attributes><display-name xml:lang="de-DE">Sägemaschinen</display-name><display-name xml:lang="en-GB">Sawing machines</display-name><display-name xml:lang="fr-FR">Scies</display-name><display-name xml:lang="nl-BE">Zaagbanken- en machines</display-name><display-name xml:lang="nl-NL">Zaagbanken- en machines</display-name></category>
<category name="1463123324136"><name>1463123324136</name><root>0</root><online>1</online><parent name="1463123324129"/><custom-attributes><custom-attribute name="ShowInMenu" dt:dt="string" xml:lang="en-US">True</custom-attribute><custom-attribute name="CategoryPageIndex" dt:dt="int">100</custom-attribute><custom-attribute name="image-base-name" dt:dt="string">category-images/plaatbewerking.png</custom-attribute></custom-attributes><display-name xml:lang="de-DE">Blechbearbeitung</display-name><display-name xml:lang="en-GB">Sheet-metal working</display-name><display-name xml:lang="fr-FR">Façonnage de tôle</display-name><display-name xml:lang="nl-BE">Plaatbewerking</display-name><display-name xml:lang="nl-NL">Plaatbewerking</display-name></category>
<category name="1463123324137"><name>1463123324137</name><root>0</root><online>1</online><parent name="1463123324129"/><custom-attributes><custom-attribute name="ShowInMenu" dt:dt="string" xml:lang="en-US">True</custom-attribute><custom-attribute name="CategoryPageIndex" dt:dt="int">100</custom-attribute><custom-attribute name="image-base-name" dt:dt="string">category-images/schuur-_en_slijpmachines.png</custom-attribute></custom-attributes><display-name xml:lang="de-DE">Schleifmaschinen und Schwingschleifer</display-name><display-name xml:lang="en-GB">Sanders and Grinders</display-name><display-name xml:lang="fr-FR">Ponceuses et meuleuses</display-name><display-name xml:lang="nl-BE">Schuur- en slijpmachines</display-name><display-name xml:lang="nl-NL">Schuur- en slijpmachines</display-name></category>
<category name="1463123324139"><name>1463123324139</name><root>0</root><online>1</online><parent name="1463123324129"/><custom-attributes><custom-attribute name="ShowInMenu" dt:dt="string" xml:lang="en-US">True</custom-attribute><custom-attribute name="CategoryPageIndex" dt:dt="int">100</custom-attribute><custom-attribute name="image-base-name" dt:dt="string">category-images/werkplaatspersen.png</custom-attribute></custom-attributes><display-name xml:lang="de-DE">Werkstattpressen</display-name><display-name xml:lang="en-GB">Workshop Presses</display-name><display-name xml:lang="fr-FR">Presse d&apos;atelier</display-name><display-name xml:lang="nl-BE">Werkplaatspersen</display-name><display-name xml:lang="nl-NL">Werkplaatspersen</display-name></category>
<category name="1463123324140"><name>1463123324140</name><root>0</root><online>1</online><parent name="1463123324129"/><custom-attributes><custom-attribute name="ShowInMenu" dt:dt="string" xml:lang="en-US">True</custom-attribute><custom-attribute name="CategoryPageIndex" dt:dt="int">100</custom-attribute><custom-attribute name="image-base-name" dt:dt="string">category-images/reserveonderdelen_voor_machines.png</custom-attribute></custom-attributes><display-name xml:lang="de-DE">Ersatzteile und Zubehör für Maschinen</display-name><display-name xml:lang="en-GB">Spares Parts and Accessories</display-name><display-name xml:lang="fr-FR">Pièces de rechange et Accessoires</display-name><display-name xml:lang="nl-BE">Reserveonderdelen voor Machines</display-name><display-name xml:lang="nl-NL">Reserveonderdelen voor Machines</display-name></category>
<category name="1463123324141"><name>1463123324141</name><root>0</root><online>1</online><parent name="1463123324129"/><custom-attributes><custom-attribute name="ShowInMenu" dt:dt="string" xml:lang="en-US">True</custom-attribute><custom-attribute name="CategoryPageIndex" dt:dt="int">100</custom-attribute><custom-attribute name="image-base-name" dt:dt="string">category-images/afzuiginstallatie.png</custom-attribute></custom-attributes><display-name xml:lang="de-DE">Abluftsystem</display-name><display-name xml:lang="en-GB">Extractors</display-name><display-name xml:lang="fr-FR">Extraction d&apos;air</display-name><display-name xml:lang="nl-BE">Afzuiginstallatie</display-name><display-name xml:lang="nl-NL">Afzuiginstallatie</display-name></category>
<category name="1463123324142"><name>1463123324142</name><root>0</root><online>1</online><parent name="1463123324129"/><custom-attributes><custom-attribute name="ShowInMenu" dt:dt="string" xml:lang="en-US">True</custom-attribute><custom-attribute name="CategoryPageIndex" dt:dt="int">100</custom-attribute><custom-attribute name="image-base-name" dt:dt="string">category-images/boor-tapmachine.png</custom-attribute></custom-attributes><display-name xml:lang="de-DE">Bohr- Gewindeschneidmaschine</display-name><display-name xml:lang="en-GB">Drilling and tapping machines</display-name><display-name xml:lang="fr-FR">Perceuse-taraudeuse</display-name><display-name xml:lang="nl-BE">Boor-tapmachine</display-name><display-name xml:lang="nl-NL">Boor-tapmachine</display-name></category>
<category name="1463123324143"><name>1463123324143</name><root>0</root><online>1</online><parent name="1463123324129"/><custom-attributes><custom-attribute name="ShowInMenu" dt:dt="string" xml:lang="en-US">True</custom-attribute><custom-attribute name="CategoryPageIndex" dt:dt="int">100</custom-attribute><custom-attribute name="image-base-name" dt:dt="string">category-images/pneumatische_taparm.png</custom-attribute></custom-attributes><display-name xml:lang="de-DE">Gewindeschneidmaschinen</display-name><display-name xml:lang="en-GB">Tapping Machines</display-name><display-name xml:lang="fr-FR">Machines taraudage</display-name><display-name xml:lang="nl-BE">Pneumatische taparm</display-name><display-name xml:lang="nl-NL">Pneumatische taparm</display-name></category>
<category name="1463123324261"><name>1463123324261</name><root>0</root><online>1</online><parent name="1463123324259"/><custom-attributes><custom-attribute name="ShowInMenu" dt:dt="string" xml:lang="en-US">True</custom-attribute><custom-attribute name="CategoryPageIndex" dt:dt="int">100</custom-attribute><custom-attribute name="image-base-name" dt:dt="string">category-images/cilindrische_trillingdempers.png</custom-attribute></custom-attributes><display-name xml:lang="de-DE">Zylindrische Schwingungsdämpfer</display-name><display-name xml:lang="en-GB">Cylindrical Vibration Dampers</display-name><display-name xml:lang="fr-FR">Supports cylindriques antivibratoires</display-name><display-name xml:lang="nl-BE">Cilindrische trillingdempers</display-name><display-name xml:lang="nl-NL">Cilindrische trillingdempers</display-name></category>
<category name="1463123324262"><name>1463123324262</name><root>0</root><online>1</online><parent name="1463123324259"/><custom-attributes><custom-attribute name="ShowInMenu" dt:dt="string" xml:lang="en-US">True</custom-attribute><custom-attribute name="CategoryPageIndex" dt:dt="int">100</custom-attribute><custom-attribute name="image-base-name" dt:dt="string">category-images/industrile_trillingdempers.png</custom-attribute></custom-attributes><display-name xml:lang="de-DE">Industrielle Schwingungsdämpfer</display-name><display-name xml:lang="en-GB">Industrial Vibration Dampers</display-name><display-name xml:lang="fr-FR">Supports antivibratoires industriels</display-name><display-name xml:lang="nl-BE">Industriële trillingdempers</display-name><display-name xml:lang="nl-NL">Industriële trillingdempers</display-name></category>
<category name="1463123324263"><name>1463123324263</name><root>0</root><online>1</online><parent name="1463123324259"/><custom-attributes><custom-attribute name="ShowInMenu" dt:dt="string" xml:lang="en-US">True</custom-attribute><custom-attribute name="CategoryPageIndex" dt:dt="int">100</custom-attribute><custom-attribute name="image-base-name" dt:dt="string">category-images/machinevoeten.png</custom-attribute></custom-attributes><display-name xml:lang="de-DE">Maschinenfüße</display-name><display-name xml:lang="en-GB">Machine Feet</display-name><display-name xml:lang="fr-FR">Pieds de machine</display-name><display-name xml:lang="nl-BE">Machinevoeten</display-name><display-name xml:lang="nl-NL">Machinevoeten</display-name></category>
<category name="1463123324264"><name>1463123324264</name><root>0</root><online>1</online><parent name="1463123324259"/><custom-attributes><custom-attribute name="ShowInMenu" dt:dt="string" xml:lang="en-US">True</custom-attribute><custom-attribute name="CategoryPageIndex" dt:dt="int">100</custom-attribute><custom-attribute name="image-base-name" dt:dt="string">category-images/scharnierbussen.png</custom-attribute></custom-attributes><display-name xml:lang="de-DE">Silentbloc</display-name><display-name xml:lang="en-GB">Silent Block Bushes</display-name><display-name xml:lang="fr-FR">Silentblocs</display-name><display-name xml:lang="nl-BE">Scharnierbussen</display-name><display-name xml:lang="nl-NL">Scharnierbussen</display-name></category>
<category name="1463123324265"><name>1463123324265</name><root>0</root><online>1</online><parent name="1463123324259"/><custom-attributes><custom-attribute name="ShowInMenu" dt:dt="string" xml:lang="en-US">True</custom-attribute><custom-attribute name="CategoryPageIndex" dt:dt="int">100</custom-attribute><custom-attribute name="image-base-name" dt:dt="string">category-images/trillingdempermatten.png</custom-attribute></custom-attributes><display-name xml:lang="de-DE">Schallisoliermatten</display-name><display-name xml:lang="en-GB">Vibration Damper Mats</display-name><display-name xml:lang="fr-FR">Tapis antivibratoire</display-name><display-name xml:lang="nl-BE">Trillingdempermatten</display-name><display-name xml:lang="nl-NL">Trillingdempermatten</display-name></category>
<category name="1463123324266"><name>1463123324266</name><root>0</root><online>1</online><parent name="1463123324259"/><custom-attributes><custom-attribute name="ShowInMenu" dt:dt="string" xml:lang="en-US">True</custom-attribute><custom-attribute name="CategoryPageIndex" dt:dt="int">100</custom-attribute><custom-attribute name="image-base-name" dt:dt="string">category-images/aanslagbuffers.png</custom-attribute></custom-attributes><display-name xml:lang="de-DE">Anschlagpuffer</display-name><display-name xml:lang="en-GB">Stop Buffers</display-name><display-name xml:lang="fr-FR">Butées</display-name><display-name xml:lang="nl-BE">Aanslagbuffers</display-name><display-name xml:lang="nl-NL">Aanslagbuffers</display-name></category>
<category name="1463123324267"><name>1463123324267</name><root>0</root><online>1</online><parent name="1463123324259"/><custom-attributes><custom-attribute name="ShowInMenu" dt:dt="string" xml:lang="en-US">True</custom-attribute><custom-attribute name="CategoryPageIndex" dt:dt="int">100</custom-attribute><custom-attribute name="image-base-name" dt:dt="string">category-images/kraanbuffers.png</custom-attribute></custom-attributes><display-name xml:lang="de-DE">Kranpuffer</display-name><display-name xml:lang="en-GB">Impact buffers</display-name><display-name xml:lang="fr-FR">Butoirs</display-name><display-name xml:lang="nl-BE">Kraanbuffers</display-name><display-name xml:lang="nl-NL">Kraanbuffers</display-name></category>
<category name="1463123324268"><name>1463123324268</name><root>0</root><online>1</online><parent name="1463123324259"/><custom-attributes><custom-attribute name="ShowInMenu" dt:dt="string" xml:lang="en-US">True</custom-attribute><custom-attribute name="CategoryPageIndex" dt:dt="int">100</custom-attribute><custom-attribute name="image-base-name" dt:dt="string">category-images/trillingdemperrails.png</custom-attribute></custom-attributes><display-name xml:lang="de-DE">Antivibrationsschienen</display-name><display-name xml:lang="en-GB">Vibration damper rails</display-name><display-name xml:lang="fr-FR">Rails antivibratoires</display-name><display-name xml:lang="nl-BE">Trillingdemperrails</display-name><display-name xml:lang="nl-NL">Trillingdemperrails</display-name></category>
<category name="1463123324259"><name>1463123324259</name><root>0</root><online>1</online><parent name="1463123324129"/><custom-attributes><custom-attribute name="ShowInMenu" dt:dt="string" xml:lang="en-US">True</custom-attribute><custom-attribute name="CategoryPageIndex" dt:dt="int">2147483647</custom-attribute><custom-attribute name="image-base-name" dt:dt="string">category-images/trillingsdempers.png</custom-attribute></custom-attributes><display-name xml:lang="de-DE">Schwingungsdämpfer</display-name><display-name xml:lang="en-GB">Vibration Dampers</display-name><display-name xml:lang="fr-FR">Supports antivibratoires</display-name><display-name xml:lang="nl-BE">Trillingsdempers</display-name><display-name xml:lang="nl-NL">Trillingsdempers</display-name><description xml:lang="nl-BE">&lt;p&gt;Een trillingsdemper voorkomt dat trillingen doorstromen naar een constructie van een machine. Zonder een trillingsdemper kunnen trillingen ernstige schade aanrichten.&lt;/p&gt;&lt;p&gt;Je gebruikt een trillingsdemper in of onder machines en apparaten met bewegende delen. Denk bijvoorbeeld aan ronddraaiende en heen- en weergaande bewegingen. Voorbeelden van dit soort machines zijn motoren, compressoren, generatoren, ventilatoren en pompen.  &lt;/p&gt;&lt;p&gt;In ons assortiment vind je verschillende trillingsdempers. Zo hebben we een heleboel cilindrische trillingsdempers, industriële trillingsdempers en aanslagbuffers. Ook scharnierbussen, machinevoeten, trillingsdempermatten, trillingsdemperrails en kraanbuffers behoren tot ons aanbod. &lt;/p&gt;</description><description xml:lang="nl-NL">&lt;p&gt;Een trillingsdemper voorkomt dat trillingen doorstromen naar een constructie van een machine. Zonder een trillingsdemper kunnen trillingen ernstige schade aanrichten.&lt;/p&gt;&lt;p&gt;Je gebruikt een trillingsdemper in of onder machines en apparaten met bewegende delen. Denk bijvoorbeeld aan ronddraaiende en heen- en weergaande bewegingen. Voorbeelden van dit soort machines zijn motoren, compressoren, generatoren, ventilatoren en pompen.  &lt;/p&gt;&lt;p&gt;In ons assortiment vind je verschillende trillingsdempers. Zo hebben we een heleboel cilindrische trillingsdempers, industriële trillingsdempers en aanslagbuffers. Ook scharnierbussen, machinevoeten, trillingsdempermatten, trillingsdemperrails en kraanbuffers behoren tot ons aanbod. &lt;/p&gt;</description></category>
<category name="StructureGroup_2412787353820106"><name>StructureGroup_2412787353820106</name><root>0</root><online>1</online><parent name="StructureGroup_2412787353820105"/><custom-attributes><custom-attribute name="ShowInMenu" dt:dt="string" xml:lang="en-US">True</custom-attribute><custom-attribute name="CategoryPageIndex" dt:dt="int">2147483647</custom-attribute><custom-attribute name="image-base-name" dt:dt="string">category-images/koudwater_hogedrukreinigers.png</custom-attribute></custom-attributes><display-name xml:lang="de-DE">Kaltwasser-Hochdruckreiniger</display-name><display-name xml:lang="en-GB">Coldwater highpressure cleaners</display-name><display-name xml:lang="nl-BE">Koudwater hogedrukreinigers</display-name><display-name xml:lang="nl-NL">Koudwater hogedrukreinigers</display-name></category>
<category name="StructureGroup_2412787353820107"><name>StructureGroup_2412787353820107</name><root>0</root><online>1</online><parent name="StructureGroup_2412787353820105"/><custom-attributes><custom-attribute name="ShowInMenu" dt:dt="string" xml:lang="en-US">True</custom-attribute><custom-attribute name="CategoryPageIndex" dt:dt="int">2147483647</custom-attribute><custom-attribute name="image-base-name" dt:dt="string">category-images/warmwater_hogedrukreinigers.png</custom-attribute></custom-attributes><display-name xml:lang="de-DE">Heißwasser-Hochdruckreiniger</display-name><display-name xml:lang="en-GB">Hotwater highpressure cleaners</display-name><display-name xml:lang="nl-BE">Warmwater hogedrukreinigers</display-name><display-name xml:lang="nl-NL">Warmwater hogedrukreinigers</display-name></category>
<category name="StructureGroup_2412787353820108"><name>StructureGroup_2412787353820108</name><root>0</root><online>1</online><parent name="StructureGroup_2412787353820105"/><custom-attributes><custom-attribute name="ShowInMenu" dt:dt="string" xml:lang="en-US">True</custom-attribute><custom-attribute name="CategoryPageIndex" dt:dt="int">2147483647</custom-attribute><custom-attribute name="image-base-name" dt:dt="string">category-images/reinigingsmiddelen.png</custom-attribute></custom-attributes><display-name xml:lang="de-DE">Reinigungsmittel für Hochdruckreiniger</display-name><display-name xml:lang="en-GB">Cleaning</display-name><display-name xml:lang="nl-BE">Reinigingsmiddelen</display-name><display-name xml:lang="nl-NL">Reinigingsmiddelen</display-name></category>
<category name="StructureGroup_2412787353820109"><name>StructureGroup_2412787353820109</name><root>0</root><online>1</online><parent name="StructureGroup_2412787353820105"/><custom-attributes><custom-attribute name="ShowInMenu" dt:dt="string" xml:lang="en-US">True</custom-attribute><custom-attribute name="CategoryPageIndex" dt:dt="int">2147483647</custom-attribute><custom-attribute name="image-base-name" dt:dt="string">category-images/onderdelen_hogedrukreinigers.png</custom-attribute></custom-attributes><display-name xml:lang="de-DE">Hochdruckreinigerteile</display-name><display-name xml:lang="en-GB">Parts highspressure cleaners</display-name><display-name xml:lang="nl-BE">Onderdelen hogedrukreinigers</display-name><display-name xml:lang="nl-NL">Onderdelen hogedrukreinigers</display-name></category>
<category name="StructureGroup_2412787353820105"><name>StructureGroup_2412787353820105</name><root>0</root><online>1</online><parent name="1463123324129"/><custom-attributes><custom-attribute name="ShowInMenu" dt:dt="string" xml:lang="en-US">True</custom-attribute><custom-attribute name="CategoryPageIndex" dt:dt="int">2147483647</custom-attribute><custom-attribute name="image-base-name" dt:dt="string">category-images/hogedrukreinigers.png</custom-attribute></custom-attributes><display-name xml:lang="de-DE">Hochdruckreiniger</display-name><display-name xml:lang="en-GB">Highpressure cleaners</display-name><display-name xml:lang="nl-BE">Hogedrukreinigers</display-name><display-name xml:lang="nl-NL">Hogedrukreinigers</display-name><description xml:lang="nl-BE">&lt;p&gt;Vakmannen gebruiken hogedrukreinigers vaak voor intensieve reinigingsklussen.&lt;/p&gt;&lt;p&gt;In onze webshop vind je twee typen hogedrukreinigers: koudwaterhogedrukreinigers en warmwaterhogedrukreinigers. Bovendien bestel je snel en gemakkelijk alle bijbehorende onderdelen voor hogedrukreinigers in onze webshop.&lt;/p&gt;&lt;p&gt;&lt;strong&gt;Koudwaterhogedrukreinigers&lt;br /&gt;&lt;/strong&gt;Koudwaterhogedrukreinigers worden veel gebruikt voor reiniging bij huis-tuin-en-keukenklusjes. Denk bijvoorbeeld aan tuinwerkzaamheden als het schoonspuiten van het terras, of voertuigenreiniging en werkplaatsreiniging. De koudwaterhogedrukreinigers uit ons assortiment zijn geschikt voor professioneel gebruik.&lt;/p&gt;&lt;p&gt;&lt;strong&gt;Warmwaterhogedrukreinigers&lt;br /&gt;&lt;/strong&gt;Werk je zeer regelmatig met een hogedrukreiniger of heb je te maken met lastige stoffen als gestolde olie, hars en vet? Een warmwaterhogedrukreiniger is dan jouw apparaat. Dankzij de warmwaterfunctie verbetert het emulgeren van deze stoffen en kan je ze gemakkelijk wegspoelen. De warmwaterhogedrukreinigers uit ons assortiment zijn geschikt voor professioneel gebruik. Deze apparaten worden veel gebruikt voor het verwijderen van graffiti, gevelreiniging, kauwgomverwijdering en andere zware klussen. &lt;/p&gt;</description><description xml:lang="nl-NL">&lt;p&gt;Vakmannen gebruiken hogedrukreinigers vaak voor intensieve reinigingsklussen.&lt;/p&gt;&lt;p&gt;In onze webshop vind je twee typen hogedrukreinigers: koudwaterhogedrukreinigers en warmwaterhogedrukreinigers. Bovendien bestel je snel en gemakkelijk alle bijbehorende onderdelen voor hogedrukreinigers in onze webshop.&lt;/p&gt;&lt;p&gt;&lt;strong&gt;Koudwaterhogedrukreinigers&lt;br /&gt;&lt;/strong&gt;Koudwaterhogedrukreinigers worden veel gebruikt voor reiniging bij huis-tuin-en-keukenklusjes. Denk bijvoorbeeld aan tuinwerkzaamheden als het schoonspuiten van het terras, of voertuigenreiniging en werkplaatsreiniging. De koudwaterhogedrukreinigers uit ons assortiment zijn geschikt voor professioneel gebruik.&lt;/p&gt;&lt;p&gt;&lt;strong&gt;Warmwaterhogedrukreinigers&lt;br /&gt;&lt;/strong&gt;Werk je zeer regelmatig met een hogedrukreiniger of heb je te maken met lastige stoffen als gestolde olie, hars en vet? Een warmwaterhogedrukreiniger is dan jouw apparaat. Dankzij de warmwaterfunctie verbetert het emulgeren van deze stoffen en kan je ze gemakkelijk wegspoelen. De warmwaterhogedrukreinigers uit ons assortiment zijn geschikt voor professioneel gebruik. Deze apparaten worden veel gebruikt voor het verwijderen van graffiti, gevelreiniging, kauwgomverwijdering en andere zware klussen. &lt;/p&gt;</description></category>
<category name="StructureGroup_4026386266618285"><name>StructureGroup_4026386266618285</name><root>0</root><online>1</online><parent name="StructureGroup_3766080261404192"/><custom-attributes><custom-attribute name="ShowInMenu" dt:dt="string" xml:lang="en-US">True</custom-attribute><custom-attribute name="CategoryPageIndex" dt:dt="int">2147483647</custom-attribute><custom-attribute name="image-base-name" dt:dt="string">category-images/alleszuigers.png</custom-attribute></custom-attributes><display-name xml:lang="de-DE">Nass- und Trockensauger</display-name><display-name xml:lang="nl-BE">Alleszuigers</display-name><display-name xml:lang="nl-NL">Alleszuigers</display-name></category>
<category name="StructureGroup_4026386266618286"><name>StructureGroup_4026386266618286</name><root>0</root><online>1</online><parent name="StructureGroup_3766080261404192"/><custom-attributes><custom-attribute name="ShowInMenu" dt:dt="string" xml:lang="en-US">True</custom-attribute><custom-attribute name="CategoryPageIndex" dt:dt="int">2147483647</custom-attribute><custom-attribute name="image-base-name" dt:dt="string">category-images/industrile_stofzuigers.png</custom-attribute></custom-attributes><display-name xml:lang="de-DE">Industrielle Staubsauger</display-name><display-name xml:lang="nl-BE">Industriële stofzuigers</display-name><display-name xml:lang="nl-NL">Industriële stofzuigers</display-name></category>
<category name="StructureGroup_4026386266618287"><name>StructureGroup_4026386266618287</name><root>0</root><online>1</online><parent name="StructureGroup_3766080261404192"/><custom-attributes><custom-attribute name="ShowInMenu" dt:dt="string" xml:lang="en-US">True</custom-attribute><custom-attribute name="CategoryPageIndex" dt:dt="int">2147483647</custom-attribute><custom-attribute name="image-base-name" dt:dt="string">category-images/toebehoren_voor_stofzuigers.png</custom-attribute></custom-attributes><display-name xml:lang="de-DE">Zubehör für Staubsauger</display-name><display-name xml:lang="nl-BE">Toebehoren voor stofzuigers</display-name><display-name xml:lang="nl-NL">Toebehoren voor stofzuigers</display-name></category>
<category name="StructureGroup_3766080261404192"><name>StructureGroup_3766080261404192</name><root>0</root><online>1</online><parent name="1463123324129"/><custom-attributes><custom-attribute name="ShowInMenu" dt:dt="string" xml:lang="en-US">True</custom-attribute><custom-attribute name="CategoryPageIndex" dt:dt="int">2147483647</custom-attribute><custom-attribute name="image-base-name" dt:dt="string">category-images/stofzuigers.png</custom-attribute></custom-attributes><display-name xml:lang="de-DE">Staubsauger</display-name><display-name xml:lang="nl-BE">Stofzuigers</display-name><display-name xml:lang="nl-NL">Stofzuigers</display-name><description xml:lang="nl-BE">&lt;p&gt;Op het gebied van professionele stofzuigers hebben we een ruim aanbod. In ons assortiment vind je niet alleen alleszuigers maar ook industriële stofzuigers voor het zwaardere werk. Bovendien vind je allerlei toebehoren voor stofzuigers. Denk aan losse zuigslangen of zuigsetten met vloeistoffen en spanen.&lt;/p&gt;&lt;p&gt;&lt;strong&gt;Alleszuigers&lt;br /&gt;&lt;/strong&gt;Met de alleszuigers uit ons assortiment maak én houd je elke werkplek stofvrij. Zo sluit je bijvoorbeeld een alleszuiger gemakkelijk aan op een schuurmachine of zaagmachine. Je vangt het stof vervolgens op in het reservoir. We hebben bovendien alleszuigers in ons aanbod die zowel nat als droog kunnen zuigen. In ons assortiment vind je alleszuigers van de merken Bosch, Hitachi, Kärcher en Metabo. &lt;/p&gt;&lt;p&gt;&lt;strong&gt;Industriële stofzuigers&lt;br /&gt;&lt;/strong&gt;Bepaalde klussen moeten uitgevoerd worden door vakexperts. De expert onder de stofzuigers is een industriële stofzuiger. Deze stofzuigers zijn geschikt voor het opzuigen van bijvoorbeeld fijnstof, explosiegevaarlijke stoffen en zwaardere materialen. Ook het opzuigen van olie en chemische vloeistoffen behoort tot de mogelijkheden. In ons assortiment vind je industriële stofzuigers van de merken Bosch en Kärcher. &lt;/p&gt;</description><description xml:lang="nl-NL">&lt;p&gt;Op het gebied van professionele stofzuigers hebben we een ruim aanbod. In ons assortiment vind je niet alleen alleszuigers maar ook industriële stofzuigers voor het zwaardere werk. Bovendien vind je allerlei toebehoren voor stofzuigers. Denk aan losse zuigslangen of zuigsetten met vloeistoffen en spanen.&lt;/p&gt;&lt;p&gt;&lt;strong&gt;Alleszuigers&lt;br /&gt;&lt;/strong&gt;Met de alleszuigers uit ons assortiment maak én houd je elke werkplek stofvrij. Zo sluit je bijvoorbeeld een alleszuiger gemakkelijk aan op een schuurmachine of zaagmachine. Je vangt het stof vervolgens op in het reservoir. We hebben bovendien alleszuigers in ons aanbod die zowel nat als droog kunnen zuigen. In ons assortiment vind je alleszuigers van de merken Bosch, Hitachi, Kärcher en Metabo. &lt;/p&gt;&lt;p&gt;&lt;strong&gt;Industriële stofzuigers&lt;br /&gt;&lt;/strong&gt;Bepaalde klussen moeten uitgevoerd worden door vakexperts. De expert onder de stofzuigers is een industriële stofzuiger. Deze stofzuigers zijn geschikt voor het opzuigen van bijvoorbeeld fijnstof, explosiegevaarlijke stoffen en zwaardere materialen. Ook het opzuigen van olie en chemische vloeistoffen behoort tot de mogelijkheden. In ons assortiment vind je industriële stofzuigers van de merken Bosch en Kärcher. &lt;/p&gt;</description></category>
<category name="1463123324129"><name>1463123324129</name><root>1</root><online>1</online><custom-attributes><custom-attribute name="ShowInMenu" dt:dt="string" xml:lang="en-US">True</custom-attribute><custom-attribute name="CategoryPageIndex" dt:dt="int">16000</custom-attribute><custom-attribute name="image-base-name" dt:dt="string">category-images/machines.png</custom-attribute></custom-attributes><display-name xml:lang="de-DE">Maschinen</display-name><display-name xml:lang="en-GB">Machines</display-name><display-name xml:lang="fr-FR">Machines</display-name><display-name xml:lang="nl-BE">Machines</display-name><display-name xml:lang="nl-NL">Machines</display-name><description xml:lang="de-DE">Hochdruckreiniger, Bohrmaschinen, Drehmaschinen, Schwingungsdämpfer, Staubsauger, Sägemaschinen und vieles mehr. Welche Maschine Sie auch suchen, wir haben sie in unserem Sortiment. Qualität ist für uns genauso wichtig wie für Sie, deshalb bieten wir nur die besten Marken in unserem Onlineshop an.</description><description xml:lang="nl-BE">Een hogedrukreiniger, kolomboormachine, draaibank, trillingdemper, stofzuiger of zaagmachine, en ga zo maar door. Welke machines u ook zoekt, wij hebben ze in ons assortiment. Kwaliteit vinden wij net zo belangrijk als u, en daarom hebben wij alleen de beste A-merken in onze webshop.</description><description xml:lang="nl-NL">Een hogedrukreiniger, kolomboormachine, draaibank, trillingdemper, stofzuiger of zaagmachine, en ga zo maar door. Welke machines je ook zoekt, wij hebben het in ons assortiment. Kwaliteit vinden wij net zo belangrijk als jij, en daarom hebben wij alleen de beste A-merken in onze webshop.</description></category>
</enfinity>