<?xml version="1.0" encoding="UTF-8"?>
<enfinity xsi:schemaLocation="http://www.intershop.com/xml/ns/enfinity/7.0/xcs/impex catalog.xsd http://www.intershop.com/xml/ns/enfinity/6.5/core/impex-dt dt.xsd" xmlns:xsi="http://www.w3.org/2001/XMLSchema-instance" xmlns="http://www.intershop.com/xml/ns/enfinity/7.0/xcs/impex" xmlns:xml="http://www.w3.org/XML/1998/namespace" xmlns:dt="http://www.intershop.com/xml/ns/enfinity/6.5/core/impex-dt" major="6" minor="1" family="enfinity" branch="enterprise" build="build">
<category name="StructureGroup_6898497876352113"><name>StructureGroup_6898497876352113</name><root>0</root><online>1</online><parent name="1463123324092"/><custom-attributes><custom-attribute name="ShowInMenu" dt:dt="string" xml:lang="en-US">True</custom-attribute><custom-attribute name="CategoryPageIndex" dt:dt="int">2147483647</custom-attribute><custom-attribute name="image-base-name" dt:dt="string">category-images/lashelmen_and_brillen.png</custom-attribute></custom-attributes><display-name xml:lang="de-DE">Schweißhelme und -brillen</display-name><display-name xml:lang="nl-BE">Lashelmen &amp; brillen</display-name><display-name xml:lang="nl-NL">Lashelmen &amp; brillen</display-name></category>
<category name="StructureGroup_6898497876352114"><name>StructureGroup_6898497876352114</name><root>0</root><online>1</online><parent name="1463123324092"/><custom-attributes><custom-attribute name="ShowInMenu" dt:dt="string" xml:lang="en-US">True</custom-attribute><custom-attribute name="CategoryPageIndex" dt:dt="int">2147483647</custom-attribute><custom-attribute name="image-base-name" dt:dt="string">category-images/lasglazen.png</custom-attribute></custom-attributes><display-name xml:lang="de-DE">Schweißgläser</display-name><display-name xml:lang="nl-BE">Lasglazen</display-name><display-name xml:lang="nl-NL">Lasglazen</display-name></category>
<category name="StructureGroup_6898497876352115"><name>StructureGroup_6898497876352115</name><root>0</root><online>1</online><parent name="1463123324092"/><custom-attributes><custom-attribute name="ShowInMenu" dt:dt="string" xml:lang="en-US">True</custom-attribute><custom-attribute name="CategoryPageIndex" dt:dt="int">2147483647</custom-attribute><custom-attribute name="image-base-name" dt:dt="string">category-images/lasschermen_tenten_and_gordijnen.png</custom-attribute></custom-attributes><display-name xml:lang="de-DE">Schweißvorhänge und -zelte</display-name><display-name xml:lang="nl-BE">Lasschermen, tenten &amp; gordijnen</display-name><display-name xml:lang="nl-NL">Lasschermen, tenten &amp; gordijnen</display-name></category>
<category name="StructureGroup_6898497876352116"><name>StructureGroup_6898497876352116</name><root>0</root><online>1</online><parent name="1463123324092"/><custom-attributes><custom-attribute name="ShowInMenu" dt:dt="string" xml:lang="en-US">True</custom-attribute><custom-attribute name="CategoryPageIndex" dt:dt="int">2147483647</custom-attribute><custom-attribute name="image-base-name" dt:dt="string">category-images/accesoires_voor_lasschermen.png</custom-attribute></custom-attributes><display-name xml:lang="de-DE">Zubehör für Schweißvorhänge</display-name><display-name xml:lang="nl-BE">Accesoires voor lasschermen</display-name><display-name xml:lang="nl-NL">Accesoires voor lasschermen</display-name></category>
<category name="StructureGroup_6898497876352117"><name>StructureGroup_6898497876352117</name><root>0</root><online>1</online><parent name="1463123324092"/><custom-attributes><custom-attribute name="ShowInMenu" dt:dt="string" xml:lang="en-US">True</custom-attribute><custom-attribute name="CategoryPageIndex" dt:dt="int">2147483647</custom-attribute><custom-attribute name="image-base-name" dt:dt="string">category-images/lasdekens.png</custom-attribute></custom-attributes><display-name xml:lang="de-DE">Schweißdecken</display-name><display-name xml:lang="nl-BE">Lasdekens</display-name><display-name xml:lang="nl-NL">Lasdekens</display-name></category>
<category name="StructureGroup_6898497876352118"><name>StructureGroup_6898497876352118</name><root>0</root><online>1</online><parent name="1463123324092"/><custom-attributes><custom-attribute name="ShowInMenu" dt:dt="string" xml:lang="en-US">True</custom-attribute><custom-attribute name="CategoryPageIndex" dt:dt="int">2147483647</custom-attribute><custom-attribute name="image-base-name" dt:dt="string">category-images/laskleding.png</custom-attribute></custom-attributes><display-name xml:lang="de-DE">Schweißkleidung</display-name><display-name xml:lang="nl-BE">Laskleding</display-name><display-name xml:lang="nl-NL">Laskleding</display-name></category>
<category name="StructureGroup_6898497876352119"><name>StructureGroup_6898497876352119</name><root>0</root><online>1</online><parent name="1463123324092"/><custom-attributes><custom-attribute name="ShowInMenu" dt:dt="string" xml:lang="en-US">True</custom-attribute><custom-attribute name="CategoryPageIndex" dt:dt="int">2147483647</custom-attribute><custom-attribute name="image-base-name" dt:dt="string">category-images/lashandschoenen_and_petten.png</custom-attribute></custom-attributes><display-name xml:lang="de-DE">Schweißhandschuhe und -kappen</display-name><display-name xml:lang="nl-BE">Lashandschoenen &amp; petten</display-name><display-name xml:lang="nl-NL">Lashandschoenen &amp; petten</display-name></category>
<category name="StructureGroup_6898497876352120"><name>StructureGroup_6898497876352120</name><root>0</root><online>1</online><parent name="1463123324092"/><custom-attributes><custom-attribute name="ShowInMenu" dt:dt="string" xml:lang="en-US">True</custom-attribute><custom-attribute name="CategoryPageIndex" dt:dt="int">2147483647</custom-attribute><custom-attribute name="image-base-name" dt:dt="string">category-images/lastafels.png</custom-attribute></custom-attributes><display-name xml:lang="de-DE">Schweißtische</display-name><display-name xml:lang="nl-BE">Lastafels</display-name><display-name xml:lang="nl-NL">Lastafels</display-name></category>
<category name="1463123324092"><name>1463123324092</name><root>0</root><online>1</online><parent name="1463123324090"/><custom-attributes><custom-attribute name="ShowInMenu" dt:dt="string" xml:lang="en-US">True</custom-attribute><custom-attribute name="CategoryPageIndex" dt:dt="int">4000</custom-attribute><custom-attribute name="image-base-name" dt:dt="string">category-images/lasveiligheid.png</custom-attribute></custom-attributes><display-name xml:lang="de-DE">Schweißsicherheit</display-name><display-name xml:lang="en-GB">Safety</display-name><display-name xml:lang="fr-FR">Sécurité</display-name><display-name xml:lang="nl-BE">Lasveiligheid</display-name><display-name xml:lang="nl-NL">Lasveiligheid</display-name><description xml:lang="nl-BE">&lt;p&gt;Lassen is een klus waar veiligheid noodzakelijk is. Door de combinatie van elektriciteit en brandbaar gas is er een verhoogd risico op brand- en ontploffingsgevaar. Wees daarom voorbereid op eventuele ongelukken en stel jouw veiligheid boven alles. Zorg dat je alle brandbare voorwerpen opbergt en houd een brandblusser in de buurt.&lt;/p&gt;&lt;p&gt;&lt;strong&gt;Veilige lasruimte&lt;/strong&gt;&lt;br /&gt;De ruimte waar je in werkt moet je goed ventileren. Dat doe je met lasafzuiging. Werk je met meer lassers tegelijk? Dan raden wij het gebruik van een lasgordijn aan. Een lasgordijn blokkeert het uv-licht en is zelfdovend bij brand. Wij hebben honderden producten in ons assortiment die bijdragen aan een veilige lasomgeving. Denk niet alleen aan lasdekens en lasgordijnen, maar ook aan een lastent, lastafel en vuurvaste stenen.&lt;/p&gt;&lt;p&gt;&lt;br /&gt;&lt;strong&gt;Lichamelijke veiligheid&lt;br /&gt;&lt;/strong&gt;Uiteraard moet je ook je lichaam voldoende beschermen. Zo is het dragen van een lashelm- of scherm verstandig en draag je hittebestendige lashandschoenen of andere beschermende kleding. Met de producten uit onze webshop kan jij veilig aan de slag.&lt;/p&gt;</description><description xml:lang="nl-NL">&lt;p&gt;Lassen is een klus waar veiligheid noodzakelijk is. Door de combinatie van elektriciteit en brandbaar gas is er een verhoogd risico op brand- en ontploffingsgevaar. Wees daarom voorbereid op eventuele ongelukken en stel jouw veiligheid boven alles. Zorg dat je alle brandbare voorwerpen opbergt en houd een brandblusser in de buurt.&lt;/p&gt;&lt;p&gt;&lt;strong&gt;Veilige lasruimte&lt;/strong&gt;&lt;br /&gt;De ruimte waar je in werkt moet je goed ventileren. Dat doe je met lasafzuiging. Werk je met meer lassers tegelijk? Dan raden wij het gebruik van een lasgordijn aan. Een lasgordijn blokkeert het uv-licht en is zelfdovend bij brand. Wij hebben honderden producten in ons assortiment die bijdragen aan een veilige lasomgeving. Denk niet alleen aan lasdekens en lasgordijnen, maar ook aan een lastent, lastafel en vuurvaste stenen.&lt;/p&gt;&lt;p&gt;&lt;br /&gt;&lt;strong&gt;Lichamelijke veiligheid&lt;br /&gt;&lt;/strong&gt;Uiteraard moet je ook je lichaam voldoende beschermen. Zo is het dragen van een lashelm- of scherm verstandig en draag je hittebestendige lashandschoenen of andere beschermende kleding. Met de producten uit onze webshop kan jij veilig aan de slag.&lt;/p&gt;</description></category>
<category name="StructureGroup_6898497876352048"><name>StructureGroup_6898497876352048</name><root>0</root><online>1</online><parent name="StructureGroup_6898497876352047"/><custom-attributes><custom-attribute name="ShowInMenu" dt:dt="string" xml:lang="en-US">True</custom-attribute><custom-attribute name="CategoryPageIndex" dt:dt="int">2147483647</custom-attribute><custom-attribute name="image-base-name" dt:dt="string">category-images/elektrode_lasapparaten.png</custom-attribute></custom-attributes><display-name xml:lang="de-DE">Elektroden Schweißmaschinen</display-name><display-name xml:lang="nl-BE">Elektrode lasapparaten</display-name><display-name xml:lang="nl-NL">Elektrode lasapparaten</display-name></category>
<category name="StructureGroup_6898497876352049"><name>StructureGroup_6898497876352049</name><root>0</root><online>1</online><parent name="StructureGroup_6898497876352047"/><custom-attributes><custom-attribute name="ShowInMenu" dt:dt="string" xml:lang="en-US">True</custom-attribute><custom-attribute name="CategoryPageIndex" dt:dt="int">2147483647</custom-attribute><custom-attribute name="image-base-name" dt:dt="string">category-images/elektrode_lastoortsen.png</custom-attribute></custom-attributes><display-name xml:lang="de-DE">Elektroden Schweißbrenner</display-name><display-name xml:lang="nl-BE">Elektrode lastoortsen</display-name><display-name xml:lang="nl-NL">Elektrode lastoortsen</display-name></category>
<category name="StructureGroup_6898497876352050"><name>StructureGroup_6898497876352050</name><root>0</root><online>1</online><parent name="StructureGroup_6898497876352047"/><custom-attributes><custom-attribute name="ShowInMenu" dt:dt="string" xml:lang="en-US">True</custom-attribute><custom-attribute name="CategoryPageIndex" dt:dt="int">2147483647</custom-attribute><custom-attribute name="image-base-name" dt:dt="string">category-images/reserveonderdelen_elektrode_lassen.png</custom-attribute></custom-attributes><display-name xml:lang="de-DE">Ersatzteile und Zubehör für Elektrodenschweißen</display-name><display-name xml:lang="nl-BE">Reserveonderdelen elektrode lassen</display-name><display-name xml:lang="nl-NL">Reserveonderdelen elektrode lassen</display-name></category>
<category name="StructureGroup_6898497876352051"><name>StructureGroup_6898497876352051</name><root>0</root><online>1</online><parent name="StructureGroup_6898497876352047"/><custom-attributes><custom-attribute name="ShowInMenu" dt:dt="string" xml:lang="en-US">True</custom-attribute><custom-attribute name="CategoryPageIndex" dt:dt="int">2147483647</custom-attribute><custom-attribute name="image-base-name" dt:dt="string">category-images/toevoegmaterialen_elektrode_lassen.png</custom-attribute></custom-attributes><display-name xml:lang="de-DE">Elektrodenschweißzusätze</display-name><display-name xml:lang="nl-BE">Toevoegmaterialen elektrode lassen</display-name><display-name xml:lang="nl-NL">Toevoegmaterialen elektrode lassen</display-name></category>
<category name="StructureGroup_6898497876352047"><name>StructureGroup_6898497876352047</name><root>0</root><online>1</online><parent name="1463123324090"/><custom-attributes><custom-attribute name="ShowInMenu" dt:dt="string" xml:lang="en-US">True</custom-attribute><custom-attribute name="CategoryPageIndex" dt:dt="int">7000</custom-attribute><custom-attribute name="image-base-name" dt:dt="string">category-images/elektrode_lassen.png</custom-attribute></custom-attributes><display-name xml:lang="de-DE">Elektrodenschweißen</display-name><display-name xml:lang="nl-BE">Elektrode lassen</display-name><display-name xml:lang="nl-NL">Elektrode lassen</display-name></category>
<category name="StructureGroup_6898497876352053"><name>StructureGroup_6898497876352053</name><root>0</root><online>1</online><parent name="StructureGroup_6898497876352052"/><custom-attributes><custom-attribute name="ShowInMenu" dt:dt="string" xml:lang="en-US">True</custom-attribute><custom-attribute name="CategoryPageIndex" dt:dt="int">2147483647</custom-attribute><custom-attribute name="image-base-name" dt:dt="string">category-images/mig_mag_lasapparaten.png</custom-attribute></custom-attributes><display-name xml:lang="de-DE">MIG/MAG-Schweißmaschinen</display-name><display-name xml:lang="nl-BE">MIG/MAG lasapparaten</display-name><display-name xml:lang="nl-NL">MIG/MAG lasapparaten</display-name></category>
<category name="StructureGroup_6898497876352054"><name>StructureGroup_6898497876352054</name><root>0</root><online>1</online><parent name="StructureGroup_6898497876352052"/><custom-attributes><custom-attribute name="ShowInMenu" dt:dt="string" xml:lang="en-US">True</custom-attribute><custom-attribute name="CategoryPageIndex" dt:dt="int">2147483647</custom-attribute><custom-attribute name="image-base-name" dt:dt="string">category-images/mig_mag_lastoortsen.png</custom-attribute></custom-attributes><display-name xml:lang="de-DE">MIG/MAG-Schweißbrenner</display-name><display-name xml:lang="nl-BE">MIG/MAG lastoortsen</display-name><display-name xml:lang="nl-NL">MIG/MAG lastoortsen</display-name></category>
<category name="StructureGroup_6898497876352055"><name>StructureGroup_6898497876352055</name><root>0</root><online>1</online><parent name="StructureGroup_6898497876352052"/><custom-attributes><custom-attribute name="ShowInMenu" dt:dt="string" xml:lang="en-US">True</custom-attribute><custom-attribute name="CategoryPageIndex" dt:dt="int">2147483647</custom-attribute><custom-attribute name="image-base-name" dt:dt="string">category-images/reserveonderdelen_mig_mag_lassen.png</custom-attribute></custom-attributes><display-name xml:lang="de-DE">Ersatzteile und Zubehör für MIG/MAG-Schweißen</display-name><display-name xml:lang="nl-BE">Reserveonderdelen MIG/MAG lassen</display-name><display-name xml:lang="nl-NL">Reserveonderdelen MIG/MAG lassen</display-name></category>
<category name="StructureGroup_6898497876352056"><name>StructureGroup_6898497876352056</name><root>0</root><online>1</online><parent name="StructureGroup_6898497876352052"/><custom-attributes><custom-attribute name="ShowInMenu" dt:dt="string" xml:lang="en-US">True</custom-attribute><custom-attribute name="CategoryPageIndex" dt:dt="int">2147483647</custom-attribute><custom-attribute name="image-base-name" dt:dt="string">category-images/toevoegmaterialen_mig_mag_lassen.png</custom-attribute></custom-attributes><display-name xml:lang="de-DE">MIG/MAG-Schweißzusätze</display-name><display-name xml:lang="nl-BE">Toevoegmaterialen MIG/MAG lassen</display-name><display-name xml:lang="nl-NL">Toevoegmaterialen MIG/MAG lassen</display-name></category>
<category name="StructureGroup_6898497876352052"><name>StructureGroup_6898497876352052</name><root>0</root><online>1</online><parent name="1463123324090"/><custom-attributes><custom-attribute name="ShowInMenu" dt:dt="string" xml:lang="en-US">True</custom-attribute><custom-attribute name="CategoryPageIndex" dt:dt="int">10000</custom-attribute><custom-attribute name="image-base-name" dt:dt="string">category-images/mig_mag_lassen.png</custom-attribute></custom-attributes><display-name xml:lang="de-DE">MIG/MAG-Schweißen</display-name><display-name xml:lang="nl-BE">MIG/MAG lassen</display-name><display-name xml:lang="nl-NL">MIG/MAG lassen</display-name></category>
<category name="StructureGroup_6898497876352098"><name>StructureGroup_6898497876352098</name><root>0</root><online>1</online><parent name="StructureGroup_6898497876352097"/><custom-attributes><custom-attribute name="ShowInMenu" dt:dt="string" xml:lang="en-US">True</custom-attribute><custom-attribute name="CategoryPageIndex" dt:dt="int">2147483647</custom-attribute><custom-attribute name="image-base-name" dt:dt="string">category-images/tig_lasapparaten.png</custom-attribute></custom-attributes><display-name xml:lang="de-DE">WIG-Schweißmaschinen</display-name><display-name xml:lang="nl-BE">TIG lasapparaten</display-name><display-name xml:lang="nl-NL">TIG lasapparaten</display-name></category>
<category name="StructureGroup_6898497876352099"><name>StructureGroup_6898497876352099</name><root>0</root><online>1</online><parent name="StructureGroup_6898497876352097"/><custom-attributes><custom-attribute name="ShowInMenu" dt:dt="string" xml:lang="en-US">True</custom-attribute><custom-attribute name="CategoryPageIndex" dt:dt="int">2147483647</custom-attribute><custom-attribute name="image-base-name" dt:dt="string">category-images/tig_lastoortsen.png</custom-attribute></custom-attributes><display-name xml:lang="de-DE">WIG-Schweißbrenner</display-name><display-name xml:lang="nl-BE">TIG lastoortsen</display-name><display-name xml:lang="nl-NL">TIG lastoortsen</display-name></category>
<category name="StructureGroup_6898497876352100"><name>StructureGroup_6898497876352100</name><root>0</root><online>1</online><parent name="StructureGroup_6898497876352097"/><custom-attributes><custom-attribute name="ShowInMenu" dt:dt="string" xml:lang="en-US">True</custom-attribute><custom-attribute name="CategoryPageIndex" dt:dt="int">2147483647</custom-attribute><custom-attribute name="image-base-name" dt:dt="string">category-images/reserveonderdelen_tig_lassen.png</custom-attribute></custom-attributes><display-name xml:lang="de-DE">Ersatzteile und Zubehör für WIG-Schweißen</display-name><display-name xml:lang="nl-BE">Reserveonderdelen TIG lassen</display-name><display-name xml:lang="nl-NL">Reserveonderdelen TIG lassen</display-name></category>
<category name="StructureGroup_6898497876352101"><name>StructureGroup_6898497876352101</name><root>0</root><online>1</online><parent name="StructureGroup_6898497876352097"/><custom-attributes><custom-attribute name="ShowInMenu" dt:dt="string" xml:lang="en-US">True</custom-attribute><custom-attribute name="CategoryPageIndex" dt:dt="int">2147483647</custom-attribute><custom-attribute name="image-base-name" dt:dt="string">category-images/toevoegmaterialen_tig_lassen.png</custom-attribute></custom-attributes><display-name xml:lang="de-DE">WIG-Schweißzusätze</display-name><display-name xml:lang="nl-BE">Toevoegmaterialen TIG lassen</display-name><display-name xml:lang="nl-NL">Toevoegmaterialen TIG lassen</display-name></category>
<category name="StructureGroup_6898497876352097"><name>StructureGroup_6898497876352097</name><root>0</root><online>1</online><parent name="1463123324090"/><custom-attributes><custom-attribute name="ShowInMenu" dt:dt="string" xml:lang="en-US">True</custom-attribute><custom-attribute name="CategoryPageIndex" dt:dt="int">12000</custom-attribute><custom-attribute name="image-base-name" dt:dt="string">category-images/tig_lassen.png</custom-attribute></custom-attributes><display-name xml:lang="de-DE">WIG-Schweißen</display-name><display-name xml:lang="nl-BE">TIG lassen</display-name><display-name xml:lang="nl-NL">TIG lassen</display-name></category>
<category name="1463123324125"><name>1463123324125</name><root>0</root><online>1</online><parent name="StructureGroup_6898497876352102"/><custom-attributes><custom-attribute name="ShowInMenu" dt:dt="string" xml:lang="en-US">True</custom-attribute><custom-attribute name="CategoryPageIndex" dt:dt="int">1500</custom-attribute><custom-attribute name="image-base-name" dt:dt="string">category-images/snijbranders.png</custom-attribute></custom-attributes><display-name xml:lang="de-DE">Schneidbrenner</display-name><display-name xml:lang="en-GB">Cutting Torches</display-name><display-name xml:lang="fr-FR">Chalumeaux coupeurs</display-name><display-name xml:lang="nl-BE">Snijbranders</display-name><display-name xml:lang="nl-NL">Snijbranders</display-name></category>
<category name="StructureGroup_6898497876352103"><name>StructureGroup_6898497876352103</name><root>0</root><online>1</online><parent name="StructureGroup_6898497876352102"/><custom-attributes><custom-attribute name="ShowInMenu" dt:dt="string" xml:lang="en-US">True</custom-attribute><custom-attribute name="CategoryPageIndex" dt:dt="int">1000</custom-attribute><custom-attribute name="image-base-name" dt:dt="string">category-images/plasma_snijders.png</custom-attribute></custom-attributes><display-name xml:lang="de-DE">Plasmaschneider</display-name><display-name xml:lang="nl-BE">Plasma snijders</display-name><display-name xml:lang="nl-NL">Plasma snijders</display-name></category>
<category name="StructureGroup_6898497876352105"><name>StructureGroup_6898497876352105</name><root>0</root><online>1</online><parent name="StructureGroup_6898497876352102"/><custom-attributes><custom-attribute name="ShowInMenu" dt:dt="string" xml:lang="en-US">True</custom-attribute><custom-attribute name="CategoryPageIndex" dt:dt="int">2000</custom-attribute><custom-attribute name="image-base-name" dt:dt="string">category-images/toortsen_plasma_snijden.png</custom-attribute></custom-attributes><display-name xml:lang="de-DE">Brenner für plasmaschneiden</display-name><display-name xml:lang="nl-BE">Toortsen plasma snijden</display-name><display-name xml:lang="nl-NL">Toortsen plasma snijden</display-name></category>
<category name="StructureGroup_6898497876352102"><name>StructureGroup_6898497876352102</name><root>0</root><online>1</online><parent name="1463123324090"/><custom-attributes><custom-attribute name="ShowInMenu" dt:dt="string" xml:lang="en-US">True</custom-attribute><custom-attribute name="CategoryPageIndex" dt:dt="int">11000</custom-attribute><custom-attribute name="image-base-name" dt:dt="string">category-images/plasma_snijden_and_autogeen_snijden.png</custom-attribute></custom-attributes><display-name xml:lang="de-DE">Plasmaschneiden &amp; brennschneiden</display-name><display-name xml:lang="nl-BE">Plasma snijden &amp; autogeen snijden</display-name><display-name xml:lang="nl-NL">Plasma snijden &amp; autogeen snijden</display-name></category>
<category name="1463123324127"><name>1463123324127</name><root>0</root><online>1</online><parent name="StructureGroup_6898497876352107"/><custom-attributes><custom-attribute name="ShowInMenu" dt:dt="string" xml:lang="en-US">True</custom-attribute><custom-attribute name="CategoryPageIndex" dt:dt="int">3250</custom-attribute><custom-attribute name="image-base-name" dt:dt="string">category-images/soldeerbouten.png</custom-attribute></custom-attributes><display-name xml:lang="de-DE">Lötkolben</display-name><display-name xml:lang="en-GB">Soldering Irons</display-name><display-name xml:lang="fr-FR">Fers à souder</display-name><display-name xml:lang="nl-BE">Soldeerbouten</display-name><display-name xml:lang="nl-NL">Soldeerbouten</display-name></category>
<category name="StructureGroup_6898497876352062"><name>StructureGroup_6898497876352062</name><root>0</root><online>1</online><parent name="StructureGroup_6898497876352107"/><custom-attributes><custom-attribute name="ShowInMenu" dt:dt="string" xml:lang="en-US">True</custom-attribute><custom-attribute name="CategoryPageIndex" dt:dt="int">3500</custom-attribute><custom-attribute name="image-base-name" dt:dt="string">category-images/reserveonderdelen_autogeen_lassen.png</custom-attribute></custom-attributes><display-name xml:lang="de-DE">Ersatzteile und Zubehör für Autogenschweißen</display-name><display-name xml:lang="nl-BE">Reserveonderdelen autogeen lassen</display-name><display-name xml:lang="nl-NL">Reserveonderdelen autogeen lassen</display-name></category>
<category name="StructureGroup_6898497876352096"><name>StructureGroup_6898497876352096</name><root>0</root><online>1</online><parent name="StructureGroup_6898497876352107"/><custom-attributes><custom-attribute name="ShowInMenu" dt:dt="string" xml:lang="en-US">True</custom-attribute><custom-attribute name="CategoryPageIndex" dt:dt="int">4500</custom-attribute><custom-attribute name="image-base-name" dt:dt="string">category-images/toevoegmaterialen_autogeen_lassen.png</custom-attribute></custom-attributes><display-name xml:lang="de-DE">Autogenschweißzusätze</display-name><display-name xml:lang="nl-BE">Toevoegmaterialen autogeen lassen</display-name><display-name xml:lang="nl-NL">Toevoegmaterialen autogeen lassen</display-name></category>
<category name="StructureGroup_6898497876352109"><name>StructureGroup_6898497876352109</name><root>0</root><online>1</online><parent name="StructureGroup_6898497876352107"/><custom-attributes><custom-attribute name="ShowInMenu" dt:dt="string" xml:lang="en-US">True</custom-attribute><custom-attribute name="CategoryPageIndex" dt:dt="int">2000</custom-attribute><custom-attribute name="image-base-name" dt:dt="string">category-images/lasbranders_and_branders.png</custom-attribute></custom-attributes><display-name xml:lang="de-DE">Schweißbrenner &amp; Brenner</display-name><display-name xml:lang="nl-BE">Lasbranders &amp; Branders</display-name><display-name xml:lang="nl-NL">Lasbranders &amp; Branders</display-name></category>
<category name="StructureGroup_6898497876352110"><name>StructureGroup_6898497876352110</name><root>0</root><online>1</online><parent name="StructureGroup_6898497876352107"/><custom-attributes><custom-attribute name="ShowInMenu" dt:dt="string" xml:lang="en-US">True</custom-attribute><custom-attribute name="CategoryPageIndex" dt:dt="int">1000</custom-attribute><custom-attribute name="image-base-name" dt:dt="string">category-images/gassen_and_toebehoren.png</custom-attribute></custom-attributes><display-name xml:lang="de-DE">Gase und Zubehör</display-name><display-name xml:lang="nl-BE">Gassen &amp; toebehoren</display-name><display-name xml:lang="nl-NL">Gassen &amp; toebehoren</display-name></category>
<category name="StructureGroup_6898497876352111"><name>StructureGroup_6898497876352111</name><root>0</root><online>1</online><parent name="StructureGroup_6898497876352107"/><custom-attributes><custom-attribute name="ShowInMenu" dt:dt="string" xml:lang="en-US">True</custom-attribute><custom-attribute name="CategoryPageIndex" dt:dt="int">5000</custom-attribute><custom-attribute name="image-base-name" dt:dt="string">category-images/toevoegmaterialen_solderen.png</custom-attribute></custom-attributes><display-name xml:lang="de-DE">Lötzusätze</display-name><display-name xml:lang="nl-BE">Toevoegmaterialen solderen</display-name><display-name xml:lang="nl-NL">Toevoegmaterialen solderen</display-name></category>
<category name="StructureGroup_6898497876352112"><name>StructureGroup_6898497876352112</name><root>0</root><online>1</online><parent name="StructureGroup_6898497876352107"/><custom-attributes><custom-attribute name="ShowInMenu" dt:dt="string" xml:lang="en-US">True</custom-attribute><custom-attribute name="CategoryPageIndex" dt:dt="int">3000</custom-attribute><custom-attribute name="image-base-name" dt:dt="string">category-images/soldeer_toebehoren.png</custom-attribute></custom-attributes><display-name xml:lang="de-DE">Zubehör für löten</display-name><display-name xml:lang="nl-BE">Soldeer toebehoren</display-name><display-name xml:lang="nl-NL">Soldeer toebehoren</display-name></category>
<category name="StructureGroup_6898497876352107"><name>StructureGroup_6898497876352107</name><root>0</root><online>1</online><parent name="1463123324090"/><custom-attributes><custom-attribute name="ShowInMenu" dt:dt="string" xml:lang="en-US">True</custom-attribute><custom-attribute name="CategoryPageIndex" dt:dt="int">6000</custom-attribute><custom-attribute name="image-base-name" dt:dt="string">category-images/branders_and_soldeerapparatuur.png</custom-attribute></custom-attributes><display-name xml:lang="de-DE">Löten</display-name><display-name xml:lang="nl-BE">Branders &amp; Soldeerapparatuur</display-name><display-name xml:lang="nl-NL">Branders &amp; Soldeerapparatuur</display-name></category>
<category name="1463123324122"><name>1463123324122</name><root>0</root><online>1</online><parent name="StructureGroup_6898497876352121"/><custom-attributes><custom-attribute name="ShowInMenu" dt:dt="string" xml:lang="en-US">True</custom-attribute><custom-attribute name="CategoryPageIndex" dt:dt="int">2500</custom-attribute><custom-attribute name="image-base-name" dt:dt="string">category-images/lastechniek.png</custom-attribute></custom-attributes><display-name xml:lang="de-DE">Schweißtechnik</display-name><display-name xml:lang="en-GB">Welding Equipment</display-name><display-name xml:lang="fr-FR">Technique de soudage</display-name><display-name xml:lang="nl-BE">Lastechniek</display-name><display-name xml:lang="nl-NL">Lastechniek</display-name></category>
<category name="StructureGroup_6898497876352124"><name>StructureGroup_6898497876352124</name><root>0</root><online>1</online><parent name="StructureGroup_6898497876352121"/><custom-attributes><custom-attribute name="ShowInMenu" dt:dt="string" xml:lang="en-US">True</custom-attribute><custom-attribute name="CategoryPageIndex" dt:dt="int">2000</custom-attribute><custom-attribute name="image-base-name" dt:dt="string">category-images/gassen_and_toebehoren.png</custom-attribute></custom-attributes><display-name xml:lang="de-DE">Gase und Zubehör</display-name><display-name xml:lang="nl-BE">Gassen &amp; toebehoren</display-name><display-name xml:lang="nl-NL">Gassen &amp; toebehoren</display-name></category>
<category name="StructureGroup_6898497876352121"><name>StructureGroup_6898497876352121</name><root>0</root><online>1</online><parent name="1463123324090"/><custom-attributes><custom-attribute name="ShowInMenu" dt:dt="string" xml:lang="en-US">True</custom-attribute><custom-attribute name="CategoryPageIndex" dt:dt="int">9000</custom-attribute><custom-attribute name="image-base-name" dt:dt="string">category-images/lastoebehoren.png</custom-attribute></custom-attributes><display-name xml:lang="de-DE">Schweißzubehör</display-name><display-name xml:lang="nl-BE">Lastoebehoren</display-name><display-name xml:lang="nl-NL">Lastoebehoren</display-name></category>
<category name="StructureGroup_6898497876352126"><name>StructureGroup_6898497876352126</name><root>0</root><online>1</online><parent name="1463123324090"/><custom-attributes><custom-attribute name="ShowInMenu" dt:dt="string" xml:lang="en-US">True</custom-attribute><custom-attribute name="CategoryPageIndex" dt:dt="int">8000</custom-attribute><custom-attribute name="image-base-name" dt:dt="string">category-images/lasafzuiging.png</custom-attribute></custom-attributes><display-name xml:lang="de-DE">Schweißrauchabsaugung</display-name><display-name xml:lang="nl-BE">Lasafzuiging</display-name><display-name xml:lang="nl-NL">Lasafzuiging</display-name></category>
<category name="1463123324090"><name>1463123324090</name><root>1</root><online>1</online><custom-attributes><custom-attribute name="ShowInMenu" dt:dt="string" xml:lang="en-US">True</custom-attribute><custom-attribute name="CategoryPageIndex" dt:dt="int">15000</custom-attribute><custom-attribute name="image-base-name" dt:dt="string">category-images/lassen_en_solderen.png</custom-attribute></custom-attributes><display-name xml:lang="de-DE">Schweißtechnik</display-name><display-name xml:lang="en-GB">Welding Equipment</display-name><display-name xml:lang="fr-FR">Technique de soudage</display-name><display-name xml:lang="nl-BE">Lassen en Solderen</display-name><display-name xml:lang="nl-NL">Lassen en Solderen</display-name><description xml:lang="de-DE">Sie benötigen ein professionelles Schweißgerät? Oder andere Produkte zum Schweißen und Löten? Dann sind Sie bei uns an der richtigen Adresse. Wir haben hochqualitative Geräte für MIG/MAG-Schweißen, Plasmaschneiden, autogenes Brennschneiden oder WIG-Schweißen. Wir haben außerdem Brenner, Verbrauchsmaterial, Ersatzteile und Gasgeräte, zudem sind auch Schutzausrüstung wie Schweißhandschuhe, Decken und Schweißschirme Teil unseres Sortiments.</description><description xml:lang="nl-BE">&lt;p&gt;Heb je een professioneel lasapparaat nodig? Of andere producten om te lassen en solderen? Dan zit je hier goed. We hebben kwalitatief goede apparatuur om te lassen met beklede elektrode, MIG/MAG lassen, plasmasnijden, autogeen lassen of TIG lassen. Daarnaast hebben we toortsen, toevoegmaterialen, reserveonderdelen en vlammaterialen. Maar ook veiligheidsartikelen als lashandschoenen, dekens en lasschermen behoren tot ons assortiment.&lt;/p&gt;</description><description xml:lang="nl-NL">&lt;p&gt;Heb je een professioneel lasapparaat nodig? Of andere producten om te lassen en solderen? Dan zit je hier goed. We hebben kwalitatief goede apparatuur om te lassen met beklede elektrode, MIG/MAG lassen, plasmasnijden, autogeen lassen of TIG lassen. Daarnaast hebben we toortsen, toevoegmaterialen, reserveonderdelen en vlammaterialen. Maar ook veiligheidsartikelen als lashandschoenen, dekens en lasschermen behoren tot ons assortiment.&lt;/p&gt;&lt;p&gt;&lt;strong&gt;Lasapparaten&lt;br /&gt;&lt;/strong&gt;&lt;p&gt;In ons assortiment vind je verschillende lasapparaten van kwalitatieve merken. Je kan bij ons terecht voor elektrode lassen, MIG/MAG lassen, plasmasnijden en TIG lassen.&lt;/p&gt;&lt;p&gt;&lt;strong&gt;Elektrode lassen&lt;br /&gt;&lt;/strong&gt;Elektrode lassen wordt ook wel elektrisch lassen genoemd. Om elektrisch te lassen gebruik je een beklede elektrode. Dat is in feite een metalen staaf, bedekt met een poederlaag. Die laag beschermt het lasproces tegen invloeden van buitenaf. Het voordeel van elektrode lassen is dat het de meest mobiele manier van lassen is.&lt;/p&gt;&lt;p&gt;&lt;strong&gt;MIG/MAG-Lassen&lt;br /&gt;&lt;/strong&gt;MIG/MAG lassen wordt ook wel omschreven als Co2-lassen. MIG/MAG is een afkorting van Metal Inert Gas / Metal Active Gas. Bij Co2-lassen wordt het toevoegmateriaal automatisch aangevuld door een inwendige rol in het apparaat. Het voordeel van deze manier van lassen is dat je een lange las op een gecontroleerde manier kan leggen. Met andere woorden: met MIG/MAG-lassen kan je lang doorlassen zonder dat je vaak het toevoegmateriaal moet bijvullen. Bovendien wordt er gas tijdens het lassen aangevoerd om het smeltbad te beschermen.&lt;/p&gt;&lt;p&gt;&lt;strong&gt;Plasmasnijden&lt;br /&gt;&lt;/strong&gt;De naam zegt het al: met de techniek plasmasnijden kan je metalen snijden. Men gebruikt het ook om te snijden door ongelegeerd en laaggelegeerd staal. Je kan het ook toepassen om vormen uit plaatmateriaal te snijden. In de snijtoorts zit een kleine opening met een negatief geladen elektrode dat contact maakt met het positief geladen (te snijden) product. Dat creëert een stroomkring met een hoge temperatuur en laat het materiaal smelten. De toorts geeft bovendien gas of perslucht af, wat het gesmolten materiaal wegblaast uit de voeg.&lt;/p&gt;&lt;p&gt;&lt;strong&gt;TIG-lassen&lt;br /&gt;&lt;/strong&gt;Bij de methode TIG-lassen kan je twee stukken metaal zonder toevoegmiddel aan elkaar verbinden. Heb je te maken met grote, of dikke stukken metaal, dan kan je wel vuldraad gebruiken. Dit voeg je aan de zijkant van het lasproces toe. In de toorts zit een wolfraamelektrode die contact maakt met het te lassen materiaal. Dit creëert een hoge temperatuur dat zorgt dat de lasnaden vloeibaar worden en aan elkaar smelten. Het toevoegde gas (Argon of Neon) beschermt het smeltbad van invloeden van buitenaf. Sommige TIG lasmachines in ons assortiment kan je ook gebruiken voor het elektrode lassen.&lt;/p&gt;</description></category>
</enfinity>