<?xml version="1.0" encoding="UTF-8"?>
<enfinity xsi:schemaLocation="http://www.intershop.com/xml/ns/enfinity/7.0/xcs/impex catalog.xsd http://www.intershop.com/xml/ns/enfinity/6.5/core/impex-dt dt.xsd" xmlns:xsi="http://www.w3.org/2001/XMLSchema-instance" xmlns="http://www.intershop.com/xml/ns/enfinity/7.0/xcs/impex" xmlns:xml="http://www.w3.org/XML/1998/namespace" xmlns:dt="http://www.intershop.com/xml/ns/enfinity/6.5/core/impex-dt" major="6" minor="1" family="enfinity" branch="enterprise" build="build">
<category name="1463123324036"><name>1463123324036</name><root>0</root><online>1</online><parent name="1463123324034"/><custom-attributes><custom-attribute name="ShowInMenu" dt:dt="string" xml:lang="en-US">True</custom-attribute><custom-attribute name="CategoryPageIndex" dt:dt="int">100</custom-attribute><custom-attribute name="image-base-name" dt:dt="string">category-images/onderdelenreinigers.png</custom-attribute></custom-attributes><display-name xml:lang="de-DE">Teilereiniger</display-name><display-name xml:lang="en-GB">Cleaning Baths</display-name><display-name xml:lang="fr-FR">Machine à laver industrielle</display-name><display-name xml:lang="nl-BE">Onderdelenreinigers</display-name><display-name xml:lang="nl-NL">Onderdelenreinigers</display-name></category>
<category name="1463123324037"><name>1463123324037</name><root>0</root><online>1</online><parent name="1463123324034"/><custom-attributes><custom-attribute name="ShowInMenu" dt:dt="string" xml:lang="en-US">True</custom-attribute><custom-attribute name="CategoryPageIndex" dt:dt="int">100</custom-attribute><custom-attribute name="image-base-name" dt:dt="string">category-images/werkbanken_en_werktafels.png</custom-attribute></custom-attributes><display-name xml:lang="de-DE">Werkbänke und Arbeitstische</display-name><display-name xml:lang="en-GB">Workbenches and Work Tables</display-name><display-name xml:lang="fr-FR">Etablis et accessoires</display-name><display-name xml:lang="nl-BE">Werkbanken en werktafels</display-name><display-name xml:lang="nl-NL">Werkbanken en werktafels</display-name></category>
<category name="1463123324043"><name>1463123324043</name><root>0</root><online>1</online><parent name="1463123324042"/><custom-attributes><custom-attribute name="ShowInMenu" dt:dt="string" xml:lang="en-US">True</custom-attribute><custom-attribute name="CategoryPageIndex" dt:dt="int">100</custom-attribute><custom-attribute name="image-base-name" dt:dt="string">category-images/afvalbakken_emmers_en_zakken.png</custom-attribute></custom-attributes><display-name xml:lang="de-DE">Mülleimer, Eimer und Tüten</display-name><display-name xml:lang="en-GB">Rubbish Bins, Buckets and Bin Liners</display-name><display-name xml:lang="fr-FR">Poubelles et sacs</display-name><display-name xml:lang="nl-BE">Afvalbakken, emmers en zakken</display-name><display-name xml:lang="nl-NL">Afvalbakken, emmers en zakken</display-name></category>
<category name="1463123324044"><name>1463123324044</name><root>0</root><online>1</online><parent name="1463123324042"/><custom-attributes><custom-attribute name="ShowInMenu" dt:dt="string" xml:lang="en-US">True</custom-attribute><custom-attribute name="CategoryPageIndex" dt:dt="int">100</custom-attribute><custom-attribute name="image-base-name" dt:dt="string">category-images/veiligheidskasten.png</custom-attribute></custom-attributes><display-name xml:lang="de-DE">Sicherheitsschränke</display-name><display-name xml:lang="en-GB">Safety cabinets</display-name><display-name xml:lang="fr-FR">Armoires de sécurité</display-name><display-name xml:lang="nl-BE">Veiligheidskasten</display-name><display-name xml:lang="nl-NL">Veiligheidskasten</display-name></category>
<category name="1463123324045"><name>1463123324045</name><root>0</root><online>1</online><parent name="1463123324042"/><custom-attributes><custom-attribute name="ShowInMenu" dt:dt="string" xml:lang="en-US">True</custom-attribute><custom-attribute name="CategoryPageIndex" dt:dt="int">100</custom-attribute><custom-attribute name="image-base-name" dt:dt="string">category-images/milieukasten.png</custom-attribute></custom-attributes><display-name xml:lang="de-DE">Schränke für Sondermüll</display-name><display-name xml:lang="en-GB">Hazardous Materials Cabinets</display-name><display-name xml:lang="fr-FR">Armoires environnementales</display-name><display-name xml:lang="nl-BE">Milieukasten</display-name><display-name xml:lang="nl-NL">Milieukasten</display-name></category>
<category name="1463123324046"><name>1463123324046</name><root>0</root><online>1</online><parent name="1463123324042"/><custom-attributes><custom-attribute name="ShowInMenu" dt:dt="string" xml:lang="en-US">True</custom-attribute><custom-attribute name="CategoryPageIndex" dt:dt="int">100</custom-attribute><custom-attribute name="image-base-name" dt:dt="string">category-images/veiligheidskannen.png</custom-attribute></custom-attributes><display-name xml:lang="de-DE">Sicherheitskannen</display-name><display-name xml:lang="en-GB">Safety canisters</display-name><display-name xml:lang="fr-FR">Bidons de sécurité</display-name><display-name xml:lang="nl-BE">Veiligheidskannen</display-name><display-name xml:lang="nl-NL">Veiligheidskannen</display-name></category>
<category name="1463123324047"><name>1463123324047</name><root>0</root><online>1</online><parent name="1463123324042"/><custom-attributes><custom-attribute name="ShowInMenu" dt:dt="string" xml:lang="en-US">True</custom-attribute><custom-attribute name="CategoryPageIndex" dt:dt="int">100</custom-attribute><custom-attribute name="image-base-name" dt:dt="string">category-images/allerlei.png</custom-attribute></custom-attributes><display-name xml:lang="de-DE">Allerlei</display-name><display-name xml:lang="en-GB">Sundries</display-name><display-name xml:lang="fr-FR">Divers</display-name><display-name xml:lang="nl-BE">Allerlei</display-name><display-name xml:lang="nl-NL">Allerlei</display-name></category>
<category name="1463123324042"><name>1463123324042</name><root>0</root><online>1</online><parent name="1463123324034"/><custom-attributes><custom-attribute name="ShowInMenu" dt:dt="string" xml:lang="en-US">True</custom-attribute><custom-attribute name="CategoryPageIndex" dt:dt="int">100</custom-attribute><custom-attribute name="image-base-name" dt:dt="string">category-images/milieutechniek.png</custom-attribute></custom-attributes><display-name xml:lang="de-DE">Umwelttechnik</display-name><display-name xml:lang="en-GB">Environmental Equipment and Supplies</display-name><display-name xml:lang="fr-FR">Technique environnementale</display-name><display-name xml:lang="nl-BE">Milieutechniek</display-name><display-name xml:lang="nl-NL">Milieutechniek</display-name><description xml:lang="nl-BE">&lt;p&gt;Milieutechniek is niet alleen goed voor het milieu, maar veilig voor iedereen. Bij ons vind je onder andere veiligheidskasten en toebehoren. Werk je met gevaarlijke stoffen, berg deze dan op in een veiligheidskast. Dit is een kast die is voorzien van een veiligheidsslot.&lt;/p&gt;&lt;p&gt;Als je met chemicaliën werkt, wil je deze ook veilig kunnen opbergen en transporteren. Hiervoor gebruik je een veiligheidskan. Maar ook de producten die belangrijk zijn om het milieu te beschermen tegen afval, vind je in ons assortiment. Je bent bij ons aan het juiste adres voor allerlei soorten afvalbakken, emmers en zakken.&lt;/p&gt;</description><description xml:lang="nl-NL">&lt;p&gt;Milieutechniek is niet alleen goed voor het milieu, maar veilig voor iedereen. Bij ons vind je onder andere veiligheidskasten en toebehoren. Werk je met gevaarlijke stoffen, berg deze dan op in een veiligheidskast. Dit is een kast die is voorzien van een veiligheidsslot.&lt;/p&gt;&lt;p&gt;Als je met chemicaliën werkt, wil je deze ook veilig kunnen opbergen en transporteren. Hiervoor gebruik je een veiligheidskan. Maar ook de producten die belangrijk zijn om het milieu te beschermen tegen afval, vind je in ons assortiment. Je bent bij ons aan het juiste adres voor allerlei soorten afvalbakken, emmers en zakken.&lt;/p&gt;</description></category>
<category name="1463123324049"><name>1463123324049</name><root>0</root><online>1</online><parent name="1463123324034"/><custom-attributes><custom-attribute name="ShowInMenu" dt:dt="string" xml:lang="en-US">True</custom-attribute><custom-attribute name="CategoryPageIndex" dt:dt="int">100</custom-attribute><custom-attribute name="image-base-name" dt:dt="string">category-images/strokengordijnen.png</custom-attribute></custom-attributes><display-name xml:lang="de-DE">Schutzvorhänge</display-name><display-name xml:lang="en-GB">Plastic Strip Curtains</display-name><display-name xml:lang="fr-FR">Rideaux</display-name><display-name xml:lang="nl-BE">Strokengordijnen</display-name><display-name xml:lang="nl-NL">Strokengordijnen</display-name></category>
<category name="1463123324050"><name>1463123324050</name><root>0</root><online>1</online><parent name="1463123324034"/><custom-attributes><custom-attribute name="ShowInMenu" dt:dt="string" xml:lang="en-US">True</custom-attribute><custom-attribute name="CategoryPageIndex" dt:dt="int">100</custom-attribute><custom-attribute name="image-base-name" dt:dt="string">category-images/verpakkingsmateriaal.png</custom-attribute></custom-attributes><display-name xml:lang="de-DE">Verpackungsmaterial</display-name><display-name xml:lang="en-GB">Packaging Materials</display-name><display-name xml:lang="fr-FR">Matériaux d&apos;emballage</display-name><display-name xml:lang="nl-BE">Verpakkingsmateriaal</display-name><display-name xml:lang="nl-NL">Verpakkingsmateriaal</display-name></category>
<category name="1463123324052"><name>1463123324052</name><root>0</root><online>1</online><parent name="1463123324051"/><custom-attributes><custom-attribute name="ShowInMenu" dt:dt="string" xml:lang="en-US">True</custom-attribute><custom-attribute name="CategoryPageIndex" dt:dt="int">100</custom-attribute><custom-attribute name="image-base-name" dt:dt="string">category-images/observatie_spiegels.png</custom-attribute></custom-attributes><display-name xml:lang="de-DE">Observationsspiegel</display-name><display-name xml:lang="en-GB">Observation Mirrors</display-name><display-name xml:lang="fr-FR">Miroirs d&apos;observation</display-name><display-name xml:lang="nl-BE">Observatie spiegels</display-name><display-name xml:lang="nl-NL">Observatie spiegels</display-name></category>
<category name="1463123324051"><name>1463123324051</name><root>0</root><online>1</online><parent name="1463123324034"/><custom-attributes><custom-attribute name="ShowInMenu" dt:dt="string" xml:lang="en-US">True</custom-attribute><custom-attribute name="CategoryPageIndex" dt:dt="int">100</custom-attribute><custom-attribute name="image-base-name" dt:dt="string">category-images/allerlei.png</custom-attribute></custom-attributes><display-name xml:lang="de-DE">Allerlei</display-name><display-name xml:lang="en-GB">Sundries</display-name><display-name xml:lang="fr-FR">Divers</display-name><display-name xml:lang="nl-BE">Allerlei</display-name><display-name xml:lang="nl-NL">Allerlei</display-name></category>
<category name="1463123324053"><name>1463123324053</name><root>0</root><online>1</online><parent name="1463123324034"/><custom-attributes><custom-attribute name="ShowInMenu" dt:dt="string" xml:lang="en-US">True</custom-attribute><custom-attribute name="CategoryPageIndex" dt:dt="int">100</custom-attribute><custom-attribute name="image-base-name" dt:dt="string">category-images/reserveonderdelen_voor_werkplaats_kantoor_en_magazijn.png</custom-attribute></custom-attributes><display-name xml:lang="de-DE">Ersatzteile und Zubehör für Betriebseinrichtung</display-name><display-name xml:lang="en-GB">Spares Parts and Accessories</display-name><display-name xml:lang="fr-FR">Pièces de rechange et accessoires</display-name><display-name xml:lang="nl-BE">Reserveonderdelen voor Werkplaats, Kantoor en Magazijn</display-name><display-name xml:lang="nl-NL">Reserveonderdelen voor Werkplaats, Kantoor en Magazijn</display-name></category>
<category name="1463123324056"><name>1463123324056</name><root>0</root><online>1</online><parent name="1463123324054"/><custom-attributes><custom-attribute name="ShowInMenu" dt:dt="string" xml:lang="en-US">True</custom-attribute><custom-attribute name="CategoryPageIndex" dt:dt="int">100</custom-attribute><custom-attribute name="image-base-name" dt:dt="string">category-images/hangsloten_sleutelhangers_en_sleutelkasten.png</custom-attribute></custom-attributes><display-name xml:lang="de-DE">Hängeschlösser, Schlüsselanhänger und Schlüsselschränke</display-name><display-name xml:lang="en-GB">Padlocks, Key Rings and Key Cabinets</display-name><display-name xml:lang="fr-FR">Cadenas, porte-clés et armoires à clés</display-name><display-name xml:lang="nl-BE">Hangsloten, sleutelhangers en sleutelkasten</display-name><display-name xml:lang="nl-NL">Hangsloten, sleutelhangers en sleutelkasten</display-name></category>
<category name="1463123324057"><name>1463123324057</name><root>0</root><online>1</online><parent name="1463123324054"/><custom-attributes><custom-attribute name="ShowInMenu" dt:dt="string" xml:lang="en-US">True</custom-attribute><custom-attribute name="CategoryPageIndex" dt:dt="int">100</custom-attribute><custom-attribute name="image-base-name" dt:dt="string">category-images/gereedschapwagens_koffers_en_bakjes.png</custom-attribute></custom-attributes><display-name xml:lang="de-DE">Werkstattwagen und Werkzeugkoffer und -kisten</display-name><display-name xml:lang="en-GB">Tool trolleys, boxes and trays</display-name><display-name xml:lang="fr-FR">Charrettes outils et bacs</display-name><display-name xml:lang="nl-BE">Gereedschapwagens, koffers en bakjes</display-name><display-name xml:lang="nl-NL">Gereedschapwagens, koffers en bakjes</display-name></category>
<category name="1463123324058"><name>1463123324058</name><root>0</root><online>1</online><parent name="1463123324054"/><custom-attributes><custom-attribute name="ShowInMenu" dt:dt="string" xml:lang="en-US">True</custom-attribute><custom-attribute name="CategoryPageIndex" dt:dt="int">100</custom-attribute><custom-attribute name="image-base-name" dt:dt="string">category-images/materiaalcontainers_vaten_en_kannen.png</custom-attribute></custom-attributes><display-name xml:lang="de-DE">Materialcontainer, -fässer und -schüsseln</display-name><display-name xml:lang="en-GB">Containers, Tanks and Barrels</display-name><display-name xml:lang="fr-FR">Matériel conteneurs , barils et bidons</display-name><display-name xml:lang="nl-BE">Materiaalcontainers, vaten en kannen</display-name><display-name xml:lang="nl-NL">Materiaalcontainers, vaten en kannen</display-name></category>
<category name="1463123324059"><name>1463123324059</name><root>0</root><online>1</online><parent name="1463123324054"/><custom-attributes><custom-attribute name="ShowInMenu" dt:dt="string" xml:lang="en-US">True</custom-attribute><custom-attribute name="CategoryPageIndex" dt:dt="int">100</custom-attribute><custom-attribute name="image-base-name" dt:dt="string">category-images/displaykasten_en_informatieborden.png</custom-attribute></custom-attributes><display-name xml:lang="de-DE">Displaykasten und Info-Bretter</display-name><display-name xml:lang="en-GB">Display Cabinets and Notice Boards</display-name><display-name xml:lang="fr-FR">Consoles et tableaux</display-name><display-name xml:lang="nl-BE">Displaykasten en informatieborden</display-name><display-name xml:lang="nl-NL">Displaykasten en informatieborden</display-name></category>
<category name="1463123324060"><name>1463123324060</name><root>0</root><online>1</online><parent name="1463123324054"/><custom-attributes><custom-attribute name="ShowInMenu" dt:dt="string" xml:lang="en-US">True</custom-attribute><custom-attribute name="CategoryPageIndex" dt:dt="int">100</custom-attribute><custom-attribute name="image-base-name" dt:dt="string">category-images/opbergboxen.png</custom-attribute></custom-attributes><display-name xml:lang="de-DE">Lagerboxen</display-name><display-name xml:lang="en-GB">Storage Boxes</display-name><display-name xml:lang="fr-FR">Box de rangement</display-name><display-name xml:lang="nl-BE">Opbergboxen</display-name><display-name xml:lang="nl-NL">Opbergboxen</display-name></category>
<category name="1463123324061"><name>1463123324061</name><root>0</root><online>1</online><parent name="1463123324054"/><custom-attributes><custom-attribute name="ShowInMenu" dt:dt="string" xml:lang="en-US">True</custom-attribute><custom-attribute name="CategoryPageIndex" dt:dt="int">100</custom-attribute><custom-attribute name="image-base-name" dt:dt="string">category-images/magazijnstellingen.png</custom-attribute></custom-attributes><display-name xml:lang="de-DE">Lagerregale</display-name><display-name xml:lang="en-GB">Warehouse Shelving and Racks</display-name><display-name xml:lang="fr-FR">Etagères</display-name><display-name xml:lang="nl-BE">Magazijnstellingen</display-name><display-name xml:lang="nl-NL">Magazijnstellingen</display-name></category>
<category name="1463123324062"><name>1463123324062</name><root>0</root><online>1</online><parent name="1463123324054"/><custom-attributes><custom-attribute name="ShowInMenu" dt:dt="string" xml:lang="en-US">True</custom-attribute><custom-attribute name="CategoryPageIndex" dt:dt="int">100</custom-attribute><custom-attribute name="image-base-name" dt:dt="string">category-images/magazijnbakken.png</custom-attribute></custom-attributes><display-name xml:lang="de-DE">Lagerbehälter</display-name><display-name xml:lang="en-GB">Storage Bins</display-name><display-name xml:lang="fr-FR">Bacs et boîtes</display-name><display-name xml:lang="nl-BE">Magazijnbakken</display-name><display-name xml:lang="nl-NL">Magazijnbakken</display-name></category>
<category name="1463123324063"><name>1463123324063</name><root>0</root><online>1</online><parent name="1463123324054"/><custom-attributes><custom-attribute name="ShowInMenu" dt:dt="string" xml:lang="en-US">True</custom-attribute><custom-attribute name="CategoryPageIndex" dt:dt="int">100</custom-attribute><custom-attribute name="image-base-name" dt:dt="string">category-images/etiketten_en_labels.png</custom-attribute></custom-attributes><display-name xml:lang="de-DE">Etiketten und Label</display-name><display-name xml:lang="en-GB">Stickers and Labels</display-name><display-name xml:lang="fr-FR">Etiquettes</display-name><display-name xml:lang="nl-BE">Etiketten en labels</display-name><display-name xml:lang="nl-NL">Etiketten en labels</display-name></category>
<category name="1463123324064"><name>1463123324064</name><root>0</root><online>1</online><parent name="1463123324054"/><custom-attributes><custom-attribute name="ShowInMenu" dt:dt="string" xml:lang="en-US">True</custom-attribute><custom-attribute name="CategoryPageIndex" dt:dt="int">100</custom-attribute><custom-attribute name="image-base-name" dt:dt="string">category-images/scheidingswanden.png</custom-attribute></custom-attributes><display-name xml:lang="de-DE">Trennwände</display-name><display-name xml:lang="en-GB">Dividing Walls</display-name><display-name xml:lang="fr-FR">Séparateur</display-name><display-name xml:lang="nl-BE">Scheidingswanden</display-name><display-name xml:lang="nl-NL">Scheidingswanden</display-name></category>
<category name="1463123324065"><name>1463123324065</name><root>0</root><online>1</online><parent name="1463123324054"/><custom-attributes><custom-attribute name="ShowInMenu" dt:dt="string" xml:lang="en-US">True</custom-attribute><custom-attribute name="CategoryPageIndex" dt:dt="int">100</custom-attribute><custom-attribute name="image-base-name" dt:dt="string">category-images/perfo-materiaal.png</custom-attribute></custom-attributes><display-name xml:lang="de-DE">Perfo-Material</display-name><display-name xml:lang="en-GB">Perfo-material</display-name><display-name xml:lang="fr-FR">Matériau perforée</display-name><display-name xml:lang="nl-BE">Perfo-materiaal</display-name><display-name xml:lang="nl-NL">Perfo-materiaal</display-name></category>
<category name="1463123324066"><name>1463123324066</name><root>0</root><online>1</online><parent name="1463123324054"/><custom-attributes><custom-attribute name="ShowInMenu" dt:dt="string" xml:lang="en-US">True</custom-attribute><custom-attribute name="CategoryPageIndex" dt:dt="int">100</custom-attribute><custom-attribute name="image-base-name" dt:dt="string">category-images/kiepcontainers.png</custom-attribute></custom-attributes><display-name xml:lang="de-DE">Kippcontainer</display-name><display-name xml:lang="en-GB">Tipper containers</display-name><display-name xml:lang="fr-FR">Conteneur basculant</display-name><display-name xml:lang="nl-BE">Kiepcontainers</display-name><display-name xml:lang="nl-NL">Kiepcontainers</display-name></category>
<category name="1463123324068"><name>1463123324068</name><root>0</root><online>1</online><parent name="1463123324067"/><custom-attributes><custom-attribute name="ShowInMenu" dt:dt="string" xml:lang="en-US">True</custom-attribute><custom-attribute name="CategoryPageIndex" dt:dt="int">100</custom-attribute><custom-attribute name="image-base-name" dt:dt="string">category-images/lade-indeling.png</custom-attribute></custom-attributes><display-name xml:lang="de-DE">Schubladeneinteilungen</display-name><display-name xml:lang="en-GB">Drawer Organiser</display-name><display-name xml:lang="fr-FR">Répartiteur de tiroir</display-name><display-name xml:lang="nl-BE">Lade-indeling</display-name><display-name xml:lang="nl-NL">Lade-indeling</display-name></category>
<category name="1463123324069"><name>1463123324069</name><root>0</root><online>1</online><parent name="1463123324067"/><custom-attributes><custom-attribute name="ShowInMenu" dt:dt="string" xml:lang="en-US">True</custom-attribute><custom-attribute name="CategoryPageIndex" dt:dt="int">100</custom-attribute><custom-attribute name="image-base-name" dt:dt="string">category-images/universele_kasten.png</custom-attribute></custom-attributes><display-name xml:lang="de-DE">Universalschränke</display-name><display-name xml:lang="en-GB">Universal Cabinets</display-name><display-name xml:lang="fr-FR">Armoires universelles</display-name><display-name xml:lang="nl-BE">Universele kasten</display-name><display-name xml:lang="nl-NL">Universele kasten</display-name></category>
<category name="1463123324070"><name>1463123324070</name><root>0</root><online>1</online><parent name="1463123324067"/><custom-attributes><custom-attribute name="ShowInMenu" dt:dt="string" xml:lang="en-US">True</custom-attribute><custom-attribute name="CategoryPageIndex" dt:dt="int">100</custom-attribute><custom-attribute name="image-base-name" dt:dt="string">category-images/ladekasten.png</custom-attribute></custom-attributes><display-name xml:lang="de-DE">Schubladenelemente</display-name><display-name xml:lang="en-GB">Chests of Drawers</display-name><display-name xml:lang="fr-FR">Chiffonniers</display-name><display-name xml:lang="nl-BE">Ladekasten</display-name><display-name xml:lang="nl-NL">Ladekasten</display-name></category>
<category name="1463123324071"><name>1463123324071</name><root>0</root><online>1</online><parent name="1463123324067"/><custom-attributes><custom-attribute name="ShowInMenu" dt:dt="string" xml:lang="en-US">True</custom-attribute><custom-attribute name="CategoryPageIndex" dt:dt="int">100</custom-attribute><custom-attribute name="image-base-name" dt:dt="string">category-images/laden.png</custom-attribute></custom-attributes><display-name xml:lang="de-DE">Schubladen</display-name><display-name xml:lang="en-GB">Drawers</display-name><display-name xml:lang="fr-FR">Tiroirs</display-name><display-name xml:lang="nl-BE">Laden</display-name><display-name xml:lang="nl-NL">Laden</display-name></category>
<category name="1463123324067"><name>1463123324067</name><root>0</root><online>1</online><parent name="1463123324054"/><custom-attributes><custom-attribute name="ShowInMenu" dt:dt="string" xml:lang="en-US">True</custom-attribute><custom-attribute name="CategoryPageIndex" dt:dt="int">100</custom-attribute><custom-attribute name="image-base-name" dt:dt="string">category-images/kasten.png</custom-attribute></custom-attributes><display-name xml:lang="de-DE">Schränke</display-name><display-name xml:lang="en-GB">Cabinets</display-name><display-name xml:lang="fr-FR">Armoires</display-name><display-name xml:lang="nl-BE">Kasten</display-name><display-name xml:lang="nl-NL">Kasten</display-name><description xml:lang="nl-BE">&lt;p&gt;We hebben diverse kasten waarmee je alles zorgvuldig kunt opbergen. Naast gereedschapskasten en ladekasten, hebben we ook garderobekasten. Houd je spullen overzichtelijk en gebruik indelingsmateriaal zoals inzetbakjes, tussenschotten en laden. Geordende werkplekken kunnen zorgen voor minder ongelukken.&lt;/p&gt;</description><description xml:lang="nl-NL">&lt;p&gt;We hebben diverse kasten waarmee je alles zorgvuldig kunt opbergen. Naast gereedschapskasten en ladekasten, hebben we ook garderobekasten. Houd je spullen overzichtelijk en gebruik indelingsmateriaal zoals inzetbakjes, tussenschotten en laden. Geordende werkplekken kunnen zorgen voor minder ongelukken.&lt;/p&gt;</description></category>
<category name="1463123324054"><name>1463123324054</name><root>0</root><online>1</online><parent name="1463123324034"/><custom-attributes><custom-attribute name="ShowInMenu" dt:dt="string" xml:lang="en-US">True</custom-attribute><custom-attribute name="CategoryPageIndex" dt:dt="int">100</custom-attribute><custom-attribute name="image-base-name" dt:dt="string">category-images/opslag.png</custom-attribute></custom-attributes><display-name xml:lang="de-DE">Lagerung</display-name><display-name xml:lang="en-GB">Storage</display-name><display-name xml:lang="fr-FR">Stockage</display-name><display-name xml:lang="nl-BE">Opslag</display-name><display-name xml:lang="nl-NL">Opslag</display-name><description xml:lang="nl-BE">&lt;p&gt;Ons assortiment met producten voor opslag is uitgebreid. Denk bijvoorbeeld aan kasten, magazijnstellingen, magazijnbakken of opbergboxen. Zorg dat je de werkvloer netjes houdt en creëer een overzichtelijk plek voor iedereen. Ook voor displaykasten, informatieborden en scheidingswanden ben je bij ons aan het juiste adres. Van materiaalcontainers tot kipcontainers en van gereedschapwagens tot hangsloten, wij hebben het allemaal.&lt;/p&gt;</description><description xml:lang="nl-NL">&lt;p&gt;Ons assortiment met producten voor opslag is uitgebreid. Denk bijvoorbeeld aan kasten, magazijnstellingen, magazijnbakken of opbergboxen. Zorg dat je de werkvloer netjes houdt en creëer een overzichtelijk plek voor iedereen. Ook voor displaykasten, informatieborden en scheidingswanden ben je bij ons aan het juiste adres. Van materiaalcontainers tot kipcontainers en van gereedschapwagens tot hangsloten, wij hebben het allemaal.&lt;/p&gt;</description></category>
<category name="1463123324073"><name>1463123324073</name><root>0</root><online>1</online><parent name="1463123324072"/><custom-attributes><custom-attribute name="ShowInMenu" dt:dt="string" xml:lang="en-US">True</custom-attribute><custom-attribute name="CategoryPageIndex" dt:dt="int">100</custom-attribute><custom-attribute name="image-base-name" dt:dt="string">category-images/fietsenrekken.png</custom-attribute></custom-attributes><display-name xml:lang="de-DE">Fahrradständer</display-name><display-name xml:lang="en-GB">Bicycle Racks</display-name><display-name xml:lang="fr-FR">Râteliers à vélos</display-name><display-name xml:lang="nl-BE">Fietsenrekken</display-name><display-name xml:lang="nl-NL">Fietsenrekken</display-name></category>
<category name="1463123324074"><name>1463123324074</name><root>0</root><online>1</online><parent name="1463123324072"/><custom-attributes><custom-attribute name="ShowInMenu" dt:dt="string" xml:lang="en-US">True</custom-attribute><custom-attribute name="CategoryPageIndex" dt:dt="int">100</custom-attribute><custom-attribute name="image-base-name" dt:dt="string">category-images/winterproducten.png</custom-attribute></custom-attributes><display-name xml:lang="de-DE">Winterprodukte</display-name><display-name xml:lang="en-GB">Winter Products</display-name><display-name xml:lang="fr-FR">Produits d&apos;hiver</display-name><display-name xml:lang="nl-BE">Winterproducten</display-name><display-name xml:lang="nl-NL">Winterproducten</display-name></category>
<category name="1463123324075"><name>1463123324075</name><root>0</root><online>1</online><parent name="1463123324072"/><custom-attributes><custom-attribute name="ShowInMenu" dt:dt="string" xml:lang="en-US">True</custom-attribute><custom-attribute name="CategoryPageIndex" dt:dt="int">100</custom-attribute><custom-attribute name="image-base-name" dt:dt="string">category-images/buitenmeubilair.png</custom-attribute></custom-attributes><display-name xml:lang="de-DE">Außenmöbel</display-name><display-name xml:lang="en-GB">Outdoor Furniture</display-name><display-name xml:lang="fr-FR">Mobilier de jardin</display-name><display-name xml:lang="nl-BE">Buitenmeubilair</display-name><display-name xml:lang="nl-NL">Buitenmeubilair</display-name></category>
<category name="1463123324076"><name>1463123324076</name><root>0</root><online>1</online><parent name="1463123324072"/><custom-attributes><custom-attribute name="ShowInMenu" dt:dt="string" xml:lang="en-US">True</custom-attribute><custom-attribute name="CategoryPageIndex" dt:dt="int">100</custom-attribute><custom-attribute name="image-base-name" dt:dt="string">category-images/afbakening.png</custom-attribute></custom-attributes><display-name xml:lang="de-DE">Abgrenzungen</display-name><display-name xml:lang="en-GB">Cordoning and Demarcation Materials</display-name><display-name xml:lang="fr-FR">Délimiteur</display-name><display-name xml:lang="nl-BE">Afbakening</display-name><display-name xml:lang="nl-NL">Afbakening</display-name></category>
<category name="1463123324072"><name>1463123324072</name><root>0</root><online>1</online><parent name="1463123324034"/><custom-attributes><custom-attribute name="ShowInMenu" dt:dt="string" xml:lang="en-US">True</custom-attribute><custom-attribute name="CategoryPageIndex" dt:dt="int">100</custom-attribute><custom-attribute name="image-base-name" dt:dt="string">category-images/buiteninrichting.png</custom-attribute></custom-attributes><display-name xml:lang="de-DE">Außeneinrichtung</display-name><display-name xml:lang="en-GB">Outdoor Equipment</display-name><display-name xml:lang="fr-FR">Aménagement paysager</display-name><display-name xml:lang="nl-BE">Buiteninrichting</display-name><display-name xml:lang="nl-NL">Buiteninrichting</display-name><description xml:lang="nl-BE">&lt;p&gt;Op het gebied van buiteninrichting ben je bij ons aan het juiste adres. Of het nou gaat om meubilair, fietsrekken of afbakening: wij hebben het in ons assortiment. Onze veiligheidsmarkeringen zijn uitermate geschikt om het bedrijfsterrein af te bakenen. Denk bijvoorbeeld aan ramberschermingsbeugels, dranghekken en parkeerplaatsbeugels. &lt;/p&gt;&lt;p&gt;&lt;strong&gt;Winterproducten&lt;/strong&gt;&lt;br /&gt;Daarnaast hebben wij een ruim assortiment van winterproducten. Gladde bedrijfsterreinen zijn verleden tijd met onze strooiwagens, strooizout en sneeuwschuivers. Door de juiste winterproducten op voorraad te hebben ben je goed voorbereid op plotselinge weersveranderingen. &lt;/p&gt;</description><description xml:lang="nl-NL">&lt;p&gt;Op het gebied van buiteninrichting ben je bij ons aan het juiste adres. Of het nou gaat om meubilair, fietsrekken of afbakening: wij hebben het in ons assortiment. Onze veiligheidsmarkeringen zijn uitermate geschikt om het bedrijfsterrein af te bakenen. Denk bijvoorbeeld aan ramberschermingsbeugels, dranghekken en parkeerplaatsbeugels. &lt;/p&gt;&lt;p&gt;&lt;strong&gt;Winterproducten&lt;/strong&gt;&lt;br /&gt;Daarnaast hebben wij een ruim assortiment van winterproducten. Gladde bedrijfsterreinen zijn verleden tijd met onze strooiwagens, strooizout en sneeuwschuivers. Door de juiste winterproducten op voorraad te hebben ben je goed voorbereid op plotselinge weersveranderingen. &lt;/p&gt;</description></category>
<category name="1463123324039"><name>1463123324039</name><root>0</root><online>1</online><parent name="1463123324038"/><custom-attributes><custom-attribute name="ShowInMenu" dt:dt="string" xml:lang="en-US">True</custom-attribute><custom-attribute name="CategoryPageIndex" dt:dt="int">100</custom-attribute><custom-attribute name="image-base-name" dt:dt="string">category-images/bureaustoelen.png</custom-attribute></custom-attributes><display-name xml:lang="de-DE">Bürostühle</display-name><display-name xml:lang="en-GB">Office Chairs</display-name><display-name xml:lang="fr-FR">Chaises de bureau</display-name><display-name xml:lang="nl-BE">Bureaustoelen</display-name><display-name xml:lang="nl-NL">Bureaustoelen</display-name></category>
<category name="1463123324040"><name>1463123324040</name><root>0</root><online>1</online><parent name="1463123324038"/><custom-attributes><custom-attribute name="ShowInMenu" dt:dt="string" xml:lang="en-US">True</custom-attribute><custom-attribute name="CategoryPageIndex" dt:dt="int">100</custom-attribute><custom-attribute name="image-base-name" dt:dt="string">category-images/werkplaatsstoelen.png</custom-attribute></custom-attributes><display-name xml:lang="de-DE">Arbeitsplatz-Stühle</display-name><display-name xml:lang="en-GB">Workshop Chairs</display-name><display-name xml:lang="fr-FR">Chaises d&apos;atelier</display-name><display-name xml:lang="nl-BE">Werkplaatsstoelen</display-name><display-name xml:lang="nl-NL">Werkplaatsstoelen</display-name></category>
<category name="1463123324038"><name>1463123324038</name><root>0</root><online>1</online><parent name="1463123324078"/><custom-attributes><custom-attribute name="ShowInMenu" dt:dt="string" xml:lang="en-US">True</custom-attribute><custom-attribute name="CategoryPageIndex" dt:dt="int">2147483647</custom-attribute><custom-attribute name="image-base-name" dt:dt="string">category-images/stoelen.png</custom-attribute></custom-attributes><display-name xml:lang="de-DE">Stühle</display-name><display-name xml:lang="en-GB">Chairs</display-name><display-name xml:lang="fr-FR">Chaises</display-name><display-name xml:lang="nl-BE">Stoelen</display-name><display-name xml:lang="nl-NL">Stoelen</display-name><description xml:lang="nl-BE">&lt;p&gt;Of je er nou dagelijks op zit of het even gebruikt in de werkplaats: de juiste stoelen zijn belangrijk. In ons assortiment vind je kwalitatieve werkplaatsstoelen voor op de werkvloer en bureaustoelen voor op kantoor. &lt;/p&gt;&lt;p&gt;&lt;strong&gt;Bureaustoelen&lt;/strong&gt;&lt;br /&gt;Het zoeken naar de juiste bureaustoel hangt af van verschillende factoren. Worden de stoelen gebruikt door verschillende personeelsleden? Dan is het slim om een bureaustoel met een heleboel verschillende standen te kiezen. Zo zijn er stoelen waarbij je bijvoorbeeld het rug- en zitvlak kunt verstellen. Maar ook het aanpassen van armleuningen of het instellen van lichaamsgewicht kan een van de mogelijkheden zijn. &lt;/p&gt;&lt;p&gt;&lt;strong&gt;Werkplaatsstoelen&lt;/strong&gt; &lt;br /&gt;Als je vaak in de werkplaats te vinden bent, dan weet je dat het prettig is om je rug even te ontlasten. Om zittend te werken achter de werkbank bijvoorbeeld. Ons assortiment biedt een ruime keuze uit verschillende werkplaatsstoelen. Ben je op zoek naar een hoge, of juist een lage werkplaatsstoel? Een kruk die je kan verstellen, of een stasteun met stahulp? Je vindt ze allemaal in onze webshop. &lt;/p&gt;</description><description xml:lang="nl-NL">&lt;p&gt;Of je er nou dagelijks op zit of het even gebruikt in de werkplaats: de juiste stoelen zijn belangrijk. In ons assortiment vind je kwalitatieve werkplaatsstoelen voor op de werkvloer en bureaustoelen voor op kantoor. &lt;/p&gt;&lt;p&gt;&lt;strong&gt;Bureaustoelen&lt;/strong&gt;&lt;br /&gt;Het zoeken naar de juiste bureaustoel hangt af van verschillende factoren. Worden de stoelen gebruikt door verschillende personeelsleden? Dan is het slim om een bureaustoel met een heleboel verschillende standen te kiezen. Zo zijn er stoelen waarbij je bijvoorbeeld het rug- en zitvlak kunt verstellen. Maar ook het aanpassen van armleuningen of het instellen van lichaamsgewicht kan een van de mogelijkheden zijn. &lt;/p&gt;&lt;p&gt;&lt;strong&gt;Werkplaatsstoelen&lt;/strong&gt; &lt;br /&gt;Als je vaak in de werkplaats te vinden bent, dan weet je dat het prettig is om je rug even te ontlasten. Om zittend te werken achter de werkbank bijvoorbeeld. Ons assortiment biedt een ruime keuze uit verschillende werkplaatsstoelen. Ben je op zoek naar een hoge, of juist een lage werkplaatsstoel? Een kruk die je kan verstellen, of een stasteun met stahulp? Je vindt ze allemaal in onze webshop. &lt;/p&gt;</description></category>
<category name="1463123324080"><name>1463123324080</name><root>0</root><online>1</online><parent name="1463123324078"/><custom-attributes><custom-attribute name="ShowInMenu" dt:dt="string" xml:lang="en-US">True</custom-attribute><custom-attribute name="CategoryPageIndex" dt:dt="int">100</custom-attribute><custom-attribute name="image-base-name" dt:dt="string">category-images/weegschalen.png</custom-attribute></custom-attributes><display-name xml:lang="de-DE">Waagen</display-name><display-name xml:lang="en-GB">Scales</display-name><display-name xml:lang="fr-FR">Bascules</display-name><display-name xml:lang="nl-BE">Weegschalen</display-name><display-name xml:lang="nl-NL">Weegschalen</display-name></category>
<category name="1463123324082"><name>1463123324082</name><root>0</root><online>1</online><parent name="1463123324078"/><custom-attributes><custom-attribute name="ShowInMenu" dt:dt="string" xml:lang="en-US">True</custom-attribute><custom-attribute name="CategoryPageIndex" dt:dt="int">100</custom-attribute><custom-attribute name="image-base-name" dt:dt="string">category-images/schrijfwaren.png</custom-attribute></custom-attributes><display-name xml:lang="de-DE">Schreibwaren</display-name><display-name xml:lang="en-GB">Writing materials (Stationery)</display-name><display-name xml:lang="fr-FR">Matériel pour écrire</display-name><display-name xml:lang="nl-BE">Schrijfwaren</display-name><display-name xml:lang="nl-NL">Schrijfwaren</display-name></category>
<category name="1463123324078"><name>1463123324078</name><root>0</root><online>1</online><parent name="1463123324034"/><custom-attributes><custom-attribute name="ShowInMenu" dt:dt="string" xml:lang="en-US">True</custom-attribute><custom-attribute name="CategoryPageIndex" dt:dt="int">2147483647</custom-attribute><custom-attribute name="image-base-name" dt:dt="string">category-images/kantoorartikelen.png</custom-attribute></custom-attributes><display-name xml:lang="de-DE">Büroartikel</display-name><display-name xml:lang="en-GB">Office Supplies</display-name><display-name xml:lang="fr-FR">Produits de bureau</display-name><display-name xml:lang="nl-BE">Kantoorartikelen</display-name><display-name xml:lang="nl-NL">Kantoorartikelen</display-name><description xml:lang="nl-BE">&lt;p&gt;In de categorie kantoorartikelen vind je allerlei onmisbare producten voor op kantoor en het magazijn. Vul bijvoorbeeld je voorraad aan met onze schrijfwaren als krijt, markeerstiften, pennen en potloden. Maar ook viltstiften, lijmstiften en signeerpasta mogen natuurlijk niet ontbreken. &lt;/p&gt;&lt;p&gt;&lt;strong&gt;Weegschalen&lt;br /&gt;&lt;/strong&gt;In ons assortiment vind je weegschalen voor allerlei werkgebieden. Zoek je bijvoorbeeld een precisieweegschaal, een laboratoriumweegschaal of een plateauweegschaal? Wij hebben het. &lt;/p&gt;&lt;p&gt;&lt;strong&gt;Stoelen&lt;br /&gt;&lt;/strong&gt;We bieden een ruime keus uit zowel bureaustoelen als werkplaatsstoelen. Met ons aanbod vind je altijd het juiste zitcomfort voor op jouw werkplek. &lt;/p&gt;</description><description xml:lang="nl-NL">&lt;p&gt;In de categorie kantoorartikelen vind je allerlei onmisbare producten voor op kantoor en het magazijn. Vul bijvoorbeeld je voorraad aan met onze schrijfwaren als krijt, markeerstiften, pennen en potloden. Maar ook viltstiften, lijmstiften en signeerpasta mogen natuurlijk niet ontbreken. &lt;/p&gt;&lt;p&gt;&lt;strong&gt;Weegschalen&lt;br /&gt;&lt;/strong&gt;In ons assortiment vind je weegschalen voor allerlei werkgebieden. Zoek je bijvoorbeeld een precisieweegschaal, een laboratoriumweegschaal of een plateauweegschaal? Wij hebben het. &lt;/p&gt;&lt;p&gt;&lt;strong&gt;Stoelen&lt;br /&gt;&lt;/strong&gt;We bieden een ruime keus uit zowel bureaustoelen als werkplaatsstoelen. Met ons aanbod vind je altijd het juiste zitcomfort voor op jouw werkplek. &lt;/p&gt;</description></category>
<category name="1463123324084"><name>1463123324084</name><root>0</root><online>1</online><parent name="1463123324083"/><custom-attributes><custom-attribute name="ShowInMenu" dt:dt="string" xml:lang="en-US">True</custom-attribute><custom-attribute name="CategoryPageIndex" dt:dt="int">100</custom-attribute><custom-attribute name="image-base-name" dt:dt="string">category-images/wielen.png</custom-attribute></custom-attributes><display-name xml:lang="de-DE">Räder</display-name><display-name xml:lang="en-GB">Wheels</display-name><display-name xml:lang="fr-FR">Roues</display-name><display-name xml:lang="nl-BE">Wielen</display-name><display-name xml:lang="nl-NL">Wielen</display-name></category>
<category name="1463123324085"><name>1463123324085</name><root>0</root><online>1</online><parent name="1463123324083"/><custom-attributes><custom-attribute name="ShowInMenu" dt:dt="string" xml:lang="en-US">True</custom-attribute><custom-attribute name="CategoryPageIndex" dt:dt="int">100</custom-attribute><custom-attribute name="image-base-name" dt:dt="string">category-images/oprijplaten.png</custom-attribute></custom-attributes><display-name xml:lang="de-DE">Rampen</display-name><display-name xml:lang="en-GB">Ramps</display-name><display-name xml:lang="fr-FR">Rampes</display-name><display-name xml:lang="nl-BE">Oprijplaten</display-name><display-name xml:lang="nl-NL">Oprijplaten</display-name></category>
<category name="1463123324086"><name>1463123324086</name><root>0</root><online>1</online><parent name="1463123324083"/><custom-attributes><custom-attribute name="ShowInMenu" dt:dt="string" xml:lang="en-US">True</custom-attribute><custom-attribute name="CategoryPageIndex" dt:dt="int">100</custom-attribute><custom-attribute name="image-base-name" dt:dt="string">category-images/rollenstandaarden_en_rollenbanen.png</custom-attribute></custom-attributes><display-name xml:lang="de-DE">Rollenständer und -bahnen</display-name><display-name xml:lang="en-GB">Roller Stands and Roller Conveyors</display-name><display-name xml:lang="fr-FR">Transporteurs à rouleaux</display-name><display-name xml:lang="nl-BE">Rollenstandaarden en rollenbanen</display-name><display-name xml:lang="nl-NL">Rollenstandaarden en rollenbanen</display-name></category>
<category name="1463123324087"><name>1463123324087</name><root>0</root><online>1</online><parent name="1463123324083"/><custom-attributes><custom-attribute name="ShowInMenu" dt:dt="string" xml:lang="en-US">True</custom-attribute><custom-attribute name="CategoryPageIndex" dt:dt="int">100</custom-attribute><custom-attribute name="image-base-name" dt:dt="string">category-images/steek-_en_magazijnwagens.png</custom-attribute></custom-attributes><display-name xml:lang="de-DE">Wagen und Karren</display-name><display-name xml:lang="en-GB">Warehouse Hand Trucks and Carts</display-name><display-name xml:lang="fr-FR">Chariots et charettes</display-name><display-name xml:lang="nl-BE">Steek- en magazijnwagens</display-name><display-name xml:lang="nl-NL">Steek- en magazijnwagens</display-name></category>
<category name="1463123324088"><name>1463123324088</name><root>0</root><online>1</online><parent name="1463123324083"/><custom-attributes><custom-attribute name="ShowInMenu" dt:dt="string" xml:lang="en-US">True</custom-attribute><custom-attribute name="CategoryPageIndex" dt:dt="int">100</custom-attribute><custom-attribute name="image-base-name" dt:dt="string">category-images/aanrijbeveiling_en_veiligheidsmarkering.png</custom-attribute></custom-attributes><display-name xml:lang="de-DE">Rammschutz und Sicherheitsmarkierungen</display-name><display-name xml:lang="en-GB">Collision protection and safety</display-name><display-name xml:lang="fr-FR">Protection industrielle et marquage de sécurité</display-name><display-name xml:lang="nl-BE">Aanrijbeveiling en veiligheidsmarkering</display-name><display-name xml:lang="nl-NL">Aanrijbeveiling en veiligheidsmarkering</display-name></category>
<category name="1463123324083"><name>1463123324083</name><root>0</root><online>1</online><parent name="1463123324034"/><custom-attributes><custom-attribute name="ShowInMenu" dt:dt="string" xml:lang="en-US">True</custom-attribute><custom-attribute name="CategoryPageIndex" dt:dt="int">100</custom-attribute><custom-attribute name="image-base-name" dt:dt="string">category-images/intern_transport.png</custom-attribute></custom-attributes><display-name xml:lang="de-DE">Innerbetrieblicher Transport</display-name><display-name xml:lang="en-GB">Internal Transport</display-name><display-name xml:lang="fr-FR">Transport interne</display-name><display-name xml:lang="nl-BE">Intern transport</display-name><display-name xml:lang="nl-NL">Intern transport</display-name><description xml:lang="nl-BE">&lt;p&gt;Als je in de werkplaats of in het magazijn iets moet verplaatsen, noemen we dat intern transport. Je kan hiervoor verschillende transportmiddelen gebruiken. &lt;/p&gt;&lt;p&gt;&lt;strong&gt;Transporteer snel en eenvoudig&lt;br /&gt;&lt;/strong&gt;Ons assortiment omvat honderden steek- en magazijnwagens waarmee je zowel kleine als grote producten gemakkelijk verplaatst. Daarnaast vind je oprijplaten waarmee je goederen snel en eenvoudig kan laden en lossen. Zijn er wielen versleten of niet geschikt voor een bepaald soort ondergrond? Bestel bij ons alle soorten wielen in verschillende afmetingen. &lt;/p&gt;&lt;p&gt;&lt;strong&gt;Voorkom ongelukken met de juiste markering&lt;br /&gt;&lt;/strong&gt;Maak je veel gebruik van intern transport? Gebruik dan de juiste aanrijbeveiliging en veiligheidsmarkering. Met bijvoorbeeld een rampaal of beschermingshekken zorg je voor een veilige afrastering van de locatie.&lt;/p&gt;</description><description xml:lang="nl-NL">&lt;p&gt;Als je in de werkplaats of in het magazijn iets moet verplaatsen, noemen we dat intern transport. Je kan hiervoor verschillende transportmiddelen gebruiken. &lt;/p&gt;&lt;p&gt;&lt;strong&gt;Transporteer snel en eenvoudig&lt;br /&gt;&lt;/strong&gt;Ons assortiment omvat honderden steek- en magazijnwagens waarmee je zowel kleine als grote producten gemakkelijk verplaatst. Daarnaast vind je oprijplaten waarmee je goederen snel en eenvoudig kan laden en lossen. Zijn er wielen versleten of niet geschikt voor een bepaald soort ondergrond? Bestel bij ons alle soorten wielen in verschillende afmetingen. &lt;/p&gt;&lt;p&gt;&lt;strong&gt;Voorkom ongelukken met de juiste markering&lt;br /&gt;&lt;/strong&gt;Maak je veel gebruik van intern transport? Gebruik dan de juiste aanrijbeveiliging en veiligheidsmarkering. Met bijvoorbeeld een rampaal of beschermingshekken zorg je voor een veilige afrastering van de locatie.&lt;/p&gt;</description></category>
<category name="1463123324089"><name>1463123324089</name><root>0</root><online>1</online><parent name="1463123324034"/><custom-attributes><custom-attribute name="ShowInMenu" dt:dt="string" xml:lang="en-US">True</custom-attribute><custom-attribute name="CategoryPageIndex" dt:dt="int">100</custom-attribute><custom-attribute name="image-base-name" dt:dt="string">category-images/bankschroeven.png</custom-attribute></custom-attributes><display-name xml:lang="de-DE">Schraubstöcke</display-name><display-name xml:lang="en-GB">Bench Vices</display-name><display-name xml:lang="fr-FR">Étaux</display-name><display-name xml:lang="nl-BE">Bankschroeven</display-name><display-name xml:lang="nl-NL">Bankschroeven</display-name></category>
<category name="1463123324563"><name>1463123324563</name><root>0</root><online>1</online><parent name="1463123324561"/><custom-attributes><custom-attribute name="ShowInMenu" dt:dt="string" xml:lang="en-US">True</custom-attribute><custom-attribute name="CategoryPageIndex" dt:dt="int">100</custom-attribute><custom-attribute name="image-base-name" dt:dt="string">category-images/veer-_en_kraanbalancers.png</custom-attribute></custom-attributes><display-name xml:lang="de-DE">Federzüge und Kranbalancer</display-name><display-name xml:lang="en-GB">Spring and crane balancers</display-name><display-name xml:lang="fr-FR">Equilibreurs</display-name><display-name xml:lang="nl-BE">Veer- en kraanbalancers</display-name><display-name xml:lang="nl-NL">Veer- en kraanbalancers</display-name></category>
<category name="1463123324564"><name>1463123324564</name><root>0</root><online>1</online><parent name="1463123324561"/><custom-attributes><custom-attribute name="ShowInMenu" dt:dt="string" xml:lang="en-US">True</custom-attribute><custom-attribute name="CategoryPageIndex" dt:dt="int">100</custom-attribute><custom-attribute name="image-base-name" dt:dt="string">category-images/kettingmateriaal.png</custom-attribute></custom-attributes><display-name xml:lang="de-DE">Kettenmaterial</display-name><display-name xml:lang="en-GB">Chains</display-name><display-name xml:lang="fr-FR">Chaînes de levage</display-name><display-name xml:lang="nl-BE">Kettingmateriaal</display-name><display-name xml:lang="nl-NL">Kettingmateriaal</display-name></category>
<category name="1463123324565"><name>1463123324565</name><root>0</root><online>1</online><parent name="1463123324561"/><custom-attributes><custom-attribute name="ShowInMenu" dt:dt="string" xml:lang="en-US">True</custom-attribute><custom-attribute name="CategoryPageIndex" dt:dt="int">100</custom-attribute><custom-attribute name="image-base-name" dt:dt="string">category-images/dommekrachten_vijzels_en_machineheffers.png</custom-attribute></custom-attributes><display-name xml:lang="de-DE">Winden, Spills und Maschinenheber</display-name><display-name xml:lang="en-GB">Jacks and Machine Lifting Equipment</display-name><display-name xml:lang="fr-FR">Vérins hydrauliques et pompes</display-name><display-name xml:lang="nl-BE">Dommekrachten, vijzels en machineheffers</display-name><display-name xml:lang="nl-NL">Dommekrachten, vijzels en machineheffers</display-name></category>
<category name="1463123324566"><name>1463123324566</name><root>0</root><online>1</online><parent name="1463123324561"/><custom-attributes><custom-attribute name="ShowInMenu" dt:dt="string" xml:lang="en-US">True</custom-attribute><custom-attribute name="CategoryPageIndex" dt:dt="int">100</custom-attribute><custom-attribute name="image-base-name" dt:dt="string">category-images/takels_en_loopkatten.png</custom-attribute></custom-attributes><display-name xml:lang="de-DE">Flaschenzüge und Laufkatzen</display-name><display-name xml:lang="en-GB">Tackles and Crabs</display-name><display-name xml:lang="fr-FR">Palans et chariots</display-name><display-name xml:lang="nl-BE">Takels en loopkatten</display-name><display-name xml:lang="nl-NL">Takels en loopkatten</display-name></category>
<category name="1463123324567"><name>1463123324567</name><root>0</root><online>1</online><parent name="1463123324561"/><custom-attributes><custom-attribute name="ShowInMenu" dt:dt="string" xml:lang="en-US">True</custom-attribute><custom-attribute name="CategoryPageIndex" dt:dt="int">100</custom-attribute><custom-attribute name="image-base-name" dt:dt="string">category-images/palletwagens_en__palletstapelaars.png</custom-attribute></custom-attributes><display-name xml:lang="de-DE">Palettenwagen und Palettenstapler</display-name><display-name xml:lang="en-GB">Pallet trucks and pallet stackers</display-name><display-name xml:lang="fr-FR">Transpalettes et gerbeurs</display-name><display-name xml:lang="nl-BE">Palletwagens en  palletstapelaars</display-name><display-name xml:lang="nl-NL">Palletwagens en  palletstapelaars</display-name></category>
<category name="1463123324568"><name>1463123324568</name><root>0</root><online>1</online><parent name="1463123324561"/><custom-attributes><custom-attribute name="ShowInMenu" dt:dt="string" xml:lang="en-US">True</custom-attribute><custom-attribute name="CategoryPageIndex" dt:dt="int">100</custom-attribute><custom-attribute name="image-base-name" dt:dt="string">category-images/lieren.png</custom-attribute></custom-attributes><display-name xml:lang="de-DE">Seilwinden</display-name><display-name xml:lang="en-GB">Winches</display-name><display-name xml:lang="fr-FR">Palans</display-name><display-name xml:lang="nl-BE">Lieren</display-name><display-name xml:lang="nl-NL">Lieren</display-name></category>
<category name="1463123324569"><name>1463123324569</name><root>0</root><online>1</online><parent name="1463123324561"/><custom-attributes><custom-attribute name="ShowInMenu" dt:dt="string" xml:lang="en-US">True</custom-attribute><custom-attribute name="CategoryPageIndex" dt:dt="int">100</custom-attribute><custom-attribute name="image-base-name" dt:dt="string">category-images/werkplaatskranen_krikken_en_onderzetbokken.png</custom-attribute></custom-attributes><display-name xml:lang="de-DE">Arbeitsplatzkräne, Wagenheber und Unterstellböcke</display-name><display-name xml:lang="en-GB">Workplace cranes, jacks and chocks</display-name><display-name xml:lang="fr-FR">Grues d&apos;atelier et crics roulants</display-name><display-name xml:lang="nl-BE">Werkplaatskranen, krikken en onderzetbokken</display-name><display-name xml:lang="nl-NL">Werkplaatskranen, krikken en onderzetbokken</display-name></category>
<category name="1463123324570"><name>1463123324570</name><root>0</root><online>1</online><parent name="1463123324561"/><custom-attributes><custom-attribute name="ShowInMenu" dt:dt="string" xml:lang="en-US">True</custom-attribute><custom-attribute name="CategoryPageIndex" dt:dt="int">100</custom-attribute><custom-attribute name="image-base-name" dt:dt="string">category-images/vacumheffers.png</custom-attribute></custom-attributes><display-name xml:lang="de-DE">Vakuumheber</display-name><display-name xml:lang="en-GB">Vacuum lifters</display-name><display-name xml:lang="fr-FR">Palonniers à ventouses</display-name><display-name xml:lang="nl-BE">Vacuümheffers</display-name><display-name xml:lang="nl-NL">Vacuümheffers</display-name></category>
<category name="1463123324571"><name>1463123324571</name><root>0</root><online>1</online><parent name="1463123324561"/><custom-attributes><custom-attribute name="ShowInMenu" dt:dt="string" xml:lang="en-US">True</custom-attribute><custom-attribute name="CategoryPageIndex" dt:dt="int">100</custom-attribute><custom-attribute name="image-base-name" dt:dt="string">category-images/hijsbanden_en_rondstroppen.png</custom-attribute></custom-attributes><display-name xml:lang="de-DE">Hebebänder und Rundschlingen</display-name><display-name xml:lang="en-GB">Hoisting Belts and Round Slings</display-name><display-name xml:lang="fr-FR">Elingues, sangles</display-name><display-name xml:lang="nl-BE">Hijsbanden en rondstroppen</display-name><display-name xml:lang="nl-NL">Hijsbanden en rondstroppen</display-name></category>
<category name="1463123324572"><name>1463123324572</name><root>0</root><online>1</online><parent name="1463123324561"/><custom-attributes><custom-attribute name="ShowInMenu" dt:dt="string" xml:lang="en-US">True</custom-attribute><custom-attribute name="CategoryPageIndex" dt:dt="int">100</custom-attribute><custom-attribute name="image-base-name" dt:dt="string">category-images/dynamometers_en_kraanwegschalen.png</custom-attribute></custom-attributes><display-name xml:lang="de-DE">Dynamometer und Kranwaagen</display-name><display-name xml:lang="en-GB">Alternator Testers and Crane Scales</display-name><display-name xml:lang="fr-FR">Dynamo</display-name><display-name xml:lang="nl-BE">Dynamometers en kraanwegschalen</display-name><display-name xml:lang="nl-NL">Dynamometers en kraanwegschalen</display-name></category>
<category name="1463123324573"><name>1463123324573</name><root>0</root><online>1</online><parent name="1463123324561"/><custom-attributes><custom-attribute name="ShowInMenu" dt:dt="string" xml:lang="en-US">True</custom-attribute><custom-attribute name="CategoryPageIndex" dt:dt="int">100</custom-attribute><custom-attribute name="image-base-name" dt:dt="string">category-images/sjorbanden.png</custom-attribute></custom-attributes><display-name xml:lang="de-DE">Zurrgurte</display-name><display-name xml:lang="en-GB">Ratchet Straps</display-name><display-name xml:lang="fr-FR">Garants</display-name><display-name xml:lang="nl-BE">Sjorbanden</display-name><display-name xml:lang="nl-NL">Sjorbanden</display-name></category>
<category name="1463123324574"><name>1463123324574</name><root>0</root><online>1</online><parent name="1463123324561"/><custom-attributes><custom-attribute name="ShowInMenu" dt:dt="string" xml:lang="en-US">True</custom-attribute><custom-attribute name="CategoryPageIndex" dt:dt="int">100</custom-attribute><custom-attribute name="image-base-name" dt:dt="string">category-images/staalkabelsets.png</custom-attribute></custom-attributes><display-name xml:lang="de-DE">Drahtseilsets</display-name><display-name xml:lang="en-GB">Steel Cable Sets</display-name><display-name xml:lang="fr-FR">Emsembles de cable de levage</display-name><display-name xml:lang="nl-BE">Staalkabelsets</display-name><display-name xml:lang="nl-NL">Staalkabelsets</display-name></category>
<category name="1463123324575"><name>1463123324575</name><root>0</root><online>1</online><parent name="1463123324561"/><custom-attributes><custom-attribute name="ShowInMenu" dt:dt="string" xml:lang="en-US">True</custom-attribute><custom-attribute name="CategoryPageIndex" dt:dt="int">100</custom-attribute><custom-attribute name="image-base-name" dt:dt="string">category-images/plaatklemmen_en_hijsklemmen.png</custom-attribute></custom-attributes><display-name xml:lang="de-DE">Plattenklemmen und Hebeklemmen</display-name><display-name xml:lang="en-GB">Plate clamps and hoisting clamps</display-name><display-name xml:lang="fr-FR">Pinces Plate</display-name><display-name xml:lang="nl-BE">Plaatklemmen en hijsklemmen</display-name><display-name xml:lang="nl-NL">Plaatklemmen en hijsklemmen</display-name></category>
<category name="1463123324576"><name>1463123324576</name><root>0</root><online>1</online><parent name="1463123324561"/><custom-attributes><custom-attribute name="ShowInMenu" dt:dt="string" xml:lang="en-US">True</custom-attribute><custom-attribute name="CategoryPageIndex" dt:dt="int">100</custom-attribute><custom-attribute name="image-base-name" dt:dt="string">category-images/hefmagneten.png</custom-attribute></custom-attributes><display-name xml:lang="de-DE">Hubmagnete</display-name><display-name xml:lang="en-GB">Lifting Magnets</display-name><display-name xml:lang="fr-FR">Électro-aimant de levage </display-name><display-name xml:lang="nl-BE">Hefmagneten</display-name><display-name xml:lang="nl-NL">Hefmagneten</display-name></category>
<category name="1463123324577"><name>1463123324577</name><root>0</root><online>1</online><parent name="1463123324561"/><custom-attributes><custom-attribute name="ShowInMenu" dt:dt="string" xml:lang="en-US">True</custom-attribute><custom-attribute name="CategoryPageIndex" dt:dt="int">100</custom-attribute><custom-attribute name="image-base-name" dt:dt="string">category-images/pallethaken.png</custom-attribute></custom-attributes><display-name xml:lang="de-DE">Palettenhaken</display-name><display-name xml:lang="en-GB">Pallet hooks</display-name><display-name xml:lang="fr-FR">Crochets à palettes</display-name><display-name xml:lang="nl-BE">Pallethaken</display-name><display-name xml:lang="nl-NL">Pallethaken</display-name></category>
<category name="1463123324578"><name>1463123324578</name><root>0</root><online>1</online><parent name="1463123324561"/><custom-attributes><custom-attribute name="ShowInMenu" dt:dt="string" xml:lang="en-US">True</custom-attribute><custom-attribute name="CategoryPageIndex" dt:dt="int">100</custom-attribute><custom-attribute name="image-base-name" dt:dt="string">category-images/heftafels_en_hefwagens.png</custom-attribute></custom-attributes><display-name xml:lang="de-DE">Hebetische und Hubwagen</display-name><display-name xml:lang="en-GB">Lift Tables, Lift Trucks and Forklifts</display-name><display-name xml:lang="fr-FR">Tables élévatrices et chariots élévateur</display-name><display-name xml:lang="nl-BE">Heftafels en hefwagens</display-name><display-name xml:lang="nl-NL">Heftafels en hefwagens</display-name></category>
<category name="1463123324579"><name>1463123324579</name><root>0</root><online>1</online><parent name="1463123324561"/><custom-attributes><custom-attribute name="ShowInMenu" dt:dt="string" xml:lang="en-US">True</custom-attribute><custom-attribute name="CategoryPageIndex" dt:dt="int">100</custom-attribute><custom-attribute name="image-base-name" dt:dt="string">category-images/vatenhandeling.png</custom-attribute></custom-attributes><display-name xml:lang="de-DE">Fasshandhabung</display-name><display-name xml:lang="en-GB">Drum handling</display-name><display-name xml:lang="fr-FR">Manipulation de fûts</display-name><display-name xml:lang="nl-BE">Vatenhandeling</display-name><display-name xml:lang="nl-NL">Vatenhandeling</display-name></category>
<category name="1463123324581"><name>1463123324581</name><root>0</root><online>1</online><parent name="1463123324561"/><custom-attributes><custom-attribute name="ShowInMenu" dt:dt="string" xml:lang="en-US">True</custom-attribute><custom-attribute name="CategoryPageIndex" dt:dt="int">100</custom-attribute><custom-attribute name="image-base-name" dt:dt="string">category-images/reserveonderdelen_voor_hef-_en_hijstechniek.png</custom-attribute></custom-attributes><display-name xml:lang="de-DE">Ersatzteile und Zubehör für Hub- und Hebetechnik</display-name><display-name xml:lang="en-GB">Spares Parts and Accessories</display-name><display-name xml:lang="fr-FR">Pièces de rechange et accessoires</display-name><display-name xml:lang="nl-BE">Reserveonderdelen voor hef- en hijstechniek</display-name><display-name xml:lang="nl-NL">Reserveonderdelen voor hef- en hijstechniek</display-name></category>
<category name="1463123324561"><name>1463123324561</name><root>0</root><online>1</online><parent name="1463123324034"/><custom-attributes><custom-attribute name="ShowInMenu" dt:dt="string" xml:lang="en-US">True</custom-attribute><custom-attribute name="CategoryPageIndex" dt:dt="int">2147483647</custom-attribute><custom-attribute name="image-base-name" dt:dt="string">category-images/hef-_en_hijstechniek.png</custom-attribute></custom-attributes><display-name xml:lang="de-DE">Hub- und Hebetechnik</display-name><display-name xml:lang="en-GB">Lifting and Hoisting Equipment</display-name><display-name xml:lang="fr-FR">Levage et manutention</display-name><display-name xml:lang="nl-BE">Hef- en hijstechniek</display-name><display-name xml:lang="nl-NL">Hef- en hijstechniek</display-name><description xml:lang="nl-BE">&lt;p&gt;Bij ons vind je alle producten die je gebruikt bij hef-en hijstechniek. Voor een lading die je vrij hangend moet verplaatsen maak je gebruik van een hijstechniek. Denk bijvoorbeeld aan een kettingtakel. Wanneer je een geleide lading verplaatst, dan maak je gebruik van heftechniek. Denk hier bijvoorbeeld aan een palletwagen. &lt;/p&gt;&lt;p&gt;Of je nou gaat heffen of hijsen, met onze producten verplaats je jouw goederen zo goed en veilig mogelijk. Je vindt bij ons alle soorten kettingmateriaal, reserveonderdelen, hijsklemmen en sjorbanden. Maar ook werkplaatskranen, krikken, palletstapelaars, heftafels en onderzetblokken zijn onderdeel van ons assortiment. &lt;/p&gt;</description><description xml:lang="nl-NL">&lt;p&gt;Bij ons vind je alle producten die je gebruikt bij hef-en hijstechniek. Voor een lading die je vrij hangend moet verplaatsen maak je gebruik van een hijstechniek. Denk bijvoorbeeld aan een kettingtakel. Wanneer je een geleide lading verplaatst, dan maak je gebruik van heftechniek. Denk hier bijvoorbeeld aan een palletwagen. &lt;/p&gt;&lt;p&gt;Of je nou gaat heffen of hijsen, met onze producten verplaats je jouw goederen zo goed en veilig mogelijk. Je vindt bij ons alle soorten kettingmateriaal, reserveonderdelen, hijsklemmen en sjorbanden. Maar ook werkplaatskranen, krikken, palletstapelaars, heftafels en onderzetblokken zijn onderdeel van ons assortiment. &lt;/p&gt;</description></category>
<category name="1463123324580"><name>1463123324580</name><root>0</root><online>1</online><parent name="1463123324034"/><custom-attributes><custom-attribute name="ShowInMenu" dt:dt="string" xml:lang="en-US">True</custom-attribute><custom-attribute name="CategoryPageIndex" dt:dt="int">1073741873</custom-attribute><custom-attribute name="image-base-name" dt:dt="string">category-images/transportrolwagens.png</custom-attribute></custom-attributes><display-name xml:lang="de-DE">Transportrollwagen</display-name><display-name xml:lang="en-GB">Transport bogies</display-name><display-name xml:lang="fr-FR">Chariots de transport</display-name><display-name xml:lang="nl-BE">Transportrolwagens</display-name><display-name xml:lang="nl-NL">Transportrolwagens</display-name></category>
<category name="StructureGroup_3070088193843345"><name>StructureGroup_3070088193843345</name><root>0</root><online>1</online><parent name="StructureGroup_3070088193843341"/><custom-attributes><custom-attribute name="ShowInMenu" dt:dt="string" xml:lang="en-US">True</custom-attribute><custom-attribute name="CategoryPageIndex" dt:dt="int">2147483647</custom-attribute><custom-attribute name="image-base-name" dt:dt="string">category-images/kooi-_en_gevelladders.png</custom-attribute></custom-attributes><display-name xml:lang="de-DE">Steigleitern</display-name><display-name xml:lang="nl-BE">Kooi- en gevelladders</display-name><display-name xml:lang="nl-NL">Kooi- en gevelladders</display-name></category>
<category name="StructureGroup_3070088193843346"><name>StructureGroup_3070088193843346</name><root>0</root><online>1</online><parent name="StructureGroup_3070088193843341"/><custom-attributes><custom-attribute name="ShowInMenu" dt:dt="string" xml:lang="en-US">True</custom-attribute><custom-attribute name="CategoryPageIndex" dt:dt="int">2147483647</custom-attribute><custom-attribute name="image-base-name" dt:dt="string">category-images/reformladders.png</custom-attribute></custom-attributes><display-name xml:lang="de-DE">Allzweckleitern</display-name><display-name xml:lang="nl-BE">Reformladders</display-name><display-name xml:lang="nl-NL">Reformladders</display-name></category>
<category name="StructureGroup_3070088193843348"><name>StructureGroup_3070088193843348</name><root>0</root><online>1</online><parent name="StructureGroup_3070088193843341"/><custom-attributes><custom-attribute name="ShowInMenu" dt:dt="string" xml:lang="en-US">True</custom-attribute><custom-attribute name="CategoryPageIndex" dt:dt="int">2147483647</custom-attribute><custom-attribute name="image-base-name" dt:dt="string">category-images/enkele_ladders.png</custom-attribute></custom-attributes><display-name xml:lang="de-DE">Einfache Sprossenleitern</display-name><display-name xml:lang="nl-BE">Enkele ladders</display-name><display-name xml:lang="nl-NL">Enkele ladders</display-name></category>
<category name="StructureGroup_3070088193843351"><name>StructureGroup_3070088193843351</name><root>0</root><online>1</online><parent name="StructureGroup_3070088193843341"/><custom-attributes><custom-attribute name="ShowInMenu" dt:dt="string" xml:lang="en-US">True</custom-attribute><custom-attribute name="CategoryPageIndex" dt:dt="int">2147483647</custom-attribute><custom-attribute name="image-base-name" dt:dt="string">category-images/telescopische_vouwladders.png</custom-attribute></custom-attributes><display-name xml:lang="de-DE">Teleskop Klappleitern</display-name><display-name xml:lang="nl-BE">Telescopische vouwladders</display-name><display-name xml:lang="nl-NL">Telescopische vouwladders</display-name></category>
<category name="StructureGroup_3070088193843363"><name>StructureGroup_3070088193843363</name><root>0</root><online>1</online><parent name="StructureGroup_3070088193843341"/><custom-attributes><custom-attribute name="ShowInMenu" dt:dt="string" xml:lang="en-US">True</custom-attribute><custom-attribute name="CategoryPageIndex" dt:dt="int">2147483647</custom-attribute><custom-attribute name="image-base-name" dt:dt="string">category-images/touwladders.png</custom-attribute></custom-attributes><display-name xml:lang="de-DE">Strickleitern</display-name><display-name xml:lang="nl-BE">Touwladders</display-name><display-name xml:lang="nl-NL">Touwladders</display-name></category>
<category name="StructureGroup_3070088193843364"><name>StructureGroup_3070088193843364</name><root>0</root><online>1</online><parent name="StructureGroup_3070088193843341"/><custom-attributes><custom-attribute name="ShowInMenu" dt:dt="string" xml:lang="en-US">True</custom-attribute><custom-attribute name="CategoryPageIndex" dt:dt="int">2147483647</custom-attribute><custom-attribute name="image-base-name" dt:dt="string">category-images/ladder_toebehoren.png</custom-attribute></custom-attributes><display-name xml:lang="de-DE">Zubehör für Leitern</display-name><display-name xml:lang="nl-BE">Ladder toebehoren</display-name><display-name xml:lang="nl-NL">Ladder toebehoren</display-name></category>
<category name="StructureGroup_3070088193843341"><name>StructureGroup_3070088193843341</name><root>0</root><online>1</online><parent name="StructureGroup_3070088193843340"/><custom-attributes><custom-attribute name="ShowInMenu" dt:dt="string" xml:lang="en-US">True</custom-attribute><custom-attribute name="CategoryPageIndex" dt:dt="int">2147483647</custom-attribute><custom-attribute name="image-base-name" dt:dt="string">category-images/ladders.png</custom-attribute></custom-attributes><display-name xml:lang="de-DE">Leitern</display-name><display-name xml:lang="nl-BE">Ladders</display-name><display-name xml:lang="nl-NL">Ladders</display-name><description xml:lang="nl-BE">&lt;p&gt;Wij bieden verschillende soorten ladders die je helpen om je werkplek te bereiken. De stahoogte op een ladder is maximaal 7,5 meter. We zetten alle ladders voor je op een rij.&lt;/p&gt;&lt;p&gt;&lt;strong&gt;Enkele ladders&lt;br /&gt;&lt;/strong&gt;Bij het gebruik van een enkele ladder heb je een oppervlak nodig om de ladder ergens tegenaan te zetten. Vaak gebruik je een enkele ladder om bij een stelling te komen of gebruik je deze buiten.&lt;/p&gt;&lt;p&gt;&lt;strong&gt;Kooi-en gevelladders&lt;br /&gt;&lt;/strong&gt;Als je boven de 3 meter werkt, is een kooiladdder verplicht. Een kooiladder bevat een kooisectie en dit biedt een veilige toegang. Kooiladders hebben weinig onderhoud nodig en zijn duurzaam. Een gevelladder heeft een klimhoogte onder de drie meter. Kooi-en gevelladders gebruik je bijvoorbeeld als een toegangstrap bij een onderhoud of inspectie. Denk bijvoorbeeld aan werken op een dak of schoorsteen. Kooiladders zie je vaak in schachten of op silo&amp;rsquo;s. Gebruik in geval van calamiteiten de kooiladder als een brand- of vluchtladder.&lt;/p&gt;&lt;p&gt;&lt;strong&gt;Reformladders&lt;br /&gt;&lt;/strong&gt;De reformladder is een combinatie van een ladder en een trap. Deze ladder kan je op meerdere manieren gebruiken. Een reformladder wordt ook wel een vrijstaande ladder of schaarladder genoemd. Met de reformhaak zet je de ladder makkelijk in een A-positie. Hiermee is de reformladder vrijstaand en kan je de ladder aan beide kanten beklimmen. Sommige reformladders zijn uitschuifbaar. Plaats de uitschuifbare reformladder tegen een gevel en gebruik het als een opsteekladder. Een reformladder gebruik je bijvoorbeeld bij renovaties of onderhoudswerkzaamheden.&lt;/p&gt;&lt;p&gt;&lt;strong&gt;Telescopische vouwladders&lt;br /&gt;&lt;/strong&gt;Een telescopische ladder wordt ook wel een telescoopladder of vouwladder genoemd. Deze ladder kan je in verschillende standen zetten. Je gebruikt deze ladder bij een ongelijke ondergrond. Denk bijvoorbeeld aan het gebruik van een platform- en steigerstand. Bovendien kan je deze ladder in- en uitschuiven en berg je hem gemakkelijk op. Een telescoopladder gebruik je in de bouw, bij een trapgat, voor schilderwerk of om ramen te wassen. &lt;/p&gt;&lt;p&gt;&lt;strong&gt;Touwladders&lt;br /&gt;&lt;/strong&gt;De naam zegt het al, een touwladder is een ladder met touw. Een touwladder heeft aan de bovenkant een paar lussen, die je gebruikt om de ladder op te hangen. Vergeleken met andere type ladders, is een touwladder flexibel. Door de bewegende delen is het beklimmen van een touwladder iets moeilijker dan de onbuigzame ladders. De touwladder is compact op te bergen. Touwladders worden vaak in de scheepvaart gebruikt. Bovendien zijn ze uitermate geschikt om als vluchtroute in te zetten.&lt;/p&gt;</description><description xml:lang="nl-NL">&lt;p&gt;Wij bieden verschillende soorten ladders die je helpen om je werkplek te bereiken. De stahoogte op een ladder is maximaal 7,5 meter. We zetten alle ladders voor je op een rij.&lt;/p&gt;&lt;p&gt;&lt;strong&gt;Enkele ladders&lt;br /&gt;&lt;/strong&gt;Bij het gebruik van een enkele ladder heb je een oppervlak nodig om de ladder ergens tegenaan te zetten. Vaak gebruik je een enkele ladder om bij een stelling te komen of gebruik je deze buiten.&lt;/p&gt;&lt;p&gt;&lt;strong&gt;Kooi-en gevelladders&lt;br /&gt;&lt;/strong&gt;Als je boven de 3 meter werkt, is een kooiladdder verplicht. Een kooiladder bevat een kooisectie en dit biedt een veilige toegang. Kooiladders hebben weinig onderhoud nodig en zijn duurzaam. Een gevelladder heeft een klimhoogte onder de drie meter. Kooi-en gevelladders gebruik je bijvoorbeeld als een toegangstrap bij een onderhoud of inspectie. Denk bijvoorbeeld aan werken op een dak of schoorsteen. Kooiladders zie je vaak in schachten of op silo&amp;rsquo;s. Gebruik in geval van calamiteiten de kooiladder als een brand- of vluchtladder.&lt;/p&gt;&lt;p&gt;&lt;strong&gt;Reformladders&lt;br /&gt;&lt;/strong&gt;De reformladder is een combinatie van een ladder en een trap. Deze ladder kan je op meerdere manieren gebruiken. Een reformladder wordt ook wel een vrijstaande ladder of schaarladder genoemd. Met de reformhaak zet je de ladder makkelijk in een A-positie. Hiermee is de reformladder vrijstaand en kan je de ladder aan beide kanten beklimmen. Sommige reformladders zijn uitschuifbaar. Plaats de uitschuifbare reformladder tegen een gevel en gebruik het als een opsteekladder. Een reformladder gebruik je bijvoorbeeld bij renovaties of onderhoudswerkzaamheden.&lt;/p&gt;&lt;p&gt;&lt;strong&gt;Telescopische vouwladders&lt;br /&gt;&lt;/strong&gt;Een telescopische ladder wordt ook wel een telescoopladder of vouwladder genoemd. Deze ladder kan je in verschillende standen zetten. Je gebruikt deze ladder bij een ongelijke ondergrond. Denk bijvoorbeeld aan het gebruik van een platform- en steigerstand. Bovendien kan je deze ladder in- en uitschuiven en berg je hem gemakkelijk op. Een telescoopladder gebruik je in de bouw, bij een trapgat, voor schilderwerk of om ramen te wassen. &lt;/p&gt;&lt;p&gt;&lt;strong&gt;Touwladders&lt;br /&gt;&lt;/strong&gt;De naam zegt het al, een touwladder is een ladder met touw. Een touwladder heeft aan de bovenkant een paar lussen, die je gebruikt om de ladder op te hangen. Vergeleken met andere type ladders, is een touwladder flexibel. Door de bewegende delen is het beklimmen van een touwladder iets moeilijker dan de onbuigzame ladders. De touwladder is compact op te bergen. Touwladders worden vaak in de scheepvaart gebruikt. Bovendien zijn ze uitermate geschikt om als vluchtroute in te zetten.&lt;/p&gt;</description></category>
<category name="StructureGroup_3070088193843368"><name>StructureGroup_3070088193843368</name><root>0</root><online>1</online><parent name="StructureGroup_3070088193843342"/><custom-attributes><custom-attribute name="ShowInMenu" dt:dt="string" xml:lang="en-US">True</custom-attribute><custom-attribute name="CategoryPageIndex" dt:dt="int">2147483647</custom-attribute><custom-attribute name="image-base-name" dt:dt="string">category-images/trapladders.png</custom-attribute></custom-attributes><display-name xml:lang="de-DE">Klapptritt</display-name><display-name xml:lang="nl-BE">Trapladders</display-name><display-name xml:lang="nl-NL">Trapladders</display-name></category>
<category name="StructureGroup_3070088193843369"><name>StructureGroup_3070088193843369</name><root>0</root><online>1</online><parent name="StructureGroup_3070088193843342"/><custom-attributes><custom-attribute name="ShowInMenu" dt:dt="string" xml:lang="en-US">True</custom-attribute><custom-attribute name="CategoryPageIndex" dt:dt="int">2147483647</custom-attribute><custom-attribute name="image-base-name" dt:dt="string">category-images/huishoudtrappen.png</custom-attribute></custom-attributes><display-name xml:lang="de-DE">Haushaltsleiter und Stehleiter</display-name><display-name xml:lang="nl-BE">Huishoudtrappen</display-name><display-name xml:lang="nl-NL">Huishoudtrappen</display-name></category>
<category name="StructureGroup_3070088193843370"><name>StructureGroup_3070088193843370</name><root>0</root><online>1</online><parent name="StructureGroup_3070088193843342"/><custom-attributes><custom-attribute name="ShowInMenu" dt:dt="string" xml:lang="en-US">True</custom-attribute><custom-attribute name="CategoryPageIndex" dt:dt="int">2147483647</custom-attribute><custom-attribute name="image-base-name" dt:dt="string">category-images/magazijntrappen.png</custom-attribute></custom-attributes><display-name xml:lang="de-DE">Lager Treppe</display-name><display-name xml:lang="nl-BE">Magazijntrappen</display-name><display-name xml:lang="nl-NL">Magazijntrappen</display-name></category>
<category name="StructureGroup_3070088193843372"><name>StructureGroup_3070088193843372</name><root>0</root><online>1</online><parent name="StructureGroup_3070088193843342"/><custom-attributes><custom-attribute name="ShowInMenu" dt:dt="string" xml:lang="en-US">True</custom-attribute><custom-attribute name="CategoryPageIndex" dt:dt="int">2147483647</custom-attribute><custom-attribute name="image-base-name" dt:dt="string">category-images/podium-_en_bordestrappen.png</custom-attribute></custom-attributes><display-name xml:lang="de-DE">Bühnentreppe</display-name><display-name xml:lang="nl-BE">Podium- en bordestrappen</display-name><display-name xml:lang="nl-NL">Podium- en bordestrappen</display-name></category>
<category name="StructureGroup_3070088193843342"><name>StructureGroup_3070088193843342</name><root>0</root><online>1</online><parent name="StructureGroup_3070088193843340"/><custom-attributes><custom-attribute name="ShowInMenu" dt:dt="string" xml:lang="en-US">True</custom-attribute><custom-attribute name="CategoryPageIndex" dt:dt="int">2147483647</custom-attribute><custom-attribute name="image-base-name" dt:dt="string">category-images/trappen.png</custom-attribute></custom-attributes><display-name xml:lang="de-DE">Tritte</display-name><display-name xml:lang="nl-BE">Trappen</display-name><display-name xml:lang="nl-NL">Trappen</display-name><description xml:lang="nl-BE">&lt;p&gt;In ons assortiment vind je kwalitatieve trappen die je helpen om je werkplek te bereiken. De stahoogte op een trap is maximaal 3,5 meter. Om je op weg te helpen zetten we alle trappen voor je op een rij.&lt;/p&gt;&lt;p&gt;&lt;strong&gt;Huishoudtrappen&lt;br /&gt;&lt;/strong&gt;Een huishoudtrap wordt ook wel een keukentrap genoemd. De trap is voorzien van een ruim stavlak aan de bovenste trede. Het bevat bovendien een beugel voor bescherming tegen naar voren vallen. Een huishoudtrap is makkelijk in- en uit te klappen. De naam zegt het al, deze trap gebruik je vaak voor huishoudelijke klussen. &lt;/p&gt;&lt;p&gt;&lt;strong&gt;Magazijntrappen&lt;br /&gt;&lt;/strong&gt;Door het gebruik van een magazijntrap kan je veel effici&amp;euml;nter werken in het magazijn. De trappen zijn voorzien van handgrepen en wielen voor eenvoudig gebruik en verplaatsing. Om altijd je spullen bij de hand te hebben, hebben magazijntrappen een gereedschapbak. Kortom deze trap is onmisbaar in het magazijn.&lt;/p&gt;&lt;p&gt;&lt;strong&gt;Podium- en bordestrappen&lt;br /&gt;&lt;/strong&gt;Een podiumtrap wordt ook wel een platformtrap of bordestrap genoemd. Deze trap is voorzien van wielen en hebben handgrepen voor houvast. De bovenste trede bevat een groot stavlak. Dankzij de wielen kan je de trappen makkelijk verplaatsen. Een podium-of bordestrap gebruik je om een podium of platform te bereiken. &lt;/p&gt;&lt;p&gt;&lt;strong&gt;Trapladders&lt;br /&gt;&lt;/strong&gt;Of je nou een enkele of dubbele trapladder zoekt, je vindt het in ons assortiment. Bij een dubbele trapladder kan je de ladder aan beide kanten beklimmen. Wil je altijd het gereedschap bij de hand hebben? Kies dan een voor een trapladder met een gereedschapsbak. Een trapladder is ideaal voor het gebruik in de werkplaats.&lt;/p&gt;</description><description xml:lang="nl-NL">&lt;p&gt;In ons assortiment vind je kwalitatieve trappen die je helpen om je werkplek te bereiken. De stahoogte op een trap is maximaal 3,5 meter. Om je op weg te helpen zetten we alle trappen voor je op een rij.&lt;/p&gt;&lt;p&gt;&lt;strong&gt;Huishoudtrappen&lt;br /&gt;&lt;/strong&gt;Een huishoudtrap wordt ook wel een keukentrap genoemd. De trap is voorzien van een ruim stavlak aan de bovenste trede. Het bevat bovendien een beugel voor bescherming tegen naar voren vallen. Een huishoudtrap is makkelijk in- en uit te klappen. De naam zegt het al, deze trap gebruik je vaak voor huishoudelijke klussen. &lt;/p&gt;&lt;p&gt;&lt;strong&gt;Magazijntrappen&lt;br /&gt;&lt;/strong&gt;Door het gebruik van een magazijntrap kan je veel effici&amp;euml;nter werken in het magazijn. De trappen zijn voorzien van handgrepen en wielen voor eenvoudig gebruik en verplaatsing. Om altijd je spullen bij de hand te hebben, hebben magazijntrappen een gereedschapbak. Kortom deze trap is onmisbaar in het magazijn.&lt;/p&gt;&lt;p&gt;&lt;strong&gt;Podium- en bordestrappen&lt;br /&gt;&lt;/strong&gt;Een podiumtrap wordt ook wel een platformtrap of bordestrap genoemd. Deze trap is voorzien van wielen en hebben handgrepen voor houvast. De bovenste trede bevat een groot stavlak. Dankzij de wielen kan je de trappen makkelijk verplaatsen. Een podium-of bordestrap gebruik je om een podium of platform te bereiken. &lt;/p&gt;&lt;p&gt;&lt;strong&gt;Trapladders&lt;br /&gt;&lt;/strong&gt;Of je nou een enkele of dubbele trapladder zoekt, je vindt het in ons assortiment. Bij een dubbele trapladder kan je de ladder aan beide kanten beklimmen. Wil je altijd het gereedschap bij de hand hebben? Kies dan een voor een trapladder met een gereedschapsbak. Een trapladder is ideaal voor het gebruik in de werkplaats.&lt;/p&gt;</description></category>
<category name="StructureGroup_3070088193843365"><name>StructureGroup_3070088193843365</name><root>0</root><online>1</online><parent name="StructureGroup_3070088193843343"/><custom-attributes><custom-attribute name="ShowInMenu" dt:dt="string" xml:lang="en-US">True</custom-attribute><custom-attribute name="CategoryPageIndex" dt:dt="int">2147483647</custom-attribute><custom-attribute name="image-base-name" dt:dt="string">category-images/steigers.png</custom-attribute></custom-attributes><display-name xml:lang="de-DE">Gerüste</display-name><display-name xml:lang="nl-BE">Steigers</display-name><display-name xml:lang="nl-NL">Steigers</display-name></category>
<category name="StructureGroup_3070088193843367"><name>StructureGroup_3070088193843367</name><root>0</root><online>1</online><parent name="StructureGroup_3070088193843343"/><custom-attributes><custom-attribute name="ShowInMenu" dt:dt="string" xml:lang="en-US">True</custom-attribute><custom-attribute name="CategoryPageIndex" dt:dt="int">2147483647</custom-attribute><custom-attribute name="image-base-name" dt:dt="string">category-images/steigeronderdelen.png</custom-attribute></custom-attributes><display-name xml:lang="de-DE">Gerüstteile</display-name><display-name xml:lang="nl-BE">Steigeronderdelen</display-name><display-name xml:lang="nl-NL">Steigeronderdelen</display-name></category>
<category name="StructureGroup_3070088193843343"><name>StructureGroup_3070088193843343</name><root>0</root><online>1</online><parent name="StructureGroup_3070088193843340"/><custom-attributes><custom-attribute name="ShowInMenu" dt:dt="string" xml:lang="en-US">True</custom-attribute><custom-attribute name="CategoryPageIndex" dt:dt="int">2147483647</custom-attribute><custom-attribute name="image-base-name" dt:dt="string">category-images/steigers.png</custom-attribute></custom-attributes><display-name xml:lang="de-DE">Gerüste</display-name><display-name xml:lang="nl-BE">Steigers</display-name><display-name xml:lang="nl-NL">Steigers</display-name><description xml:lang="nl-BE">&lt;p&gt;Voor het uitvoeren van werkzaamheden op grotere hoogten hebben we diverse soorten steigers in ons aanbod. Een steiger is een tijdelijke verhoging die bestaat uit hulp- en werkvloeren die je als werkplek gebruikt. We bieden zowel rolsteigers als vouwsteigers aan. &lt;/p&gt;&lt;p&gt;Een rolsteiger bevat wielen en bouw je zelf op. Met de wielen is de rolsteiger makkelijk verrijdbaar. Ben je vaak onderweg? Dan is een vouwsteiger ideaal. Door de telescopische delen kan je een vouwsteiger snel in- en uitklappen.&lt;/p&gt;&lt;p&gt;Twijfel je over de platformhoogte? De werkhoogte is de hoogte waarop je werkt wanneer je op het platform staat. De platformhoogte plus je eigen lengte is dus de werkhoogte.&amp;nbsp;Steigers worden vaak toegepast in de bouw, voor onderhoud en schilderwerk.&amp;nbsp;Wij raden aan om altijd &lt;a href=&quot;https://www.zamro.be/veiligheid-hygiene-en-reiniging/veiligheid-en-bescherming/valbeveiliging&quot;&gt;valbescherming&lt;/a&gt; te gebruiken wanneer je hoger dan 2 meter werkt. &lt;/p&gt;</description><description xml:lang="nl-NL">&lt;p&gt;Voor het uitvoeren van werkzaamheden op grotere hoogten hebben we diverse soorten steigers in ons aanbod. Een steiger is een tijdelijke verhoging die bestaat uit hulp- en werkvloeren die je als werkplek gebruikt. We bieden zowel rolsteigers als vouwsteigers aan. &lt;/p&gt;&lt;p&gt;Een rolsteiger bevat wielen en bouw je zelf op. Met de wielen is de rolsteiger makkelijk verrijdbaar. Ben je vaak onderweg? Dan is een vouwsteiger ideaal. Door de telescopische delen kan je een vouwsteiger snel in- en uitklappen.&lt;/p&gt;&lt;p&gt;Twijfel je over de platformhoogte? De werkhoogte is de hoogte waarop je werkt wanneer je op het platform staat. De platformhoogte plus je eigen lengte is dus de werkhoogte.&amp;nbsp;Steigers worden vaak toegepast in de bouw, voor onderhoud en schilderwerk.&amp;nbsp;Wij raden aan om altijd &lt;a href=&quot;https://www.zamro.nl/veiligheid-hygiene-en-reiniging/veiligheid-en-bescherming/valbeveiliging&quot;&gt;valbescherming&lt;/a&gt; te gebruiken wanneer je hoger dan 2 meter werkt. &lt;/p&gt;</description></category>
<category name="StructureGroup_3070088193843344"><name>StructureGroup_3070088193843344</name><root>0</root><online>1</online><parent name="StructureGroup_3070088193843340"/><custom-attributes><custom-attribute name="ShowInMenu" dt:dt="string" xml:lang="en-US">True</custom-attribute><custom-attribute name="CategoryPageIndex" dt:dt="int">2147483647</custom-attribute><custom-attribute name="image-base-name" dt:dt="string">category-images/opstapjes.png</custom-attribute></custom-attributes><display-name xml:lang="de-DE">Gerüste</display-name><display-name xml:lang="nl-BE">Opstapjes</display-name><display-name xml:lang="nl-NL">Opstapjes</display-name></category>
<category name="StructureGroup_3070088193843340"><name>StructureGroup_3070088193843340</name><root>0</root><online>1</online><parent name="1463123324034"/><custom-attributes><custom-attribute name="ShowInMenu" dt:dt="string" xml:lang="en-US">True</custom-attribute><custom-attribute name="CategoryPageIndex" dt:dt="int">2147483647</custom-attribute><custom-attribute name="image-base-name" dt:dt="string">category-images/ladders_trappen_en_steigers.png</custom-attribute></custom-attributes><display-name xml:lang="de-DE">Leitern, Tritte und Gerüste</display-name><display-name xml:lang="nl-BE">Ladders, trappen en steigers</display-name><display-name xml:lang="nl-NL">Ladders, trappen en steigers</display-name><description xml:lang="nl-BE">&lt;p&gt;We maken bijna dagelijks gebruik van een ladders, trappen, opstapjes of steigers. Je hebt bijvoorbeeld iets nodig van de bovenste plank of je moet de inhoud van een reservoir controleren. Een echte vakman is voorbereid op elke klus. Zorg daarom dat je de juiste producten op voorraad hebt. Er is namelijk niks vervelender dan je klus niet kunnen uitvoeren.&lt;/p&gt;&lt;p&gt;Wij hebben een uitgebreid assortiment van klimmateriaal en producten waarmee je op hoogte kan werken. Vergeet bovendien niet de juiste beveiliging te dragen. De wet- en regelgeving verschilt per land. Wij raden aan om bij een hoogte van boven de 2 meter &lt;a href=&quot;https://www.zamro.be/veiligheid-hygiene-en-reiniging/veiligheid-en-bescherming/valbeveiliging&quot;&gt;valbescherming&lt;/a&gt; te gebruiken.&lt;/p&gt;</description><description xml:lang="nl-NL">&lt;p&gt;We maken bijna dagelijks gebruik van een ladders, trappen, opstapjes of steigers. Je hebt bijvoorbeeld iets nodig van de bovenste plank of je moet de inhoud van een reservoir controleren. Een echte vakman is voorbereid op elke klus. Zorg daarom dat je de juiste producten op voorraad hebt. Er is namelijk niks vervelender dan je klus niet kunnen uitvoeren.&lt;/p&gt;&lt;p&gt;Wij hebben een uitgebreid assortiment van klimmateriaal en producten waarmee je op hoogte kan werken. Vergeet bovendien niet de juiste beveiliging te dragen. De wet- en regelgeving verschilt per land. Wij raden aan om bij een hoogte van boven de 2 meter &lt;a href=&quot;https://www.zamro.nl/veiligheid-hygiene-en-reiniging/veiligheid-en-bescherming/valbeveiliging&quot;&gt;valbescherming&lt;/a&gt; te gebruiken.&lt;/p&gt;</description></category>
<category name="1463123324034"><name>1463123324034</name><root>1</root><online>1</online><custom-attributes><custom-attribute name="ShowInMenu" dt:dt="string" xml:lang="en-US">True</custom-attribute><custom-attribute name="CategoryPageIndex" dt:dt="int">3000</custom-attribute><custom-attribute name="image-base-name" dt:dt="string">category-images/werkplaats_kantoor_en_magazijn.png</custom-attribute></custom-attributes><display-name xml:lang="de-DE">Betriebseinrichtung</display-name><display-name xml:lang="en-GB">Workplace Equipment</display-name><display-name xml:lang="fr-FR">Aménagement d&apos;entreprise</display-name><display-name xml:lang="nl-BE">Werkplaats, Kantoor en Magazijn</display-name><display-name xml:lang="nl-NL">Werkplaats, Kantoor en Magazijn</display-name><description xml:lang="de-DE">Suchen Sie eine Leiter, eine Sackkarre oder einen Schraubstock? Sie benötigen neue Büroartikel oder Teilereiniger? Alle denkbaren Produkte für die Betriebseinrichtung von Werkstatt, Büro oder Lager können Sie in unserem Onlineshop bestellen. In unserem umfangreichen Sortiment finden Sie immer das, was Sie benötigen. Von Förder- und Hebesystemen bis hin zu Verpackungsmaterialien.</description><description xml:lang="nl-BE">Bent u op zoek naar ladders, een steekwagen of een bankschroef? Hebt u nieuwe kantoorartikelen nodig, of onderdelenreinigers? Alle denkbare producten die u in uw werkplaats, op kantoor of in het magazijn gebruikt, vindt u in onze webshop. Met ons brede assortiment vindt u altijd wat u nodig hebt. Van hef- en hijstechniek tot verpakkingsmateriaal.</description><description xml:lang="nl-NL">Ben je op zoek naar ladders, een steekwagen of een bankschroef? Heb je nieuwe kantoorartikelen nodig, of onderdelenreinigers? Alle denkbare producten die je gebruikt in de werkplaats, op kantoor of in het magazijn vind je in onze webshop. Met ons brede assortiment vind je altijd wat je nodig hebt. Van hef- en hijstechniek tot verpakkingsmateriaal.</description></category>
</enfinity>