<?xml version="1.0" encoding="UTF-8"?>
<enfinity xsi:schemaLocation="http://www.intershop.com/xml/ns/enfinity/7.0/xcs/impex catalog.xsd http://www.intershop.com/xml/ns/enfinity/6.5/core/impex-dt dt.xsd" xmlns:xsi="http://www.w3.org/2001/XMLSchema-instance" xmlns="http://www.intershop.com/xml/ns/enfinity/7.0/xcs/impex" xmlns:xml="http://www.w3.org/XML/1998/namespace" xmlns:dt="http://www.intershop.com/xml/ns/enfinity/6.5/core/impex-dt" major="6" minor="1" family="enfinity" branch="enterprise" build="build">
<category name="1463123324015"><name>1463123324015</name><root>0</root><online>1</online><parent name="1463123324014"/><custom-attributes><custom-attribute name="ShowInMenu" dt:dt="string" xml:lang="en-US">True</custom-attribute><custom-attribute name="CategoryPageIndex" dt:dt="int">100</custom-attribute><custom-attribute name="image-base-name" dt:dt="string">category-images/glasweefseldoeken.png</custom-attribute></custom-attributes><display-name xml:lang="de-DE">Glasgewebefolien</display-name><display-name xml:lang="en-GB">Fibreglass Mat</display-name><display-name xml:lang="fr-FR">Tissus de verre</display-name><display-name xml:lang="nl-BE">Glasweefseldoeken</display-name><display-name xml:lang="nl-NL">Glasweefseldoeken</display-name></category>
<category name="1463123324022"><name>1463123324022</name><root>0</root><online>1</online><parent name="1463123324014"/><custom-attributes><custom-attribute name="ShowInMenu" dt:dt="string" xml:lang="en-US">True</custom-attribute><custom-attribute name="CategoryPageIndex" dt:dt="int">100</custom-attribute><custom-attribute name="image-base-name" dt:dt="string">category-images/platen.png</custom-attribute></custom-attributes><display-name xml:lang="de-DE">Platten</display-name><display-name xml:lang="en-GB">Sheets</display-name><display-name xml:lang="fr-FR">Plaques</display-name><display-name xml:lang="nl-BE">Platen</display-name><display-name xml:lang="nl-NL">Platen</display-name></category>
<category name="1463123324023"><name>1463123324023</name><root>0</root><online>1</online><parent name="1463123324014"/><custom-attributes><custom-attribute name="ShowInMenu" dt:dt="string" xml:lang="en-US">True</custom-attribute><custom-attribute name="CategoryPageIndex" dt:dt="int">100</custom-attribute><custom-attribute name="image-base-name" dt:dt="string">category-images/staven.png</custom-attribute></custom-attributes><display-name xml:lang="de-DE">Rundstäbe</display-name><display-name xml:lang="en-GB">Rods</display-name><display-name xml:lang="fr-FR">Barres</display-name><display-name xml:lang="nl-BE">Staven</display-name><display-name xml:lang="nl-NL">Staven</display-name></category>
<category name="1463123324025"><name>1463123324025</name><root>0</root><online>1</online><parent name="1463123324014"/><custom-attributes><custom-attribute name="ShowInMenu" dt:dt="string" xml:lang="en-US">True</custom-attribute><custom-attribute name="CategoryPageIndex" dt:dt="int">100</custom-attribute><custom-attribute name="image-base-name" dt:dt="string">category-images/buizen.png</custom-attribute></custom-attributes><display-name xml:lang="de-DE">Rohre</display-name><display-name xml:lang="en-GB">Pipes</display-name><display-name xml:lang="fr-FR">Tubes</display-name><display-name xml:lang="nl-BE">Buizen</display-name><display-name xml:lang="nl-NL">Buizen</display-name></category>
<category name="1463123324026"><name>1463123324026</name><root>0</root><online>1</online><parent name="1463123324014"/><custom-attributes><custom-attribute name="ShowInMenu" dt:dt="string" xml:lang="en-US">True</custom-attribute><custom-attribute name="CategoryPageIndex" dt:dt="int">100</custom-attribute><custom-attribute name="image-base-name" dt:dt="string">category-images/folie.png</custom-attribute></custom-attributes><display-name xml:lang="de-DE">Folien</display-name><display-name xml:lang="en-GB">Foil</display-name><display-name xml:lang="fr-FR">Feuilles</display-name><display-name xml:lang="nl-BE">Folie</display-name><display-name xml:lang="nl-NL">Folie</display-name></category>
<category name="1463123324027"><name>1463123324027</name><root>0</root><online>1</online><parent name="1463123324014"/><custom-attributes><custom-attribute name="ShowInMenu" dt:dt="string" xml:lang="en-US">True</custom-attribute><custom-attribute name="CategoryPageIndex" dt:dt="int">100</custom-attribute><custom-attribute name="image-base-name" dt:dt="string">category-images/draad_en_lasdraad.png</custom-attribute></custom-attributes><display-name xml:lang="de-DE">Drähte und Schweißdrähte</display-name><display-name xml:lang="en-GB">Wire and Welding Wire</display-name><display-name xml:lang="fr-FR">Fil et fil à souder</display-name><display-name xml:lang="nl-BE">Draad en lasdraad</display-name><display-name xml:lang="nl-NL">Draad en lasdraad</display-name></category>
<category name="1463123324030"><name>1463123324030</name><root>0</root><online>1</online><parent name="1463123324014"/><custom-attributes><custom-attribute name="ShowInMenu" dt:dt="string" xml:lang="en-US">True</custom-attribute><custom-attribute name="CategoryPageIndex" dt:dt="int">100</custom-attribute><custom-attribute name="image-base-name" dt:dt="string">category-images/bandmateriaal.png</custom-attribute></custom-attributes><display-name xml:lang="de-DE">Bandmaterial</display-name><display-name xml:lang="en-GB">Belting</display-name><display-name xml:lang="fr-FR">Bande</display-name><display-name xml:lang="nl-BE">Bandmateriaal</display-name><display-name xml:lang="nl-NL">Bandmateriaal</display-name></category>
<category name="1463123324014"><name>1463123324014</name><root>0</root><online>1</online><parent name="StructureGroup_2277168452139539"/><custom-attributes><custom-attribute name="ShowInMenu" dt:dt="string" xml:lang="en-US">True</custom-attribute><custom-attribute name="CategoryPageIndex" dt:dt="int">2147483647</custom-attribute><custom-attribute name="image-base-name" dt:dt="string">category-images/kunststoffen.png</custom-attribute></custom-attributes><display-name xml:lang="de-DE">Kunststoffe</display-name><display-name xml:lang="en-GB">Synthetic Materials</display-name><display-name xml:lang="fr-FR">Matières synthétiques</display-name><display-name xml:lang="nl-BE">Kunststoffen</display-name><display-name xml:lang="nl-NL">Kunststoffen</display-name></category>
<category name="1463123324244"><name>1463123324244</name><root>0</root><online>1</online><parent name="1463123324242"/><custom-attributes><custom-attribute name="ShowInMenu" dt:dt="string" xml:lang="en-US">True</custom-attribute><custom-attribute name="CategoryPageIndex" dt:dt="int">100</custom-attribute><custom-attribute name="image-base-name" dt:dt="string">category-images/not_available.png</custom-attribute></custom-attributes><display-name xml:lang="de-DE">Armaflex-Isolierplatten</display-name><display-name xml:lang="en-GB">Armaflex Insulation Boards</display-name><display-name xml:lang="fr-FR">Plaques d&apos;isolation Armaflex</display-name><display-name xml:lang="nl-BE">Armaflex isolatieplaten</display-name><display-name xml:lang="nl-NL">Armaflex isolatieplaten</display-name></category>
<category name="1463123324245"><name>1463123324245</name><root>0</root><online>1</online><parent name="1463123324242"/><custom-attributes><custom-attribute name="ShowInMenu" dt:dt="string" xml:lang="en-US">True</custom-attribute><custom-attribute name="CategoryPageIndex" dt:dt="int">100</custom-attribute><custom-attribute name="image-base-name" dt:dt="string">category-images/armaflex_isolatieslangen.png</custom-attribute></custom-attributes><display-name xml:lang="de-DE">Armaflex-Isolierschläuche</display-name><display-name xml:lang="en-GB">Armaflex Pipe Insulation</display-name><display-name xml:lang="fr-FR">Tubes d&apos;isolation Armaflex</display-name><display-name xml:lang="nl-BE">Armaflex isolatieslangen</display-name><display-name xml:lang="nl-NL">Armaflex isolatieslangen</display-name></category>
<category name="1463123324246"><name>1463123324246</name><root>0</root><online>1</online><parent name="1463123324242"/><custom-attributes><custom-attribute name="ShowInMenu" dt:dt="string" xml:lang="en-US">True</custom-attribute><custom-attribute name="CategoryPageIndex" dt:dt="int">100</custom-attribute><custom-attribute name="image-base-name" dt:dt="string">category-images/not_available.png</custom-attribute></custom-attributes><display-name xml:lang="de-DE">Armaflex-Montagezubehör</display-name><display-name xml:lang="en-GB">Armaflex Installation Accessories</display-name><display-name xml:lang="fr-FR">Accessoires de montage Armaflex</display-name><display-name xml:lang="nl-BE">Armaflex montage toebehoren</display-name><display-name xml:lang="nl-NL">Armaflex montage toebehoren</display-name></category>
<category name="1463123324247"><name>1463123324247</name><root>0</root><online>1</online><parent name="1463123324242"/><custom-attributes><custom-attribute name="ShowInMenu" dt:dt="string" xml:lang="en-US">True</custom-attribute><custom-attribute name="CategoryPageIndex" dt:dt="int">100</custom-attribute><custom-attribute name="image-base-name" dt:dt="string">category-images/thermische_isolatiebanden.png</custom-attribute></custom-attributes><display-name xml:lang="de-DE">Wärmedämmbänder</display-name><display-name xml:lang="en-GB">Thermal insulation tape</display-name><display-name xml:lang="fr-FR">Bandes d&apos;isolation thermique</display-name><display-name xml:lang="nl-BE">Thermische isolatiebanden</display-name><display-name xml:lang="nl-NL">Thermische isolatiebanden</display-name></category>
<category name="1463123324248"><name>1463123324248</name><root>0</root><online>1</online><parent name="1463123324242"/><custom-attributes><custom-attribute name="ShowInMenu" dt:dt="string" xml:lang="en-US">True</custom-attribute><custom-attribute name="CategoryPageIndex" dt:dt="int">100</custom-attribute><custom-attribute name="image-base-name" dt:dt="string">category-images/thermische_isolatiedoeken.png</custom-attribute></custom-attributes><display-name xml:lang="de-DE">Wärmedämmgewebe</display-name><display-name xml:lang="en-GB">Thermal insulation fabric</display-name><display-name xml:lang="fr-FR">Toiles d&apos;isolation thermique</display-name><display-name xml:lang="nl-BE">Thermische isolatiedoeken</display-name><display-name xml:lang="nl-NL">Thermische isolatiedoeken</display-name></category>
<category name="1463123324249"><name>1463123324249</name><root>0</root><online>1</online><parent name="1463123324242"/><custom-attributes><custom-attribute name="ShowInMenu" dt:dt="string" xml:lang="en-US">True</custom-attribute><custom-attribute name="CategoryPageIndex" dt:dt="int">100</custom-attribute><custom-attribute name="image-base-name" dt:dt="string">category-images/thermische_isolatiekoorden.png</custom-attribute></custom-attributes><display-name xml:lang="de-DE">Wärmedämmschnüre</display-name><display-name xml:lang="en-GB">Thermal insulation cords</display-name><display-name xml:lang="fr-FR">Cordes d&apos;isolation thermique</display-name><display-name xml:lang="nl-BE">Thermische isolatiekoorden</display-name><display-name xml:lang="nl-NL">Thermische isolatiekoorden</display-name></category>
<category name="1463123324250"><name>1463123324250</name><root>0</root><online>1</online><parent name="1463123324242"/><custom-attributes><custom-attribute name="ShowInMenu" dt:dt="string" xml:lang="en-US">True</custom-attribute><custom-attribute name="CategoryPageIndex" dt:dt="int">100</custom-attribute><custom-attribute name="image-base-name" dt:dt="string">category-images/thermische_isolatieplaten.png</custom-attribute></custom-attributes><display-name xml:lang="de-DE">Wärmedämmplatten</display-name><display-name xml:lang="en-GB">Thermal insulation boards</display-name><display-name xml:lang="fr-FR">Plaques d&apos;isolation thermique</display-name><display-name xml:lang="nl-BE">Thermische isolatieplaten</display-name><display-name xml:lang="nl-NL">Thermische isolatieplaten</display-name></category>
<category name="1463123324242"><name>1463123324242</name><root>0</root><online>1</online><parent name="StructureGroup_2277168452139539"/><custom-attributes><custom-attribute name="ShowInMenu" dt:dt="string" xml:lang="en-US">True</custom-attribute><custom-attribute name="CategoryPageIndex" dt:dt="int">2147483647</custom-attribute><custom-attribute name="image-base-name" dt:dt="string">category-images/isolatiematerialen.png</custom-attribute></custom-attributes><display-name xml:lang="de-DE">Isoliermaterial</display-name><display-name xml:lang="en-GB">Insulation Materials</display-name><display-name xml:lang="fr-FR">Produits d&apos;isolation</display-name><display-name xml:lang="nl-BE">Isolatiematerialen</display-name><display-name xml:lang="nl-NL">Isolatiematerialen</display-name></category>
<category name="1463123324302"><name>1463123324302</name><root>0</root><online>1</online><parent name="1463123324269"/><custom-attributes><custom-attribute name="ShowInMenu" dt:dt="string" xml:lang="en-US">True</custom-attribute><custom-attribute name="CategoryPageIndex" dt:dt="int">100</custom-attribute><custom-attribute name="image-base-name" dt:dt="string">category-images/rubber_profielen.png</custom-attribute></custom-attributes><display-name xml:lang="de-DE">Gummiprofile</display-name><display-name xml:lang="en-GB">Rubber Profiles</display-name><display-name xml:lang="fr-FR">Profilés en caoutchouc</display-name><display-name xml:lang="nl-BE">Rubber profielen</display-name><display-name xml:lang="nl-NL">Rubber profielen</display-name></category>
<category name="1463123324304"><name>1463123324304</name><root>0</root><online>1</online><parent name="1463123324303"/><custom-attributes><custom-attribute name="ShowInMenu" dt:dt="string" xml:lang="en-US">True</custom-attribute><custom-attribute name="CategoryPageIndex" dt:dt="int">100</custom-attribute><custom-attribute name="image-base-name" dt:dt="string">category-images/vouwbalgen.png</custom-attribute></custom-attributes><display-name xml:lang="de-DE">Luftfedern FIRESTONE</display-name><display-name xml:lang="en-GB">Bellows</display-name><display-name xml:lang="fr-FR">Soufflets</display-name><display-name xml:lang="nl-BE">Vouwbalgen</display-name><display-name xml:lang="nl-NL">Vouwbalgen</display-name></category>
<category name="1463123324305"><name>1463123324305</name><root>0</root><online>1</online><parent name="1463123324303"/><custom-attributes><custom-attribute name="ShowInMenu" dt:dt="string" xml:lang="en-US">True</custom-attribute><custom-attribute name="CategoryPageIndex" dt:dt="int">100</custom-attribute><custom-attribute name="image-base-name" dt:dt="string">category-images/membranen.png</custom-attribute></custom-attributes><display-name xml:lang="de-DE">Rollmembrane</display-name><display-name xml:lang="en-GB">Membranes</display-name><display-name xml:lang="nl-BE">Membranen</display-name><display-name xml:lang="nl-NL">Membranen</display-name></category>
<category name="1463123324307"><name>1463123324307</name><root>0</root><online>1</online><parent name="1463123324306"/><custom-attributes><custom-attribute name="ShowInMenu" dt:dt="string" xml:lang="en-US">True</custom-attribute><custom-attribute name="CategoryPageIndex" dt:dt="int">100</custom-attribute><custom-attribute name="image-base-name" dt:dt="string">category-images/deurbuffers.png</custom-attribute></custom-attributes><display-name xml:lang="de-DE">Türpuffer</display-name><display-name xml:lang="en-GB">Door stops</display-name><display-name xml:lang="nl-BE">Deurbuffers</display-name><display-name xml:lang="nl-NL">Deurbuffers</display-name></category>
<category name="1463123324308"><name>1463123324308</name><root>0</root><online>1</online><parent name="1463123324306"/><custom-attributes><custom-attribute name="ShowInMenu" dt:dt="string" xml:lang="en-US">True</custom-attribute><custom-attribute name="CategoryPageIndex" dt:dt="int">100</custom-attribute><custom-attribute name="image-base-name" dt:dt="string">category-images/apparatenbuffers.png</custom-attribute></custom-attributes><display-name xml:lang="de-DE">Apparatepuffer</display-name><display-name xml:lang="en-GB">Rubber stops</display-name><display-name xml:lang="nl-BE">Apparatenbuffers</display-name><display-name xml:lang="nl-NL">Apparatenbuffers</display-name></category>
<category name="1463123324309"><name>1463123324309</name><root>0</root><online>1</online><parent name="1463123324306"/><custom-attributes><custom-attribute name="ShowInMenu" dt:dt="string" xml:lang="en-US">True</custom-attribute><custom-attribute name="CategoryPageIndex" dt:dt="int">100</custom-attribute><custom-attribute name="image-base-name" dt:dt="string">category-images/insteek_buffers.png</custom-attribute></custom-attributes><display-name xml:lang="de-DE">Steckpuffer</display-name><display-name xml:lang="en-GB">Plug-in stops</display-name><display-name xml:lang="nl-BE">Insteek buffers</display-name><display-name xml:lang="nl-NL">Insteek buffers</display-name></category>
<category name="1463123324310"><name>1463123324310</name><root>0</root><online>1</online><parent name="1463123324306"/><custom-attributes><custom-attribute name="ShowInMenu" dt:dt="string" xml:lang="en-US">True</custom-attribute><custom-attribute name="CategoryPageIndex" dt:dt="int">100</custom-attribute><custom-attribute name="image-base-name" dt:dt="string">category-images/bumpons.png</custom-attribute></custom-attributes><display-name xml:lang="de-DE">Bumpons</display-name><display-name xml:lang="en-GB">Bumpons</display-name><display-name xml:lang="nl-BE">Bumpons</display-name><display-name xml:lang="nl-NL">Bumpons</display-name></category>
<category name="1463123324306"><name>1463123324306</name><root>0</root><online>1</online><parent name="1463123324303"/><custom-attributes><custom-attribute name="ShowInMenu" dt:dt="string" xml:lang="en-US">True</custom-attribute><custom-attribute name="CategoryPageIndex" dt:dt="int">100</custom-attribute><custom-attribute name="image-base-name" dt:dt="string">category-images/deur-_en_apparatenbuffers.png</custom-attribute></custom-attributes><display-name xml:lang="de-DE">Türpuffer, Apparatepuffer</display-name><display-name xml:lang="en-GB">Rubber buffers and stops</display-name><display-name xml:lang="nl-BE">Deur- en apparatenbuffers</display-name><display-name xml:lang="nl-NL">Deur- en apparatenbuffers</display-name></category>
<category name="1463123324312"><name>1463123324312</name><root>0</root><online>1</online><parent name="1463123324311"/><custom-attributes><custom-attribute name="ShowInMenu" dt:dt="string" xml:lang="en-US">True</custom-attribute><custom-attribute name="CategoryPageIndex" dt:dt="int">100</custom-attribute><custom-attribute name="image-base-name" dt:dt="string">category-images/beschermkappen.png</custom-attribute></custom-attributes><display-name xml:lang="de-DE">Schutzkappen</display-name><display-name xml:lang="en-GB">Protective caps</display-name><display-name xml:lang="nl-BE">Beschermkappen</display-name><display-name xml:lang="nl-NL">Beschermkappen</display-name></category>
<category name="1463123324313"><name>1463123324313</name><root>0</root><online>1</online><parent name="1463123324311"/><custom-attributes><custom-attribute name="ShowInMenu" dt:dt="string" xml:lang="en-US">True</custom-attribute><custom-attribute name="CategoryPageIndex" dt:dt="int">100</custom-attribute><custom-attribute name="image-base-name" dt:dt="string">category-images/beschermstoppen.png</custom-attribute></custom-attributes><display-name xml:lang="de-DE">Schutzstopfen</display-name><display-name xml:lang="en-GB">Coverstops</display-name><display-name xml:lang="nl-BE">Beschermstoppen</display-name><display-name xml:lang="nl-NL">Beschermstoppen</display-name></category>
<category name="1463123324314"><name>1463123324314</name><root>0</root><online>1</online><parent name="1463123324311"/><custom-attributes><custom-attribute name="ShowInMenu" dt:dt="string" xml:lang="en-US">True</custom-attribute><custom-attribute name="CategoryPageIndex" dt:dt="int">100</custom-attribute><custom-attribute name="image-base-name" dt:dt="string">category-images/insteekdoppen.png</custom-attribute></custom-attributes><display-name xml:lang="de-DE">Gleiter</display-name><display-name xml:lang="en-GB">Protective plugs</display-name><display-name xml:lang="nl-BE">Insteekdoppen</display-name><display-name xml:lang="nl-NL">Insteekdoppen</display-name></category>
<category name="1463123324311"><name>1463123324311</name><root>0</root><online>1</online><parent name="1463123324303"/><custom-attributes><custom-attribute name="ShowInMenu" dt:dt="string" xml:lang="en-US">True</custom-attribute><custom-attribute name="CategoryPageIndex" dt:dt="int">100</custom-attribute><custom-attribute name="image-base-name" dt:dt="string">category-images/beschermkappen_en_afsluitdoppen.png</custom-attribute></custom-attributes><display-name xml:lang="de-DE">Schutzkappen und Schutzstopfen</display-name><display-name xml:lang="en-GB">Protective caps and coverstops</display-name><display-name xml:lang="nl-BE">Beschermkappen en afsluitdoppen</display-name><display-name xml:lang="nl-NL">Beschermkappen en afsluitdoppen</display-name></category>
<category name="1463123324316"><name>1463123324316</name><root>0</root><online>1</online><parent name="1463123324315"/><custom-attributes><custom-attribute name="ShowInMenu" dt:dt="string" xml:lang="en-US">True</custom-attribute><custom-attribute name="CategoryPageIndex" dt:dt="int">100</custom-attribute><custom-attribute name="image-base-name" dt:dt="string">category-images/kabel-_en_doorvoertules.png</custom-attribute></custom-attributes><display-name xml:lang="de-DE">Kabeltüllen</display-name><display-name xml:lang="en-GB">Cable grommets</display-name><display-name xml:lang="nl-BE">Kabel- en doorvoertules</display-name><display-name xml:lang="nl-NL">Kabel- en doorvoertules</display-name></category>
<category name="1463123324317"><name>1463123324317</name><root>0</root><online>1</online><parent name="1463123324315"/><custom-attributes><custom-attribute name="ShowInMenu" dt:dt="string" xml:lang="en-US">True</custom-attribute><custom-attribute name="CategoryPageIndex" dt:dt="int">100</custom-attribute><custom-attribute name="image-base-name" dt:dt="string">category-images/membraantules.png</custom-attribute></custom-attributes><display-name xml:lang="de-DE">Membrantüllen</display-name><display-name xml:lang="en-GB">Membrane grommets</display-name><display-name xml:lang="nl-BE">Membraantules</display-name><display-name xml:lang="nl-NL">Membraantules</display-name></category>
<category name="1463123324315"><name>1463123324315</name><root>0</root><online>1</online><parent name="1463123324303"/><custom-attributes><custom-attribute name="ShowInMenu" dt:dt="string" xml:lang="en-US">True</custom-attribute><custom-attribute name="CategoryPageIndex" dt:dt="int">100</custom-attribute><custom-attribute name="image-base-name" dt:dt="string">category-images/rubbertules.png</custom-attribute></custom-attributes><display-name xml:lang="de-DE">Gummitüllen</display-name><display-name xml:lang="en-GB">Grommets</display-name><display-name xml:lang="nl-BE">Rubbertules</display-name><display-name xml:lang="nl-NL">Rubbertules</display-name></category>
<category name="1463123324318"><name>1463123324318</name><root>0</root><online>1</online><parent name="1463123324303"/><custom-attributes><custom-attribute name="ShowInMenu" dt:dt="string" xml:lang="en-US">True</custom-attribute><custom-attribute name="CategoryPageIndex" dt:dt="int">100</custom-attribute><custom-attribute name="image-base-name" dt:dt="string">category-images/zuignappen.png</custom-attribute></custom-attributes><display-name xml:lang="de-DE">Saugnäpfe</display-name><display-name xml:lang="en-GB">Suction cups</display-name><display-name xml:lang="nl-BE">Zuignappen</display-name><display-name xml:lang="nl-NL">Zuignappen</display-name></category>
<category name="1463123324320"><name>1463123324320</name><root>0</root><online>1</online><parent name="1463123324319"/><custom-attributes><custom-attribute name="ShowInMenu" dt:dt="string" xml:lang="en-US">True</custom-attribute><custom-attribute name="CategoryPageIndex" dt:dt="int">100</custom-attribute><custom-attribute name="image-base-name" dt:dt="string">category-images/ventielkogels_met_metalen_kern.png</custom-attribute></custom-attributes><display-name xml:lang="de-DE">Ventilkugel mit Eisenkern</display-name><display-name xml:lang="en-GB">Valveballs with metal kernel</display-name><display-name xml:lang="nl-BE">Ventielkogels met metalen kern</display-name><display-name xml:lang="nl-NL">Ventielkogels met metalen kern</display-name></category>
<category name="1463123324321"><name>1463123324321</name><root>0</root><online>1</online><parent name="1463123324319"/><custom-attributes><custom-attribute name="ShowInMenu" dt:dt="string" xml:lang="en-US">True</custom-attribute><custom-attribute name="CategoryPageIndex" dt:dt="int">100</custom-attribute><custom-attribute name="image-base-name" dt:dt="string">category-images/ventielkogels_massief.png</custom-attribute></custom-attributes><display-name xml:lang="de-DE">Massive Ventilkugel ohne Eisenkern</display-name><display-name xml:lang="en-GB">Solid valve balls</display-name><display-name xml:lang="nl-BE">Ventielkogels massief</display-name><display-name xml:lang="nl-NL">Ventielkogels massief</display-name></category>
<category name="1463123324322"><name>1463123324322</name><root>0</root><online>1</online><parent name="1463123324319"/><custom-attributes><custom-attribute name="ShowInMenu" dt:dt="string" xml:lang="en-US">True</custom-attribute><custom-attribute name="CategoryPageIndex" dt:dt="int">100</custom-attribute><custom-attribute name="image-base-name" dt:dt="string">category-images/sponsrubber_kogels.png</custom-attribute></custom-attributes><display-name xml:lang="de-DE">Schwammgummikugeln</display-name><display-name xml:lang="en-GB">Sponge rubber balls</display-name><display-name xml:lang="nl-BE">Sponsrubber kogels</display-name><display-name xml:lang="nl-NL">Sponsrubber kogels</display-name></category>
<category name="1463123324319"><name>1463123324319</name><root>0</root><online>1</online><parent name="1463123324303"/><custom-attributes><custom-attribute name="ShowInMenu" dt:dt="string" xml:lang="en-US">True</custom-attribute><custom-attribute name="CategoryPageIndex" dt:dt="int">100</custom-attribute><custom-attribute name="image-base-name" dt:dt="string">category-images/kogels.png</custom-attribute></custom-attributes><display-name xml:lang="de-DE">Kugeln</display-name><display-name xml:lang="en-GB">Balls</display-name><display-name xml:lang="nl-BE">Kogels</display-name><display-name xml:lang="nl-NL">Kogels</display-name></category>
<category name="1463123324323"><name>1463123324323</name><root>0</root><online>1</online><parent name="1463123324303"/><custom-attributes><custom-attribute name="ShowInMenu" dt:dt="string" xml:lang="en-US">True</custom-attribute><custom-attribute name="CategoryPageIndex" dt:dt="int">100</custom-attribute><custom-attribute name="image-base-name" dt:dt="string">category-images/rubber_handgrepen.png</custom-attribute></custom-attributes><display-name xml:lang="de-DE">Handgriffe</display-name><display-name xml:lang="en-GB">Handle grips</display-name><display-name xml:lang="nl-BE">Rubber handgrepen</display-name><display-name xml:lang="nl-NL">Rubber handgrepen</display-name></category>
<category name="1463123324303"><name>1463123324303</name><root>0</root><online>1</online><parent name="1463123324269"/><custom-attributes><custom-attribute name="ShowInMenu" dt:dt="string" xml:lang="en-US">True</custom-attribute><custom-attribute name="CategoryPageIndex" dt:dt="int">100</custom-attribute><custom-attribute name="image-base-name" dt:dt="string">category-images/rubber_vormdelen.png</custom-attribute></custom-attributes><display-name xml:lang="de-DE">Gummiformteile</display-name><display-name xml:lang="en-GB">Rubber Moulded Parts</display-name><display-name xml:lang="fr-FR">Pièces moulées en cauotchouc</display-name><display-name xml:lang="nl-BE">Rubber vormdelen</display-name><display-name xml:lang="nl-NL">Rubber vormdelen</display-name></category>
<category name="1463123325169"><name>1463123325169</name><root>0</root><online>1</online><parent name="1463123324269"/><custom-attributes><custom-attribute name="ShowInMenu" dt:dt="string" xml:lang="en-US">True</custom-attribute><custom-attribute name="CategoryPageIndex" dt:dt="int">2147483647</custom-attribute><custom-attribute name="image-base-name" dt:dt="string">category-images/rubber_platen.png</custom-attribute></custom-attributes><display-name xml:lang="de-DE">Gummiplatten</display-name><display-name xml:lang="en-GB">Rubber Sheets</display-name><display-name xml:lang="fr-FR">Plaques en caoutchouc</display-name><display-name xml:lang="nl-BE">Rubber platen</display-name><display-name xml:lang="nl-NL">Rubber platen</display-name></category>
<category name="1463123324269"><name>1463123324269</name><root>0</root><online>1</online><parent name="StructureGroup_2277168452139539"/><custom-attributes><custom-attribute name="ShowInMenu" dt:dt="string" xml:lang="en-US">True</custom-attribute><custom-attribute name="CategoryPageIndex" dt:dt="int">2147483647</custom-attribute><custom-attribute name="image-base-name" dt:dt="string">category-images/rubber.png</custom-attribute></custom-attributes><display-name xml:lang="de-DE">Gummiprofile und- Formteile</display-name><display-name xml:lang="en-GB">Rubber Moulded Parts and Profiles</display-name><display-name xml:lang="fr-FR">Pièces moulées et profilés en caoutchouc</display-name><display-name xml:lang="nl-BE">Rubber</display-name><display-name xml:lang="nl-NL">Rubber</display-name></category>
<category name="StructureGroup_2277168452139539"><name>StructureGroup_2277168452139539</name><root>1</root><online>1</online><custom-attributes><custom-attribute name="ShowInMenu" dt:dt="string" xml:lang="en-US">True</custom-attribute><custom-attribute name="CategoryPageIndex" dt:dt="int">23000</custom-attribute><custom-attribute name="image-base-name" dt:dt="string">category-images/not_available.png</custom-attribute></custom-attributes><display-name xml:lang="de-DE">Gummi, Kunststoff und Dämmmaterial</display-name><display-name xml:lang="nl-BE">Rubber, Kunststof en Isolatiemateriaal</display-name><display-name xml:lang="nl-NL">Rubber, Kunststof en Isolatiemateriaal</display-name><description xml:lang="de-DE">Alles was mit Gummi, Kunststoff und Dämmmaterial zu tun hat, können Sie in unserem Onlineshop finden. So haben wir zum Beispiel eine breite Palette an Kunststoffplatten, Gummiprofilen und Gummiplatten. An Dämmmaterial mangelt es bei uns ebenfalls nicht. Wir haben u.a. Wärmedämmschnüre, Wärmedämmgewebe und Isolierschläuche.</description><description xml:lang="nl-BE">Alles wat te maken heeft met rubber, kunststof of isolatiemateriaal vindt u in onze webshop. We hebben bijvoorbeeld een groot assortiment van kunststofplaten, rubberprofielen en rubberen platen. Ook aan isolatiemateriaal bij ons geen gebrek. U vindt er onder andere thermische isolatiekoorden, isolatiedoeken en isolatieslangen.</description><description xml:lang="nl-NL">Alles wat te maken heeft met rubber, kunststof of isolatiemateriaal vind je in onze webshop. We hebben bijvoorbeeld een groot assortiment van kunststof platen, rubberprofielen en rubberen platen. Aan isolatiemateriaal hebben wij ook geen gebrek. Je vindt er onder andere thermische isolatiekoorden, isolatiedoeken en isolatieslangen.</description></category>
</enfinity>