<?xml version="1.0" encoding="UTF-8"?>
<enfinity xsi:schemaLocation="http://www.intershop.com/xml/ns/enfinity/7.0/xcs/impex catalog.xsd http://www.intershop.com/xml/ns/enfinity/6.5/core/impex-dt dt.xsd" xmlns:xsi="http://www.w3.org/2001/XMLSchema-instance" xmlns="http://www.intershop.com/xml/ns/enfinity/7.0/xcs/impex" xmlns:xml="http://www.w3.org/XML/1998/namespace" xmlns:dt="http://www.intershop.com/xml/ns/enfinity/6.5/core/impex-dt" major="6" minor="1" family="enfinity" branch="enterprise" build="build">
<category name="1463123323817"><name>1463123323817</name><root>0</root><online>1</online><parent name="1463123323816"/><custom-attributes><custom-attribute name="ShowInMenu" dt:dt="string" xml:lang="en-US">True</custom-attribute><custom-attribute name="CategoryPageIndex" dt:dt="int">100</custom-attribute><custom-attribute name="image-base-name" dt:dt="string">category-images/drukfrezen.png</custom-attribute></custom-attributes><display-name xml:lang="de-DE">Druckfräsen</display-name><display-name xml:lang="en-GB">Press Mills</display-name><display-name xml:lang="fr-FR">Outils de brochage</display-name><display-name xml:lang="nl-BE">Drukfrezen</display-name><display-name xml:lang="nl-NL">Drukfrezen</display-name></category>
<category name="1463123323818"><name>1463123323818</name><root>0</root><online>1</online><parent name="1463123323816"/><custom-attributes><custom-attribute name="ShowInMenu" dt:dt="string" xml:lang="en-US">True</custom-attribute><custom-attribute name="CategoryPageIndex" dt:dt="int">100</custom-attribute><custom-attribute name="image-base-name" dt:dt="string">category-images/not_available.png</custom-attribute></custom-attributes><display-name xml:lang="de-DE">Passbuchsen</display-name><display-name xml:lang="en-GB">Guide Bushes</display-name><display-name xml:lang="fr-FR">Douilles de guidage</display-name><display-name xml:lang="nl-BE">Pasbussen</display-name><display-name xml:lang="nl-NL">Pasbussen</display-name></category>
<category name="1463123323816"><name>1463123323816</name><root>0</root><online>1</online><parent name="1463123323815"/><custom-attributes><custom-attribute name="ShowInMenu" dt:dt="string" xml:lang="en-US">True</custom-attribute><custom-attribute name="CategoryPageIndex" dt:dt="int">2000</custom-attribute><custom-attribute name="image-base-name" dt:dt="string">category-images/brootsen.png</custom-attribute></custom-attributes><display-name xml:lang="de-DE">Räumen</display-name><display-name xml:lang="en-GB">Broaching</display-name><display-name xml:lang="fr-FR">Brochage</display-name><display-name xml:lang="nl-BE">Brootsen</display-name><display-name xml:lang="nl-NL">Brootsen</display-name><description xml:lang="nl-BE">&lt;p&gt;Brootsen wordt ook wel trek-, of drukfrezen genoemd. In deze categorie vind je alle brootsen die geschikt zijn om te gebruiken bij het maken van spiebanen. &lt;/p&gt;&lt;p&gt;&lt;strong&gt;Drukfrezen &amp; pasbussen&lt;/strong&gt;&lt;br /&gt;In ons assortiment vind je voor elke drukfrees een bijpassende pasbus. Daarmee ben je verzekerd dat het gereedschap goed ingespannen is. &lt;/p&gt;</description><description xml:lang="nl-NL">&lt;p&gt;Brootsen wordt ook wel trek-, of drukfrezen genoemd. In deze categorie vind je alle brootsen die geschikt zijn om te gebruiken bij het maken van spiebanen. &lt;/p&gt;&lt;p&gt;&lt;strong&gt;Drukfrezen &amp; pasbussen&lt;/strong&gt;&lt;br /&gt;In ons assortiment vind je voor elke drukfrees een bijpassende pasbus. Daarmee ben je verzekerd dat het gereedschap goed ingespannen is. &lt;/p&gt;</description></category>
<category name="1463123323819"><name>1463123323819</name><root>0</root><online>1</online><parent name="1463123323815"/><custom-attributes><custom-attribute name="ShowInMenu" dt:dt="string" xml:lang="en-US">True</custom-attribute><custom-attribute name="CategoryPageIndex" dt:dt="int">6000</custom-attribute><custom-attribute name="image-base-name" dt:dt="string">category-images/kartelen.png</custom-attribute></custom-attributes><display-name xml:lang="de-DE">Kerben</display-name><display-name xml:lang="en-GB">Knurling</display-name><display-name xml:lang="fr-FR">Moletage</display-name><display-name xml:lang="nl-BE">Kartelen</display-name><display-name xml:lang="nl-NL">Kartelen</display-name></category>
<category name="1463123323821"><name>1463123323821</name><root>0</root><online>1</online><parent name="1463123323820"/><custom-attributes><custom-attribute name="ShowInMenu" dt:dt="string" xml:lang="en-US">True</custom-attribute><custom-attribute name="CategoryPageIndex" dt:dt="int">100</custom-attribute><custom-attribute name="image-base-name" dt:dt="string">category-images/boren_sets.png</custom-attribute></custom-attributes><display-name xml:lang="de-DE">Bohrer Sets</display-name><display-name xml:lang="en-GB">Drills</display-name><display-name xml:lang="fr-FR">Perçage</display-name><display-name xml:lang="nl-BE">Boren sets</display-name><display-name xml:lang="nl-NL">Boren sets</display-name></category>
<category name="1463123323822"><name>1463123323822</name><root>0</root><online>1</online><parent name="1463123323820"/><custom-attributes><custom-attribute name="ShowInMenu" dt:dt="string" xml:lang="en-US">True</custom-attribute><custom-attribute name="CategoryPageIndex" dt:dt="int">100</custom-attribute><custom-attribute name="image-base-name" dt:dt="string">category-images/tap_sets.png</custom-attribute></custom-attributes><display-name xml:lang="de-DE">Gewindebohrer Sets</display-name><display-name xml:lang="en-GB">Taps</display-name><display-name xml:lang="fr-FR">Tarauds / Taraudages</display-name><display-name xml:lang="nl-BE">Tap sets</display-name><display-name xml:lang="nl-NL">Tap sets</display-name></category>
<category name="1463123323823"><name>1463123323823</name><root>0</root><online>1</online><parent name="1463123323820"/><custom-attributes><custom-attribute name="ShowInMenu" dt:dt="string" xml:lang="en-US">True</custom-attribute><custom-attribute name="CategoryPageIndex" dt:dt="int">100</custom-attribute><custom-attribute name="image-base-name" dt:dt="string">category-images/gatzaag_en_klokzaag_sets.png</custom-attribute></custom-attributes><display-name xml:lang="de-DE">Lochsägen Sets</display-name><display-name xml:lang="en-GB">Hole Saws</display-name><display-name xml:lang="fr-FR">Scies trépan</display-name><display-name xml:lang="nl-BE">Gatzaag en klokzaag sets</display-name><display-name xml:lang="nl-NL">Gatzaag en klokzaag sets</display-name></category>
<category name="1463123323825"><name>1463123323825</name><root>0</root><online>1</online><parent name="1463123323820"/><custom-attributes><custom-attribute name="ShowInMenu" dt:dt="string" xml:lang="en-US">True</custom-attribute><custom-attribute name="CategoryPageIndex" dt:dt="int">100</custom-attribute><custom-attribute name="image-base-name" dt:dt="string">category-images/broots_sets.png</custom-attribute></custom-attributes><display-name xml:lang="de-DE">Räumen Sets</display-name><display-name xml:lang="en-GB">Broaching</display-name><display-name xml:lang="fr-FR">Brochage</display-name><display-name xml:lang="nl-BE">Broots sets</display-name><display-name xml:lang="nl-NL">Broots sets</display-name></category>
<category name="1463123323820"><name>1463123323820</name><root>0</root><online>1</online><parent name="1463123323815"/><custom-attributes><custom-attribute name="ShowInMenu" dt:dt="string" xml:lang="en-US">True</custom-attribute><custom-attribute name="CategoryPageIndex" dt:dt="int">11000</custom-attribute><custom-attribute name="image-base-name" dt:dt="string">category-images/verspanend_gereedschap_sets.png</custom-attribute></custom-attributes><display-name xml:lang="de-DE">Bearbeitungswerkzeuge Sets</display-name><display-name xml:lang="en-GB">Sets</display-name><display-name xml:lang="fr-FR">Jeux</display-name><display-name xml:lang="nl-BE">Verspanend gereedschap sets</display-name><display-name xml:lang="nl-NL">Verspanend gereedschap sets</display-name></category>
<category name="1463123323829"><name>1463123323829</name><root>0</root><online>1</online><parent name="1463123323828"/><custom-attributes><custom-attribute name="ShowInMenu" dt:dt="string" xml:lang="en-US">True</custom-attribute><custom-attribute name="CategoryPageIndex" dt:dt="int">100</custom-attribute><custom-attribute name="image-base-name" dt:dt="string">category-images/freeshouders.png</custom-attribute></custom-attributes><display-name xml:lang="de-DE">Fräsenhalter</display-name><display-name xml:lang="en-GB">Milling Cutter Holder</display-name><display-name xml:lang="fr-FR">Outils</display-name><display-name xml:lang="nl-BE">Freeshouders</display-name><display-name xml:lang="nl-NL">Freeshouders</display-name></category>
<category name="1463123323830"><name>1463123323830</name><root>0</root><online>1</online><parent name="1463123323828"/><custom-attributes><custom-attribute name="ShowInMenu" dt:dt="string" xml:lang="en-US">True</custom-attribute><custom-attribute name="CategoryPageIndex" dt:dt="int">100</custom-attribute><custom-attribute name="image-base-name" dt:dt="string">category-images/vhm_frezen.png</custom-attribute></custom-attributes><display-name xml:lang="de-DE">VHM-Fräser</display-name><display-name xml:lang="en-GB">FHM Milling Cutters</display-name><display-name xml:lang="fr-FR">Fraises hélicoïdales</display-name><display-name xml:lang="nl-BE">VHM frezen</display-name><display-name xml:lang="nl-NL">VHM frezen</display-name></category>
<category name="1463123323831"><name>1463123323831</name><root>0</root><online>1</online><parent name="1463123323828"/><custom-attributes><custom-attribute name="ShowInMenu" dt:dt="string" xml:lang="en-US">True</custom-attribute><custom-attribute name="CategoryPageIndex" dt:dt="int">100</custom-attribute><custom-attribute name="image-base-name" dt:dt="string">category-images/hm_wisselplaten.png</custom-attribute></custom-attributes><display-name xml:lang="de-DE">HM-Wendeplatten</display-name><display-name xml:lang="en-GB">HM Inserts</display-name><display-name xml:lang="fr-FR">Plaquettes</display-name><display-name xml:lang="nl-BE">HM wisselplaten</display-name><display-name xml:lang="nl-NL">HM wisselplaten</display-name></category>
<category name="1463123323832"><name>1463123323832</name><root>0</root><online>1</online><parent name="1463123323828"/><custom-attributes><custom-attribute name="ShowInMenu" dt:dt="string" xml:lang="en-US">True</custom-attribute><custom-attribute name="CategoryPageIndex" dt:dt="int">100</custom-attribute><custom-attribute name="image-base-name" dt:dt="string">category-images/hss_en_hsse_frezen.png</custom-attribute></custom-attributes><display-name xml:lang="de-DE">HSS- und HSSE-Fräser</display-name><display-name xml:lang="en-GB">HS and HSSE Milling Cutters</display-name><display-name xml:lang="fr-FR">Fraises HSS et HSSE</display-name><display-name xml:lang="nl-BE">HSS en HSSE frezen</display-name><display-name xml:lang="nl-NL">HSS en HSSE frezen</display-name></category>
<category name="1463123323828"><name>1463123323828</name><root>0</root><online>1</online><parent name="1463123323815"/><custom-attributes><custom-attribute name="ShowInMenu" dt:dt="string" xml:lang="en-US">True</custom-attribute><custom-attribute name="CategoryPageIndex" dt:dt="int">5000</custom-attribute><custom-attribute name="image-base-name" dt:dt="string">category-images/frezen.png</custom-attribute></custom-attributes><display-name xml:lang="de-DE">Fräsen</display-name><display-name xml:lang="en-GB">Milling</display-name><display-name xml:lang="fr-FR">Fraisage</display-name><display-name xml:lang="nl-BE">Frezen</display-name><display-name xml:lang="nl-NL">Frezen</display-name><description xml:lang="nl-BE">&lt;p&gt;Een veelgebruikte techniek bij verspanende bewerking is frezen. In ons assortiment vind je verschillende uitvoeringsvormen van frezen. Zo hebben we producten waarmee je kan wisselplaatfrezen, stiftfrezen, vingervrezen, profielfrezen, spiebaanfrezen, schijffrezen en mantelkopfrezen. Bovendien hebben de producten om te verzinkfrezen, radiusfrezen, sjabloonfrezen, ruwfrezen en afbraamfrezen.&lt;/p&gt;&lt;p&gt;Ben je op zoek naar andere producten om te frezen? Kijk dan bij onze &lt;a href=&quot;/category/1463123323949/freesmachines&quot;&gt;freesmachines&lt;/a&gt;.&lt;/p&gt;&lt;p&gt;&lt;strong&gt;Wat is frezen?&lt;br /&gt;&lt;/strong&gt;Bij frezen maak je gebruik van roterend gereedschap en verwijder je materiaal als metaal, hout en kunststof. Denk bijvoorbeeld aan het maken van sleuven, groeven en randen. In ons assortiment vind je verschillende producten om te frezen.&lt;/p&gt;</description><description xml:lang="nl-NL">&lt;p&gt;Een veelgebruikte techniek bij verspanende bewerking is frezen. In ons assortiment vind je verschillende uitvoeringsvormen van frezen. Zo hebben we producten waarmee je kan wisselplaatfrezen, stiftfrezen, vingervrezen, profielfrezen, spiebaanfrezen, schijffrezen en mantelkopfrezen. Bovendien hebben de producten om te verzinkfrezen, radiusfrezen, sjabloonfrezen, ruwfrezen en afbraamfrezen.&lt;/p&gt;&lt;p&gt;Ben je op zoek naar andere producten om te frezen? Kijk dan bij onze &lt;a href=&quot;/category/1463123323949/freesmachines&quot;&gt;freesmachines&lt;/a&gt;.&lt;/p&gt;&lt;p&gt;&lt;strong&gt;Wat is frezen?&lt;br /&gt;&lt;/strong&gt;Bij frezen maak je gebruik van roterend gereedschap en verwijder je materiaal als metaal, hout en kunststof. Denk bijvoorbeeld aan het maken van sleuven, groeven en randen. In ons assortiment vind je verschillende producten om te frezen.&lt;/p&gt;</description></category>
<category name="1463123323833"><name>1463123323833</name><root>0</root><online>1</online><parent name="1463123323815"/><custom-attributes><custom-attribute name="ShowInMenu" dt:dt="string" xml:lang="en-US">True</custom-attribute><custom-attribute name="CategoryPageIndex" dt:dt="int">9000</custom-attribute><custom-attribute name="image-base-name" dt:dt="string">category-images/reserveonderdelen_voor_verspanend_gereedschap.png</custom-attribute></custom-attributes><display-name xml:lang="de-DE">Ersatzteile und Zubehör für Bearbeitungswerkzeuge</display-name><display-name xml:lang="en-GB">Spares Parts and Accessories</display-name><display-name xml:lang="fr-FR">Pièces de rechange et accessoires</display-name><display-name xml:lang="nl-BE">Reserveonderdelen voor verspanend gereedschap</display-name><display-name xml:lang="nl-NL">Reserveonderdelen voor verspanend gereedschap</display-name></category>
<category name="1463123323835"><name>1463123323835</name><root>0</root><online>1</online><parent name="1463123323834"/><custom-attributes><custom-attribute name="ShowInMenu" dt:dt="string" xml:lang="en-US">True</custom-attribute><custom-attribute name="CategoryPageIndex" dt:dt="int">100</custom-attribute><custom-attribute name="image-base-name" dt:dt="string">category-images/wisselplaten.png</custom-attribute></custom-attributes><display-name xml:lang="de-DE">Wendeplatten</display-name><display-name xml:lang="en-GB">Inserts</display-name><display-name xml:lang="fr-FR">Plaquettes</display-name><display-name xml:lang="nl-BE">Wisselplaten</display-name><display-name xml:lang="nl-NL">Wisselplaten</display-name></category>
<category name="1463123323836"><name>1463123323836</name><root>0</root><online>1</online><parent name="1463123323834"/><custom-attributes><custom-attribute name="ShowInMenu" dt:dt="string" xml:lang="en-US">True</custom-attribute><custom-attribute name="CategoryPageIndex" dt:dt="int">100</custom-attribute><custom-attribute name="image-base-name" dt:dt="string">category-images/uitwendig_draaien.png</custom-attribute></custom-attributes><display-name xml:lang="de-DE">Außendrehen</display-name><display-name xml:lang="en-GB">External Turning</display-name><display-name xml:lang="fr-FR">Usinage extérieur</display-name><display-name xml:lang="nl-BE">Uitwendig draaien</display-name><display-name xml:lang="nl-NL">Uitwendig draaien</display-name></category>
<category name="1463123323837"><name>1463123323837</name><root>0</root><online>1</online><parent name="1463123323834"/><custom-attributes><custom-attribute name="ShowInMenu" dt:dt="string" xml:lang="en-US">True</custom-attribute><custom-attribute name="CategoryPageIndex" dt:dt="int">100</custom-attribute><custom-attribute name="image-base-name" dt:dt="string">category-images/inwendig_draaien.png</custom-attribute></custom-attributes><display-name xml:lang="de-DE">Innendrehen</display-name><display-name xml:lang="en-GB">Internal Turning</display-name><display-name xml:lang="fr-FR">Usinage intérieur</display-name><display-name xml:lang="nl-BE">Inwendig draaien</display-name><display-name xml:lang="nl-NL">Inwendig draaien</display-name></category>
<category name="1463123323838"><name>1463123323838</name><root>0</root><online>1</online><parent name="1463123323834"/><custom-attributes><custom-attribute name="ShowInMenu" dt:dt="string" xml:lang="en-US">True</custom-attribute><custom-attribute name="CategoryPageIndex" dt:dt="int">100</custom-attribute><custom-attribute name="image-base-name" dt:dt="string">category-images/afsteken_groefsteken_en_profieldraaien.png</custom-attribute></custom-attributes><display-name xml:lang="de-DE">Abstechen, Einstechen und Profildrehen</display-name><display-name xml:lang="en-GB">Parting, Profiling and Grooving</display-name><display-name xml:lang="fr-FR">Tronçonnage, profilage et gorges</display-name><display-name xml:lang="nl-BE">Afsteken, groefsteken en profieldraaien</display-name><display-name xml:lang="nl-NL">Afsteken, groefsteken en profieldraaien</display-name></category>
<category name="1463123323834"><name>1463123323834</name><root>0</root><online>1</online><parent name="1463123323815"/><custom-attributes><custom-attribute name="ShowInMenu" dt:dt="string" xml:lang="en-US">True</custom-attribute><custom-attribute name="CategoryPageIndex" dt:dt="int">4000</custom-attribute><custom-attribute name="image-base-name" dt:dt="string">category-images/draaien.png</custom-attribute></custom-attributes><display-name xml:lang="de-DE">Drehen</display-name><display-name xml:lang="en-GB">Turning</display-name><display-name xml:lang="fr-FR">Tournage</display-name><display-name xml:lang="nl-BE">Draaien</display-name><display-name xml:lang="nl-NL">Draaien</display-name><description xml:lang="nl-BE">&lt;p&gt;In tegenstelling tot bij frezen draait het gereedschap bij deze bewerking niet. Als je gebruikt maakt van de bewerkingsmethode draaien, dan draait het werkstuk. In ons assortiment vind je verschillende gereedschappen. Denk aan standaard draaibeitels, snijbeitels, draaibeitels met wisselplaat en een draadsnijbeitel. Bovendien hebben we in deze categorie producten die helpen bij de bewerkingsmethode kartelen. &lt;/p&gt;</description><description xml:lang="nl-NL">&lt;p&gt;In tegenstelling tot bij frezen draait het gereedschap bij deze bewerking niet. Als je gebruikt maakt van de bewerkingsmethode draaien, dan draait het werkstuk. In ons assortiment vind je verschillende gereedschappen. Denk aan standaard draaibeitels, snijbeitels, draaibeitels met wisselplaat en een draadsnijbeitel. Bovendien hebben we in deze categorie producten die helpen bij de bewerkingsmethode kartelen. &lt;/p&gt;</description></category>
<category name="1463123323840"><name>1463123323840</name><root>0</root><online>1</online><parent name="1463123323839"/><custom-attributes><custom-attribute name="ShowInMenu" dt:dt="string" xml:lang="en-US">True</custom-attribute><custom-attribute name="CategoryPageIndex" dt:dt="int">100</custom-attribute><custom-attribute name="image-base-name" dt:dt="string">category-images/tappen_en_wringijzers.png</custom-attribute></custom-attributes><display-name xml:lang="de-DE">Gewindebohrer und Windeisen</display-name><display-name xml:lang="en-GB">Taps and Tap Wrenches</display-name><display-name xml:lang="fr-FR">Tarauds</display-name><display-name xml:lang="nl-BE">Tappen en wringijzers</display-name><display-name xml:lang="nl-NL">Tappen en wringijzers</display-name></category>
<category name="1463123323843"><name>1463123323843</name><root>0</root><online>1</online><parent name="1463123323839"/><custom-attributes><custom-attribute name="ShowInMenu" dt:dt="string" xml:lang="en-US">True</custom-attribute><custom-attribute name="CategoryPageIndex" dt:dt="int">100</custom-attribute><custom-attribute name="image-base-name" dt:dt="string">category-images/snijkussens_en_snijhouders.png</custom-attribute></custom-attributes><display-name xml:lang="de-DE">Schneideisen und Halter</display-name><display-name xml:lang="en-GB">Chaser Dies and Holders</display-name><display-name xml:lang="fr-FR">Filières et porte-outils</display-name><display-name xml:lang="nl-BE">Snijkussens en snijhouders</display-name><display-name xml:lang="nl-NL">Snijkussens en snijhouders</display-name></category>
<category name="1463123323844"><name>1463123323844</name><root>0</root><online>1</online><parent name="1463123323839"/><custom-attributes><custom-attribute name="ShowInMenu" dt:dt="string" xml:lang="en-US">True</custom-attribute><custom-attribute name="CategoryPageIndex" dt:dt="int">100</custom-attribute><custom-attribute name="image-base-name" dt:dt="string">category-images/draadfrezen_vhm.png</custom-attribute></custom-attributes><display-name xml:lang="de-DE">VHM-Fräser</display-name><display-name xml:lang="en-GB">Milling Cutters FHM</display-name><display-name xml:lang="fr-FR">Fraises</display-name><display-name xml:lang="nl-BE">Draadfrezen VHM</display-name><display-name xml:lang="nl-NL">Draadfrezen VHM</display-name></category>
<category name="1463123323839"><name>1463123323839</name><root>0</root><online>1</online><parent name="1463123323815"/><custom-attributes><custom-attribute name="ShowInMenu" dt:dt="string" xml:lang="en-US">True</custom-attribute><custom-attribute name="CategoryPageIndex" dt:dt="int">3000</custom-attribute><custom-attribute name="image-base-name" dt:dt="string">category-images/draadsnijders.png</custom-attribute></custom-attributes><display-name xml:lang="de-DE">Gewindeschneiden</display-name><display-name xml:lang="en-GB">Threading</display-name><display-name xml:lang="fr-FR">Filetage</display-name><display-name xml:lang="nl-BE">Draadsnijders</display-name><display-name xml:lang="nl-NL">Draadsnijders</display-name><description xml:lang="nl-BE">&lt;p&gt;Om schroefdraad te vervaardigen gebruik je draadsnijders. In ons assortiment vind je verschillende producten die je gebruikt voor deze techniek. Zo hebben we tappen, snijkussens, snijplaten, snijmoeren, wringijzers en houders.&lt;/p&gt;</description><description xml:lang="nl-NL">&lt;p&gt;Om schroefdraad te vervaardigen gebruik je draadsnijders. In ons assortiment vind je verschillende producten die je gebruikt voor deze techniek. Zo hebben we tappen, snijkussens, snijplaten, snijmoeren, wringijzers en houders.&lt;/p&gt;</description></category>
<category name="1463123323847"><name>1463123323847</name><root>0</root><online>1</online><parent name="1463123323846"/><custom-attributes><custom-attribute name="ShowInMenu" dt:dt="string" xml:lang="en-US">True</custom-attribute><custom-attribute name="CategoryPageIndex" dt:dt="int">100</custom-attribute><custom-attribute name="image-base-name" dt:dt="string">category-images/cilindrische_schacht.png</custom-attribute></custom-attributes><display-name xml:lang="de-DE">Zylinderschaft</display-name><display-name xml:lang="en-GB">Cylindrical Shanks</display-name><display-name xml:lang="fr-FR">Adaptateur cylindrique</display-name><display-name xml:lang="nl-BE">Cilindrische schacht</display-name><display-name xml:lang="nl-NL">Cilindrische schacht</display-name></category>
<category name="1463123323849"><name>1463123323849</name><root>0</root><online>1</online><parent name="1463123323846"/><custom-attributes><custom-attribute name="ShowInMenu" dt:dt="string" xml:lang="en-US">True</custom-attribute><custom-attribute name="CategoryPageIndex" dt:dt="int">100</custom-attribute><custom-attribute name="image-base-name" dt:dt="string">category-images/conische_schacht.png</custom-attribute></custom-attributes><display-name xml:lang="de-DE">Konischer Schaft</display-name><display-name xml:lang="en-GB">Conical Shanks</display-name><display-name xml:lang="fr-FR">Adaptateur conique</display-name><display-name xml:lang="nl-BE">Conische schacht</display-name><display-name xml:lang="nl-NL">Conische schacht</display-name></category>
<category name="1463123323850"><name>1463123323850</name><root>0</root><online>1</online><parent name="1463123323846"/><custom-attributes><custom-attribute name="ShowInMenu" dt:dt="string" xml:lang="en-US">True</custom-attribute><custom-attribute name="CategoryPageIndex" dt:dt="int">100</custom-attribute><custom-attribute name="image-base-name" dt:dt="string">category-images/weldon_schacht.png</custom-attribute></custom-attributes><display-name xml:lang="de-DE">Weldon-Schaft</display-name><display-name xml:lang="en-GB">Weldon Shanks</display-name><display-name xml:lang="fr-FR">Adaptateur Weldon</display-name><display-name xml:lang="nl-BE">Weldon schacht</display-name><display-name xml:lang="nl-NL">Weldon schacht</display-name></category>
<category name="1463123323851"><name>1463123323851</name><root>0</root><online>1</online><parent name="1463123323846"/><custom-attributes><custom-attribute name="ShowInMenu" dt:dt="string" xml:lang="en-US">True</custom-attribute><custom-attribute name="CategoryPageIndex" dt:dt="int">100</custom-attribute><custom-attribute name="image-base-name" dt:dt="string">category-images/bit.png</custom-attribute></custom-attributes><display-name xml:lang="de-DE">Bit</display-name><display-name xml:lang="en-GB">Bit</display-name><display-name xml:lang="fr-FR">Hexagonale</display-name><display-name xml:lang="nl-BE">Bit</display-name><display-name xml:lang="nl-NL">Bit</display-name></category>
<category name="1463123323846"><name>1463123323846</name><root>0</root><online>1</online><parent name="1463123323845"/><custom-attributes><custom-attribute name="ShowInMenu" dt:dt="string" xml:lang="en-US">True</custom-attribute><custom-attribute name="CategoryPageIndex" dt:dt="int">100</custom-attribute><custom-attribute name="image-base-name" dt:dt="string">category-images/hss_en_hsse_boren.png</custom-attribute></custom-attributes><display-name xml:lang="de-DE">HSS- und HSSE-Bohrer</display-name><display-name xml:lang="en-GB">HSS and HSSE Bits</display-name><display-name xml:lang="fr-FR">Mèches HSS et HSSE</display-name><display-name xml:lang="nl-BE">HSS en HSSE boren</display-name><display-name xml:lang="nl-NL">HSS en HSSE boren</display-name></category>
<category name="1463123323852"><name>1463123323852</name><root>0</root><online>1</online><parent name="1463123323845"/><custom-attributes><custom-attribute name="ShowInMenu" dt:dt="string" xml:lang="en-US">True</custom-attribute><custom-attribute name="CategoryPageIndex" dt:dt="int">100</custom-attribute><custom-attribute name="image-base-name" dt:dt="string">category-images/vhm_boren.png</custom-attribute></custom-attributes><display-name xml:lang="de-DE">VHM-Bohrer</display-name><display-name xml:lang="en-GB">FHM Bits</display-name><display-name xml:lang="fr-FR">Forets carbures à liant métalliques pleins</display-name><display-name xml:lang="nl-BE">VHM Boren</display-name><display-name xml:lang="nl-NL">VHM Boren</display-name></category>
<category name="1463123323856"><name>1463123323856</name><root>0</root><online>1</online><parent name="1463123323853"/><custom-attributes><custom-attribute name="ShowInMenu" dt:dt="string" xml:lang="en-US">True</custom-attribute><custom-attribute name="CategoryPageIndex" dt:dt="int">100</custom-attribute><custom-attribute name="image-base-name" dt:dt="string">category-images/wisselplaatboren.png</custom-attribute></custom-attributes><display-name xml:lang="de-DE">Wendeplattenbohrer</display-name><display-name xml:lang="en-GB">Indexable Insert Drills</display-name><display-name xml:lang="fr-FR">Mèches à plaquettes  indexables</display-name><display-name xml:lang="nl-BE">Wisselplaatboren</display-name><display-name xml:lang="nl-NL">Wisselplaatboren</display-name></category>
<category name="1463123323857"><name>1463123323857</name><root>0</root><online>1</online><parent name="1463123323853"/><custom-attributes><custom-attribute name="ShowInMenu" dt:dt="string" xml:lang="en-US">True</custom-attribute><custom-attribute name="CategoryPageIndex" dt:dt="int">100</custom-attribute><custom-attribute name="image-base-name" dt:dt="string">category-images/wisselplaten.png</custom-attribute></custom-attributes><display-name xml:lang="de-DE">Wendeplatten</display-name><display-name xml:lang="en-GB">Inserts</display-name><display-name xml:lang="fr-FR">Plaquettes</display-name><display-name xml:lang="nl-BE">Wisselplaten</display-name><display-name xml:lang="nl-NL">Wisselplaten</display-name></category>
<category name="1463123323853"><name>1463123323853</name><root>0</root><online>1</online><parent name="1463123323845"/><custom-attributes><custom-attribute name="ShowInMenu" dt:dt="string" xml:lang="en-US">True</custom-attribute><custom-attribute name="CategoryPageIndex" dt:dt="int">100</custom-attribute><custom-attribute name="image-base-name" dt:dt="string">category-images/hm_boren.png</custom-attribute></custom-attributes><display-name xml:lang="de-DE">HM-Bohrer</display-name><display-name xml:lang="en-GB">HM Bits</display-name><display-name xml:lang="fr-FR">Forets carbures à liant métalliques</display-name><display-name xml:lang="nl-BE">HM boren</display-name><display-name xml:lang="nl-NL">HM boren</display-name></category>
<category name="1463123323858"><name>1463123323858</name><root>0</root><online>1</online><parent name="1463123323845"/><custom-attributes><custom-attribute name="ShowInMenu" dt:dt="string" xml:lang="en-US">True</custom-attribute><custom-attribute name="CategoryPageIndex" dt:dt="int">100</custom-attribute><custom-attribute name="image-base-name" dt:dt="string">category-images/centreerboren_en_nc_boren.png</custom-attribute></custom-attributes><display-name xml:lang="de-DE">NC- und Zentrierbohrer</display-name><display-name xml:lang="en-GB">NC and Pilot Bits</display-name><display-name xml:lang="fr-FR">Forets NC et pilotes de perçage</display-name><display-name xml:lang="nl-BE">Centreerboren en NC boren</display-name><display-name xml:lang="nl-NL">Centreerboren en NC boren</display-name></category>
<category name="1463123323859"><name>1463123323859</name><root>0</root><online>1</online><parent name="1463123323845"/><custom-attributes><custom-attribute name="ShowInMenu" dt:dt="string" xml:lang="en-US">True</custom-attribute><custom-attribute name="CategoryPageIndex" dt:dt="int">100</custom-attribute><custom-attribute name="image-base-name" dt:dt="string">category-images/verzinkboren.png</custom-attribute></custom-attributes><display-name xml:lang="de-DE">Versenkbohrer</display-name><display-name xml:lang="en-GB">Countersinking Bits</display-name><display-name xml:lang="fr-FR">Lamage et chanfreinage</display-name><display-name xml:lang="nl-BE">Verzinkboren</display-name><display-name xml:lang="nl-NL">Verzinkboren</display-name></category>
<category name="1463123323860"><name>1463123323860</name><root>0</root><online>1</online><parent name="1463123323845"/><custom-attributes><custom-attribute name="ShowInMenu" dt:dt="string" xml:lang="en-US">True</custom-attribute><custom-attribute name="CategoryPageIndex" dt:dt="int">100</custom-attribute><custom-attribute name="image-base-name" dt:dt="string">category-images/plaatboren.png</custom-attribute></custom-attributes><display-name xml:lang="de-DE">Plattenbohrer</display-name><display-name xml:lang="en-GB">Cutter Bits</display-name><display-name xml:lang="fr-FR">Fraises côniques / étagées</display-name><display-name xml:lang="nl-BE">Plaatboren</display-name><display-name xml:lang="nl-NL">Plaatboren</display-name></category>
<category name="1463123323845"><name>1463123323845</name><root>0</root><online>1</online><parent name="1463123323815"/><custom-attributes><custom-attribute name="ShowInMenu" dt:dt="string" xml:lang="en-US">True</custom-attribute><custom-attribute name="CategoryPageIndex" dt:dt="int">1000</custom-attribute><custom-attribute name="image-base-name" dt:dt="string">category-images/boren.png</custom-attribute></custom-attributes><display-name xml:lang="de-DE">Bohrer</display-name><display-name xml:lang="en-GB">Drills</display-name><display-name xml:lang="fr-FR">Perçage</display-name><display-name xml:lang="nl-BE">Boren</display-name><display-name xml:lang="nl-NL">Boren</display-name><description xml:lang="nl-BE">&lt;p&gt;In de categorie boren vind je alle typen boren die geschikt zijn voor verspaning. Ben je niet op zoek naar een losse boor, maar wel een boormachine? Kijk dan naar de boren bij &lt;a href=&quot;/category/1463123323993/accu-handgereedschappen&quot;&gt;  accu handgereedschappen&lt;/a&gt; of &lt;a href=&quot;/category/1463123323942/elektrische-handgereedschappen&quot;&gt;elektrische handgereedschappen&lt;/a&gt;. Voor het zwaardere werk kan je kijken bij &lt;a href=&quot;/category/1463123324133/boor-en-freesmachines&quot;&gt;boor- en freesmachines&lt;/a&gt; of in de categorie &lt;a href=&quot;/category/1463123324142/boor-tapmachine&quot;&gt;boor-tapmachine&lt;/a&gt;.   &lt;/p&gt;&lt;p&gt;Met welk materiaal je ook werkt, het is belangrijk dat je de juiste boor kiest. Selecteer eerst waar je de boor voor gaat gebruiken. We hebben een ruim assortiment van centreerboren, diamantboren, stappenboor en gatenboren. Maar ook verzinkboren, tegelboren en plaatboren maken deel uit van ons assortiment. Aan de linkerkant selecteer je onder andere de bewerking, snijsnelheid en productie. Zo vind je altijd een boor die geschikt is voor jouw klus.&lt;/p&gt;</description><description xml:lang="nl-NL">&lt;p&gt;In de categorie boren vind je alle typen boren die geschikt zijn voor verspaning. Ben je niet op zoek naar een losse boor, maar wel een boormachine? Kijk dan naar de boren bij &lt;a href=&quot;/category/1463123323993/accu-handgereedschappen&quot;&gt;  accu handgereedschappen&lt;/a&gt; of &lt;a href=&quot;/category/1463123323942/elektrische-handgereedschappen&quot;&gt;elektrische handgereedschappen&lt;/a&gt;. Voor het zwaardere werk kan je kijken bij &lt;a href=&quot;/category/1463123324133/boor-en-freesmachines&quot;&gt;boor- en freesmachines&lt;/a&gt; of in de categorie &lt;a href=&quot;/category/1463123324142/boor-tapmachine&quot;&gt;boor-tapmachine&lt;/a&gt;.   &lt;/p&gt;&lt;p&gt;Met welk materiaal je ook werkt, het is belangrijk dat je de juiste boor kiest. Selecteer eerst waar je de boor voor gaat gebruiken. We hebben een ruim assortiment van centreerboren, diamantboren, stappenboor en gatenboren. Maar ook verzinkboren, tegelboren en plaatboren maken deel uit van ons assortiment. Aan de linkerkant selecteer je onder andere de bewerking, snijsnelheid en productie. Zo vind je altijd een boor die geschikt is voor jouw klus.&lt;/p&gt;</description></category>
<category name="1463123323862"><name>1463123323862</name><root>0</root><online>1</online><parent name="1463123323861"/><custom-attributes><custom-attribute name="ShowInMenu" dt:dt="string" xml:lang="en-US">True</custom-attribute><custom-attribute name="CategoryPageIndex" dt:dt="int">100</custom-attribute><custom-attribute name="image-base-name" dt:dt="string">category-images/cirkelsnijden.png</custom-attribute></custom-attributes><display-name xml:lang="de-DE">Kreisschneiden</display-name><display-name xml:lang="en-GB">Circle Cutting</display-name><display-name xml:lang="fr-FR">Découpe cercle</display-name><display-name xml:lang="nl-BE">Cirkelsnijden</display-name><display-name xml:lang="nl-NL">Cirkelsnijden</display-name></category>
<category name="1463123323864"><name>1463123323864</name><root>0</root><online>1</online><parent name="1463123323861"/><custom-attributes><custom-attribute name="ShowInMenu" dt:dt="string" xml:lang="en-US">True</custom-attribute><custom-attribute name="CategoryPageIndex" dt:dt="int">100</custom-attribute><custom-attribute name="image-base-name" dt:dt="string">category-images/kotterboren.png</custom-attribute></custom-attributes><display-name xml:lang="de-DE">Kopfsenker</display-name><display-name xml:lang="en-GB">Boring Bars</display-name><display-name xml:lang="fr-FR">Outils de coupe</display-name><display-name xml:lang="nl-BE">Kotterboren</display-name><display-name xml:lang="nl-NL">Kotterboren</display-name></category>
<category name="1463123323861"><name>1463123323861</name><root>0</root><online>1</online><parent name="1463123323815"/><custom-attributes><custom-attribute name="ShowInMenu" dt:dt="string" xml:lang="en-US">True</custom-attribute><custom-attribute name="CategoryPageIndex" dt:dt="int">7000</custom-attribute><custom-attribute name="image-base-name" dt:dt="string">category-images/kotteren.png</custom-attribute></custom-attributes><display-name xml:lang="de-DE">Ausspindeln</display-name><display-name xml:lang="en-GB">Borehole Drilling</display-name><display-name xml:lang="fr-FR">Alésage</display-name><display-name xml:lang="nl-BE">Kotteren</display-name><display-name xml:lang="nl-NL">Kotteren</display-name></category>
<category name="1463123323867"><name>1463123323867</name><root>0</root><online>1</online><parent name="1463123323865"/><custom-attributes><custom-attribute name="ShowInMenu" dt:dt="string" xml:lang="en-US">True</custom-attribute><custom-attribute name="CategoryPageIndex" dt:dt="int">100</custom-attribute><custom-attribute name="image-base-name" dt:dt="string">category-images/wisselplaten.png</custom-attribute></custom-attributes><display-name xml:lang="de-DE">Wendeplatten</display-name><display-name xml:lang="en-GB">Inserts</display-name><display-name xml:lang="fr-FR">Plaquettes</display-name><display-name xml:lang="nl-BE">Wisselplaten</display-name><display-name xml:lang="nl-NL">Wisselplaten</display-name></category>
<category name="1463123323868"><name>1463123323868</name><root>0</root><online>1</online><parent name="1463123323865"/><custom-attributes><custom-attribute name="ShowInMenu" dt:dt="string" xml:lang="en-US">True</custom-attribute><custom-attribute name="CategoryPageIndex" dt:dt="int">100</custom-attribute><custom-attribute name="image-base-name" dt:dt="string">category-images/ruimers.png</custom-attribute></custom-attributes><display-name xml:lang="de-DE">Reibahlen</display-name><display-name xml:lang="en-GB">Reamers</display-name><display-name xml:lang="fr-FR">Alésoires</display-name><display-name xml:lang="nl-BE">Ruimers</display-name><display-name xml:lang="nl-NL">Ruimers</display-name></category>
<category name="1463123323869"><name>1463123323869</name><root>0</root><online>1</online><parent name="1463123323865"/><custom-attributes><custom-attribute name="ShowInMenu" dt:dt="string" xml:lang="en-US">True</custom-attribute><custom-attribute name="CategoryPageIndex" dt:dt="int">100</custom-attribute><custom-attribute name="image-base-name" dt:dt="string">category-images/verstelbare_ruimers.png</custom-attribute></custom-attributes><display-name xml:lang="de-DE">Einstellbare Reibahlen</display-name><display-name xml:lang="en-GB">Adjustable Reamers</display-name><display-name xml:lang="fr-FR">Alésoires réglables</display-name><display-name xml:lang="nl-BE">Verstelbare ruimers</display-name><display-name xml:lang="nl-NL">Verstelbare ruimers</display-name></category>
<category name="1463123323865"><name>1463123323865</name><root>0</root><online>1</online><parent name="1463123323815"/><custom-attributes><custom-attribute name="ShowInMenu" dt:dt="string" xml:lang="en-US">True</custom-attribute><custom-attribute name="CategoryPageIndex" dt:dt="int">10000</custom-attribute><custom-attribute name="image-base-name" dt:dt="string">category-images/ruimers.png</custom-attribute></custom-attributes><display-name xml:lang="de-DE">Reiben</display-name><display-name xml:lang="en-GB">Reaming</display-name><display-name xml:lang="fr-FR">Alésage</display-name><display-name xml:lang="nl-BE">Ruimers</display-name><display-name xml:lang="nl-NL">Ruimers</display-name></category>
<category name="1463123323871"><name>1463123323871</name><root>0</root><online>1</online><parent name="1463123323870"/><custom-attributes><custom-attribute name="ShowInMenu" dt:dt="string" xml:lang="en-US">True</custom-attribute><custom-attribute name="CategoryPageIndex" dt:dt="int">100</custom-attribute><custom-attribute name="image-base-name" dt:dt="string">category-images/bandzagen_en_lintzagen.png</custom-attribute></custom-attributes><display-name xml:lang="de-DE">Bandsägen</display-name><display-name xml:lang="en-GB">Band Saws</display-name><display-name xml:lang="fr-FR">Lames de scie à ruban</display-name><display-name xml:lang="nl-BE">Bandzagen en lintzagen</display-name><display-name xml:lang="nl-NL">Bandzagen en lintzagen</display-name></category>
<category name="1463123323872"><name>1463123323872</name><root>0</root><online>1</online><parent name="1463123323870"/><custom-attributes><custom-attribute name="ShowInMenu" dt:dt="string" xml:lang="en-US">True</custom-attribute><custom-attribute name="CategoryPageIndex" dt:dt="int">100</custom-attribute><custom-attribute name="image-base-name" dt:dt="string">category-images/cirkelzaagbladen_en_afkortzagen.png</custom-attribute></custom-attributes><display-name xml:lang="de-DE">Kreissägen und Auslegerkreissägen</display-name><display-name xml:lang="en-GB">Circle Saw Blades and Cut-off Saws</display-name><display-name xml:lang="fr-FR">Lames de scie circulaires</display-name><display-name xml:lang="nl-BE">Cirkelzaagbladen en afkortzagen</display-name><display-name xml:lang="nl-NL">Cirkelzaagbladen en afkortzagen</display-name></category>
<category name="1463123323873"><name>1463123323873</name><root>0</root><online>1</online><parent name="1463123323870"/><custom-attributes><custom-attribute name="ShowInMenu" dt:dt="string" xml:lang="en-US">True</custom-attribute><custom-attribute name="CategoryPageIndex" dt:dt="int">100</custom-attribute><custom-attribute name="image-base-name" dt:dt="string">category-images/gatzagen_en_klokzagen.png</custom-attribute></custom-attributes><display-name xml:lang="de-DE">Lochsägen</display-name><display-name xml:lang="en-GB">Hole Saws</display-name><display-name xml:lang="fr-FR">Scies trépan et scies cloches</display-name><display-name xml:lang="nl-BE">Gatzagen en klokzagen</display-name><display-name xml:lang="nl-NL">Gatzagen en klokzagen</display-name></category>
<category name="1463123323874"><name>1463123323874</name><root>0</root><online>1</online><parent name="1463123323870"/><custom-attributes><custom-attribute name="ShowInMenu" dt:dt="string" xml:lang="en-US">True</custom-attribute><custom-attribute name="CategoryPageIndex" dt:dt="int">100</custom-attribute><custom-attribute name="image-base-name" dt:dt="string">category-images/decoupeerzagen_en_recipro_zaagbladen.png</custom-attribute></custom-attributes><display-name xml:lang="de-DE">Stichsägen und Stichsägeblätter</display-name><display-name xml:lang="en-GB">Blades for Jigsaws and Reciprocating Saws</display-name><display-name xml:lang="fr-FR">Lames de scie sauteuses</display-name><display-name xml:lang="nl-BE">Decoupeerzagen en recipro zaagbladen</display-name><display-name xml:lang="nl-NL">Decoupeerzagen en recipro zaagbladen</display-name></category>
<category name="1463123323875"><name>1463123323875</name><root>0</root><online>1</online><parent name="1463123323870"/><custom-attributes><custom-attribute name="ShowInMenu" dt:dt="string" xml:lang="en-US">True</custom-attribute><custom-attribute name="CategoryPageIndex" dt:dt="int">100</custom-attribute><custom-attribute name="image-base-name" dt:dt="string">category-images/machinezaagbladen.png</custom-attribute></custom-attributes><display-name xml:lang="de-DE">Maschinensägeblätter</display-name><display-name xml:lang="en-GB">Saw Machine Blades</display-name><display-name xml:lang="fr-FR">Lames de scie alternatives</display-name><display-name xml:lang="nl-BE">Machinezaagbladen</display-name><display-name xml:lang="nl-NL">Machinezaagbladen</display-name></category>
<category name="1463123323870"><name>1463123323870</name><root>0</root><online>1</online><parent name="1463123323815"/><custom-attributes><custom-attribute name="ShowInMenu" dt:dt="string" xml:lang="en-US">True</custom-attribute><custom-attribute name="CategoryPageIndex" dt:dt="int">13000</custom-attribute><custom-attribute name="image-base-name" dt:dt="string">category-images/zagen.png</custom-attribute></custom-attributes><display-name xml:lang="de-DE">Sägen</display-name><display-name xml:lang="en-GB">Saws</display-name><display-name xml:lang="fr-FR">Scier</display-name><display-name xml:lang="nl-BE">Zagen</display-name><display-name xml:lang="nl-NL">Zagen</display-name><description xml:lang="nl-BE">&lt;p&gt;Als je vaak een zaagmachine gebruikt, weet je ook dat zaagbladen kunnen slijten of kapotgaan. Zorg daarom dat je altijd genoeg zaagbladen op voorraad hebt. In deze categorie vind je alle soorten zaagbladen.&lt;/p&gt;&lt;p&gt;Ben je niet op zoek naar een blad, maar wel naar een zaagmachine? Kijk dan bij onze &lt;a href=&quot;/category/1463123324002/zaagmachines&quot;&gt;accu zaagmachines&lt;/a&gt; en &lt;a href=&quot; /category/StructureGroup_3070088193845901/zaagmachines&quot;&gt;elektrische zaagmachines&lt;/a&gt;. Voor grote zaaginstallaties kijk je bij de &lt;a href=&quot; /category/1463123324135/zaagmachines&quot;&gt;zaagmachines&lt;/a&gt;.  &lt;/p&gt;&lt;p&gt;In ons assortiment ben je aan het juiste adres voor allerlei zaagbladen. Zo hebben we lintzagen, cirkelzagen &amp;amp; afkortzagen en decoupeerzagen. Uiteraard is dat niet alles. Ook recipirozagen, gatenzagen en machinezaagbladen behoren tot ons ruime aanbod.&lt;/p&gt;</description><description xml:lang="nl-NL">&lt;p&gt;Als je vaak een zaagmachine gebruikt, weet je ook dat zaagbladen kunnen slijten of kapotgaan. Zorg daarom dat je altijd genoeg zaagbladen op voorraad hebt. In deze categorie vind je alle soorten zaagbladen.&lt;/p&gt;&lt;p&gt;Ben je niet op zoek naar een blad, maar wel naar een zaagmachine? Kijk dan bij onze &lt;a href=&quot;/category/1463123324002/zaagmachines&quot;&gt;accu zaagmachines&lt;/a&gt; en &lt;a href=&quot; /category/StructureGroup_3070088193845901/zaagmachines&quot;&gt;elektrische zaagmachines&lt;/a&gt;. Voor grote zaaginstallaties kijk je bij de &lt;a href=&quot; /category/1463123324135/zaagmachines&quot;&gt;zaagmachines&lt;/a&gt;.  &lt;/p&gt;&lt;p&gt;In ons assortiment ben je aan het juiste adres voor allerlei zaagbladen. Zo hebben we lintzagen, cirkelzagen &amp;amp; afkortzagen en decoupeerzagen. Uiteraard is dat niet alles. Ook recipirozagen, gatenzagen en machinezaagbladen behoren tot ons ruime aanbod.&lt;/p&gt;</description></category>
<category name="1463123323878"><name>1463123323878</name><root>0</root><online>1</online><parent name="1463123323876"/><custom-attributes><custom-attribute name="ShowInMenu" dt:dt="string" xml:lang="en-US">True</custom-attribute><custom-attribute name="CategoryPageIndex" dt:dt="int">100</custom-attribute><custom-attribute name="image-base-name" dt:dt="string">category-images/klauwplaten_en_toebehoren.png</custom-attribute></custom-attributes><display-name xml:lang="de-DE">Spannfutter und Zubehör</display-name><display-name xml:lang="en-GB">Chuck Mechanisms and Accessories</display-name><display-name xml:lang="fr-FR">Mandrins de tour et accessoires</display-name><display-name xml:lang="nl-BE">Klauwplaten en toebehoren</display-name><display-name xml:lang="nl-NL">Klauwplaten en toebehoren</display-name></category>
<category name="1463123323879"><name>1463123323879</name><root>0</root><online>1</online><parent name="1463123323876"/><custom-attributes><custom-attribute name="ShowInMenu" dt:dt="string" xml:lang="en-US">True</custom-attribute><custom-attribute name="CategoryPageIndex" dt:dt="int">100</custom-attribute><custom-attribute name="image-base-name" dt:dt="string">category-images/gereedschaphouders_en_toebehoren_voor_opname-_en_spaneenheden.png</custom-attribute></custom-attributes><display-name xml:lang="de-DE">Werkzeughalter und Zubehör für Aufnahme und Spanneinheiten</display-name><display-name xml:lang="en-GB">Tool Holders and Accessories</display-name><display-name xml:lang="fr-FR">Porte-outils et accessoires</display-name><display-name xml:lang="nl-BE">Gereedschaphouders en toebehoren voor opname- en spaneenheden</display-name><display-name xml:lang="nl-NL">Gereedschaphouders en toebehoren voor opname- en spaneenheden</display-name></category>
<category name="1463123323880"><name>1463123323880</name><root>0</root><online>1</online><parent name="1463123323876"/><custom-attributes><custom-attribute name="ShowInMenu" dt:dt="string" xml:lang="en-US">True</custom-attribute><custom-attribute name="CategoryPageIndex" dt:dt="int">100</custom-attribute><custom-attribute name="image-base-name" dt:dt="string">category-images/machineklemmen__-opspangereedschap_en_toebehoren.png</custom-attribute></custom-attributes><display-name xml:lang="de-DE">Maschinenklemmen, Spannwerkzeuge und Zubehör</display-name><display-name xml:lang="en-GB">Machine Vices, Clamping Systems and Accessories</display-name><display-name xml:lang="fr-FR">Dispositifs de serrage et accessoires</display-name><display-name xml:lang="nl-BE">Machineklemmen,  -opspangereedschap en toebehoren</display-name><display-name xml:lang="nl-NL">Machineklemmen,  -opspangereedschap en toebehoren</display-name></category>
<category name="1463123323881"><name>1463123323881</name><root>0</root><online>1</online><parent name="1463123323876"/><custom-attributes><custom-attribute name="ShowInMenu" dt:dt="string" xml:lang="en-US">True</custom-attribute><custom-attribute name="CategoryPageIndex" dt:dt="int">100</custom-attribute><custom-attribute name="image-base-name" dt:dt="string">category-images/centerpunten.png</custom-attribute></custom-attributes><display-name xml:lang="de-DE">Körner</display-name><display-name xml:lang="en-GB">Centre Punches</display-name><display-name xml:lang="fr-FR">Pointes tournantes</display-name><display-name xml:lang="nl-BE">Centerpunten</display-name><display-name xml:lang="nl-NL">Centerpunten</display-name></category>
<category name="1463123323883"><name>1463123323883</name><root>0</root><online>1</online><parent name="1463123323876"/><custom-attributes><custom-attribute name="ShowInMenu" dt:dt="string" xml:lang="en-US">True</custom-attribute><custom-attribute name="CategoryPageIndex" dt:dt="int">100</custom-attribute><custom-attribute name="image-base-name" dt:dt="string">category-images/beitelhouders.png</custom-attribute></custom-attributes><display-name xml:lang="de-DE">Beitelhalter</display-name><display-name xml:lang="en-GB">Tool Holders</display-name><display-name xml:lang="fr-FR">Porte-outils</display-name><display-name xml:lang="nl-BE">Beitelhouders</display-name><display-name xml:lang="nl-NL">Beitelhouders</display-name></category>
<category name="1463123323884"><name>1463123323884</name><root>0</root><online>1</online><parent name="1463123323876"/><custom-attributes><custom-attribute name="ShowInMenu" dt:dt="string" xml:lang="en-US">True</custom-attribute><custom-attribute name="CategoryPageIndex" dt:dt="int">100</custom-attribute><custom-attribute name="image-base-name" dt:dt="string">category-images/boorbussen.png</custom-attribute></custom-attributes><display-name xml:lang="de-DE">Bohrbuchsen</display-name><display-name xml:lang="en-GB">Guide Bushes</display-name><display-name xml:lang="fr-FR">Canon de forage</display-name><display-name xml:lang="nl-BE">Boorbussen</display-name><display-name xml:lang="nl-NL">Boorbussen</display-name></category>
<category name="1463123323876"><name>1463123323876</name><root>0</root><online>1</online><parent name="1463123323815"/><custom-attributes><custom-attribute name="ShowInMenu" dt:dt="string" xml:lang="en-US">True</custom-attribute><custom-attribute name="CategoryPageIndex" dt:dt="int">8000</custom-attribute><custom-attribute name="image-base-name" dt:dt="string">category-images/opname-_en_spaneenheden.png</custom-attribute></custom-attributes><display-name xml:lang="de-DE">Aufnahme und Spanneinheiten</display-name><display-name xml:lang="en-GB">Reels and tensioning units</display-name><display-name xml:lang="fr-FR">Attachements / équipements et Porte-outils</display-name><display-name xml:lang="nl-BE">Opname- en spaneenheden</display-name><display-name xml:lang="nl-NL">Opname- en spaneenheden</display-name></category>
<category name="1463123323913"><name>1463123323913</name><root>0</root><online>1</online><parent name="1463123323912"/><custom-attributes><custom-attribute name="ShowInMenu" dt:dt="string" xml:lang="en-US">True</custom-attribute><custom-attribute name="CategoryPageIndex" dt:dt="int">100</custom-attribute><custom-attribute name="image-base-name" dt:dt="string">category-images/slijpstenen_met_boring.png</custom-attribute></custom-attributes><display-name xml:lang="de-DE">Schleifstein mit Bohrung</display-name><display-name xml:lang="en-GB">Grindstones with Hole</display-name><display-name xml:lang="fr-FR">Avec alésage</display-name><display-name xml:lang="nl-BE">Slijpstenen met boring</display-name><display-name xml:lang="nl-NL">Slijpstenen met boring</display-name></category>
<category name="1463123323914"><name>1463123323914</name><root>0</root><online>1</online><parent name="1463123323912"/><custom-attributes><custom-attribute name="ShowInMenu" dt:dt="string" xml:lang="en-US">True</custom-attribute><custom-attribute name="CategoryPageIndex" dt:dt="int">100</custom-attribute><custom-attribute name="image-base-name" dt:dt="string">category-images/stifstenen_en_wetstenen.png</custom-attribute></custom-attributes><display-name xml:lang="de-DE">Schleifstifte und Wetzsteine</display-name><display-name xml:lang="en-GB">Grinding Tips and Whetstones</display-name><display-name xml:lang="fr-FR">Meules sur tige et pierres à aiguiser</display-name><display-name xml:lang="nl-BE">Stifstenen en wetstenen</display-name><display-name xml:lang="nl-NL">Stifstenen en wetstenen</display-name></category>
<category name="1463123323912"><name>1463123323912</name><root>0</root><online>1</online><parent name="1463123323815"/><custom-attributes><custom-attribute name="ShowInMenu" dt:dt="string" xml:lang="en-US">True</custom-attribute><custom-attribute name="CategoryPageIndex" dt:dt="int">18000</custom-attribute><custom-attribute name="image-base-name" dt:dt="string">category-images/slijpstenen.png</custom-attribute></custom-attributes><display-name xml:lang="de-DE">Schleifstein</display-name><display-name xml:lang="en-GB">Grindstones</display-name><display-name xml:lang="fr-FR">Meules</display-name><display-name xml:lang="nl-BE">Slijpstenen</display-name><display-name xml:lang="nl-NL">Slijpstenen</display-name></category>
<category name="1463123323915"><name>1463123323915</name><root>0</root><online>1</online><parent name="1463123323815"/><custom-attributes><custom-attribute name="ShowInMenu" dt:dt="string" xml:lang="en-US">True</custom-attribute><custom-attribute name="CategoryPageIndex" dt:dt="int">14000</custom-attribute><custom-attribute name="image-base-name" dt:dt="string">category-images/diamant_en_cbm_producten.png</custom-attribute></custom-attributes><display-name xml:lang="de-DE">Diamant- und CBM-Produkte</display-name><display-name xml:lang="en-GB">Diamond and CBN Grinding Products</display-name><display-name xml:lang="fr-FR">Outils diamantés et CBM</display-name><display-name xml:lang="nl-BE">Diamant en CBM producten</display-name><display-name xml:lang="nl-NL">Diamant en CBM producten</display-name></category>
<category name="1463123323916"><name>1463123323916</name><root>0</root><online>1</online><parent name="1463123323918"/><custom-attributes><custom-attribute name="ShowInMenu" dt:dt="string" xml:lang="en-US">True</custom-attribute><custom-attribute name="CategoryPageIndex" dt:dt="int">2147483647</custom-attribute><custom-attribute name="image-base-name" dt:dt="string">category-images/reserveonderdelen_voor_slijpen_en_schuren.png</custom-attribute></custom-attributes><display-name xml:lang="de-DE">Ersatzteile und Zubehör für Schleifen und Schmirgeln</display-name><display-name xml:lang="en-GB">Spares Parts and Accessories</display-name><display-name xml:lang="fr-FR">Pièces de rechange et accessoires</display-name><display-name xml:lang="nl-BE">Reserveonderdelen voor slijpen en schuren</display-name><display-name xml:lang="nl-NL">Reserveonderdelen voor slijpen en schuren</display-name></category>
<category name="1463123323919"><name>1463123323919</name><root>0</root><online>1</online><parent name="1463123323918"/><custom-attributes><custom-attribute name="ShowInMenu" dt:dt="string" xml:lang="en-US">True</custom-attribute><custom-attribute name="CategoryPageIndex" dt:dt="int">100</custom-attribute><custom-attribute name="image-base-name" dt:dt="string">category-images/afbraamschijven.png</custom-attribute></custom-attributes><display-name xml:lang="de-DE">Grobschleifscheiben</display-name><display-name xml:lang="en-GB">Deburring discs</display-name><display-name xml:lang="fr-FR">Disques à ébarber</display-name><display-name xml:lang="nl-BE">Afbraamschijven</display-name><display-name xml:lang="nl-NL">Afbraamschijven</display-name></category>
<category name="1463123323920"><name>1463123323920</name><root>0</root><online>1</online><parent name="1463123323918"/><custom-attributes><custom-attribute name="ShowInMenu" dt:dt="string" xml:lang="en-US">True</custom-attribute><custom-attribute name="CategoryPageIndex" dt:dt="int">100</custom-attribute><custom-attribute name="image-base-name" dt:dt="string">category-images/draadborstels.png</custom-attribute></custom-attributes><display-name xml:lang="de-DE">Drahtbürsten</display-name><display-name xml:lang="en-GB">Wire Brushes</display-name><display-name xml:lang="fr-FR">Brosses</display-name><display-name xml:lang="nl-BE">Draadborstels</display-name><display-name xml:lang="nl-NL">Draadborstels</display-name></category>
<category name="1463123323921"><name>1463123323921</name><root>0</root><online>1</online><parent name="1463123323918"/><custom-attributes><custom-attribute name="ShowInMenu" dt:dt="string" xml:lang="en-US">True</custom-attribute><custom-attribute name="CategoryPageIndex" dt:dt="int">100</custom-attribute><custom-attribute name="image-base-name" dt:dt="string">category-images/doorslijpschijven.png</custom-attribute></custom-attributes><display-name xml:lang="de-DE">Trennscheiben</display-name><display-name xml:lang="en-GB">Grinding Discs</display-name><display-name xml:lang="fr-FR">Molettes</display-name><display-name xml:lang="nl-BE">Doorslijpschijven</display-name><display-name xml:lang="nl-NL">Doorslijpschijven</display-name></category>
<category name="1463123323922"><name>1463123323922</name><root>0</root><online>1</online><parent name="1463123323918"/><custom-attributes><custom-attribute name="ShowInMenu" dt:dt="string" xml:lang="en-US">True</custom-attribute><custom-attribute name="CategoryPageIndex" dt:dt="int">100</custom-attribute><custom-attribute name="image-base-name" dt:dt="string">category-images/komslijpstenen.png</custom-attribute></custom-attributes><display-name xml:lang="de-DE">Schleiftopf</display-name><display-name xml:lang="en-GB">Cup Grinding Wheel</display-name><display-name xml:lang="fr-FR">Pierres à aiguiser</display-name><display-name xml:lang="nl-BE">Komslijpstenen</display-name><display-name xml:lang="nl-NL">Komslijpstenen</display-name></category>
<category name="1463123323923"><name>1463123323923</name><root>0</root><online>1</online><parent name="1463123323918"/><custom-attributes><custom-attribute name="ShowInMenu" dt:dt="string" xml:lang="en-US">True</custom-attribute><custom-attribute name="CategoryPageIndex" dt:dt="int">100</custom-attribute><custom-attribute name="image-base-name" dt:dt="string">category-images/lamellenschijven.png</custom-attribute></custom-attributes><display-name xml:lang="de-DE">Fächerschleifscheibe</display-name><display-name xml:lang="en-GB">Laminated Sanding Discs</display-name><display-name xml:lang="fr-FR">Disques à lamelles</display-name><display-name xml:lang="nl-BE">Lamellenschijven</display-name><display-name xml:lang="nl-NL">Lamellenschijven</display-name></category>
<category name="1463123323924"><name>1463123323924</name><root>0</root><online>1</online><parent name="1463123323918"/><custom-attributes><custom-attribute name="ShowInMenu" dt:dt="string" xml:lang="en-US">True</custom-attribute><custom-attribute name="CategoryPageIndex" dt:dt="int">100</custom-attribute><custom-attribute name="image-base-name" dt:dt="string">category-images/schuurschijven.png</custom-attribute></custom-attributes><display-name xml:lang="de-DE">Schmirgelscheiben</display-name><display-name xml:lang="en-GB">Sanding Discs</display-name><display-name xml:lang="fr-FR">Disques abrasifs</display-name><display-name xml:lang="nl-BE">Schuurschijven</display-name><display-name xml:lang="nl-NL">Schuurschijven</display-name></category>
<category name="1463123323925"><name>1463123323925</name><root>0</root><online>1</online><parent name="1463123323918"/><custom-attributes><custom-attribute name="ShowInMenu" dt:dt="string" xml:lang="en-US">True</custom-attribute><custom-attribute name="CategoryPageIndex" dt:dt="int">100</custom-attribute><custom-attribute name="image-base-name" dt:dt="string">category-images/schuurband.png</custom-attribute></custom-attributes><display-name xml:lang="de-DE">Schmirgelband</display-name><display-name xml:lang="en-GB">Sanding Belts</display-name><display-name xml:lang="fr-FR">Bande émeri</display-name><display-name xml:lang="nl-BE">Schuurband</display-name><display-name xml:lang="nl-NL">Schuurband</display-name></category>
<category name="1463123323926"><name>1463123323926</name><root>0</root><online>1</online><parent name="1463123323918"/><custom-attributes><custom-attribute name="ShowInMenu" dt:dt="string" xml:lang="en-US">True</custom-attribute><custom-attribute name="CategoryPageIndex" dt:dt="int">100</custom-attribute><custom-attribute name="image-base-name" dt:dt="string">category-images/schuurpapier.png</custom-attribute></custom-attributes><display-name xml:lang="de-DE">Schmirgelpapier</display-name><display-name xml:lang="en-GB">Sandpaper</display-name><display-name xml:lang="fr-FR">Papier émeri</display-name><display-name xml:lang="nl-BE">Schuurpapier</display-name><display-name xml:lang="nl-NL">Schuurpapier</display-name></category>
<category name="1463123323927"><name>1463123323927</name><root>0</root><online>1</online><parent name="1463123323918"/><custom-attributes><custom-attribute name="ShowInMenu" dt:dt="string" xml:lang="en-US">True</custom-attribute><custom-attribute name="CategoryPageIndex" dt:dt="int">100</custom-attribute><custom-attribute name="image-base-name" dt:dt="string">category-images/schuurlinnen.png</custom-attribute></custom-attributes><display-name xml:lang="de-DE">Schmirgelleinen</display-name><display-name xml:lang="en-GB">Abrasive Cloth</display-name><display-name xml:lang="fr-FR">Toile émeri</display-name><display-name xml:lang="nl-BE">Schuurlinnen</display-name><display-name xml:lang="nl-NL">Schuurlinnen</display-name></category>
<category name="1463123323928"><name>1463123323928</name><root>0</root><online>1</online><parent name="1463123323918"/><custom-attributes><custom-attribute name="ShowInMenu" dt:dt="string" xml:lang="en-US">True</custom-attribute><custom-attribute name="CategoryPageIndex" dt:dt="int">100</custom-attribute><custom-attribute name="image-base-name" dt:dt="string">category-images/schuursponzen.png</custom-attribute></custom-attributes><display-name xml:lang="de-DE">Scheuerschwämme</display-name><display-name xml:lang="en-GB">Scourers</display-name><display-name xml:lang="fr-FR">Éponges à récurer</display-name><display-name xml:lang="nl-BE">Schuursponzen</display-name><display-name xml:lang="nl-NL">Schuursponzen</display-name></category>
<category name="1463123323918"><name>1463123323918</name><root>0</root><online>1</online><parent name="1463123323815"/><custom-attributes><custom-attribute name="ShowInMenu" dt:dt="string" xml:lang="en-US">True</custom-attribute><custom-attribute name="CategoryPageIndex" dt:dt="int">17000</custom-attribute><custom-attribute name="image-base-name" dt:dt="string">category-images/slijpen_en_schuren.png</custom-attribute></custom-attributes><display-name xml:lang="de-DE">Schleifen und Schmirgeln</display-name><display-name xml:lang="en-GB">Grinding and Sanding</display-name><display-name xml:lang="fr-FR">Meuler et poncer</display-name><display-name xml:lang="nl-BE">Slijpen en schuren</display-name><display-name xml:lang="nl-NL">Slijpen en schuren</display-name><description xml:lang="nl-BE">&lt;p&gt;Alle materialen die je helpen om te schuren, vind je in onze webshop. Zo hebben we verschillende producten als schuurpapier, schuurwals &amp;amp; schuurhulzen en schuurband. Ook schuurblokken, schuurschijven en schuurborstels zijn onderdeel van ons ruime assortiment.&lt;/p&gt;&lt;p&gt;Ben je op zoek naar een schuurmachine? Kijk dan bij onze &lt;a href=&quot;/category/1463123323999/schuurmachines&quot;&gt;accu schuurmachines&lt;/a&gt;, &lt;a href=&quot;/category/StructureGroup_3070088193843234/schuurmachines&quot;&gt;elektrische schuurmachines&lt;/a&gt; of de grote installaties als &lt;a href=&quot;/category/1463123324137/schuur-en-slijpmachines&quot;&gt;schuur- en slijpmachines&lt;/a&gt;.&lt;/p&gt;&lt;p&gt;&lt;strong&gt;Slijpen&lt;br /&gt;&lt;/strong&gt;Om materiaal een gladder oppervlakte te geven, maak je gebruik van de techniek slijpen. Bovendien kan je bot gereedschap als beitels en schaven weer scherp maken. In deze categorie vind je alle producten die je gebruikt bij slijpen. Denk bijvoorbeeld aan slijpstenen, wetstenen en slijpvijlen, afbraamschijven, komslijpstenen en slijpstiften. Je vindt hier bovendien slijppasta en slijpolie.&lt;/p&gt;&lt;p&gt;Ben je op zoek naar een slijpmachine? Kijk dan bij onze &lt;a href=&quot;/category/1463123323998/slijpmachines&quot;&gt;accu slijpmachines&lt;/a&gt;, &lt;a href=&quot;/category/1463123323946/slijpmachines&quot;&gt;elektrische slijpmachines&lt;/a&gt; of de grote installaties als &lt;a href=&quot;/category/1463123324137/schuur-en-slijpmachines&quot;&gt;schuur- en slijpmachines&lt;/a&gt;.&lt;/p&gt;</description><description xml:lang="nl-NL">&lt;p&gt;Alle materialen die je helpen om te schuren, vind je in onze webshop. Zo hebben we verschillende producten als schuurpapier, schuurwals &amp;amp; schuurhulzen en schuurband. Ook schuurblokken, schuurschijven en schuurborstels zijn onderdeel van ons ruime assortiment.&lt;/p&gt;&lt;p&gt;Ben je op zoek naar een schuurmachine? Kijk dan bij onze &lt;a href=&quot;/category/1463123323999/schuurmachines&quot;&gt;accu schuurmachines&lt;/a&gt;, &lt;a href=&quot;/category/StructureGroup_3070088193843234/schuurmachines&quot;&gt;elektrische schuurmachines&lt;/a&gt; of de grote installaties als &lt;a href=&quot;/category/1463123324137/schuur-en-slijpmachines&quot;&gt;schuur- en slijpmachines&lt;/a&gt;.&lt;/p&gt;&lt;p&gt;&lt;strong&gt;Slijpen&lt;br /&gt;&lt;/strong&gt;Om materiaal een gladder oppervlakte te geven, maak je gebruik van de techniek slijpen. Bovendien kan je bot gereedschap als beitels en schaven weer scherp maken. In deze categorie vind je alle producten die je gebruikt bij slijpen. Denk bijvoorbeeld aan slijpstenen, wetstenen en slijpvijlen, afbraamschijven, komslijpstenen en slijpstiften. Je vindt hier bovendien slijppasta en slijpolie.&lt;/p&gt;&lt;p&gt;Ben je op zoek naar een slijpmachine? Kijk dan bij onze &lt;a href=&quot;/category/1463123323998/slijpmachines&quot;&gt;accu slijpmachines&lt;/a&gt;, &lt;a href=&quot;/category/1463123323946/slijpmachines&quot;&gt;elektrische slijpmachines&lt;/a&gt; of de grote installaties als &lt;a href=&quot;/category/1463123324137/schuur-en-slijpmachines&quot;&gt;schuur- en slijpmachines&lt;/a&gt;.&lt;/p&gt;</description></category>
<category name="1463123323930"><name>1463123323930</name><root>0</root><online>1</online><parent name="1463123323929"/><custom-attributes><custom-attribute name="ShowInMenu" dt:dt="string" xml:lang="en-US">True</custom-attribute><custom-attribute name="CategoryPageIndex" dt:dt="int">100</custom-attribute><custom-attribute name="image-base-name" dt:dt="string">category-images/stiftfrezen.png</custom-attribute></custom-attributes><display-name xml:lang="de-DE">Stiftfräser</display-name><display-name xml:lang="en-GB">Metal Grinding Tips</display-name><display-name xml:lang="fr-FR">Fraises sur tige</display-name><display-name xml:lang="nl-BE">Stiftfrezen</display-name><display-name xml:lang="nl-NL">Stiftfrezen</display-name></category>
<category name="1463123323931"><name>1463123323931</name><root>0</root><online>1</online><parent name="1463123323929"/><custom-attributes><custom-attribute name="ShowInMenu" dt:dt="string" xml:lang="en-US">True</custom-attribute><custom-attribute name="CategoryPageIndex" dt:dt="int">100</custom-attribute><custom-attribute name="image-base-name" dt:dt="string">category-images/schuurwals.png</custom-attribute></custom-attributes><display-name xml:lang="de-DE">Schmirgelwalze</display-name><display-name xml:lang="en-GB">Sanding Drums</display-name><display-name xml:lang="fr-FR">Rouleau abrasif</display-name><display-name xml:lang="nl-BE">Schuurwals</display-name><display-name xml:lang="nl-NL">Schuurwals</display-name></category>
<category name="1463123323932"><name>1463123323932</name><root>0</root><online>1</online><parent name="1463123323929"/><custom-attributes><custom-attribute name="ShowInMenu" dt:dt="string" xml:lang="en-US">True</custom-attribute><custom-attribute name="CategoryPageIndex" dt:dt="int">100</custom-attribute><custom-attribute name="image-base-name" dt:dt="string">category-images/slijpkappen_en_schuurhulzen.png</custom-attribute></custom-attributes><display-name xml:lang="de-DE">Schmirgelhülse</display-name><display-name xml:lang="en-GB">Sanding Sleeves</display-name><display-name xml:lang="fr-FR">Manchons abrasifs</display-name><display-name xml:lang="nl-BE">Slijpkappen en schuurhulzen</display-name><display-name xml:lang="nl-NL">Slijpkappen en schuurhulzen</display-name></category>
<category name="1463123323935"><name>1463123323935</name><root>0</root><online>1</online><parent name="1463123323929"/><custom-attributes><custom-attribute name="ShowInMenu" dt:dt="string" xml:lang="en-US">True</custom-attribute><custom-attribute name="CategoryPageIndex" dt:dt="int">100</custom-attribute><custom-attribute name="image-base-name" dt:dt="string">category-images/schuurwaaiers.png</custom-attribute></custom-attributes><display-name xml:lang="de-DE">Fächerschleifer</display-name><display-name xml:lang="en-GB">Sanding wheels</display-name><display-name xml:lang="fr-FR">Roue à lamelles sur tige</display-name><display-name xml:lang="nl-BE">Schuurwaaiers</display-name><display-name xml:lang="nl-NL">Schuurwaaiers</display-name></category>
<category name="1463123323936"><name>1463123323936</name><root>0</root><online>1</online><parent name="1463123323929"/><custom-attributes><custom-attribute name="ShowInMenu" dt:dt="string" xml:lang="en-US">True</custom-attribute><custom-attribute name="CategoryPageIndex" dt:dt="int">100</custom-attribute><custom-attribute name="image-base-name" dt:dt="string">category-images/slijpstenen.png</custom-attribute></custom-attributes><display-name xml:lang="de-DE">Schleifstein</display-name><display-name xml:lang="en-GB">Grindstones</display-name><display-name xml:lang="fr-FR">Pierres à aiguiser</display-name><display-name xml:lang="nl-BE">Slijpstenen</display-name><display-name xml:lang="nl-NL">Slijpstenen</display-name></category>
<category name="1463123323937"><name>1463123323937</name><root>0</root><online>1</online><parent name="1463123323929"/><custom-attributes><custom-attribute name="ShowInMenu" dt:dt="string" xml:lang="en-US">True</custom-attribute><custom-attribute name="CategoryPageIndex" dt:dt="int">100</custom-attribute><custom-attribute name="image-base-name" dt:dt="string">category-images/stiftstenen.png</custom-attribute></custom-attributes><display-name xml:lang="de-DE">Schleifstifte</display-name><display-name xml:lang="en-GB">Grinding Tips</display-name><display-name xml:lang="fr-FR">Meule sur tige</display-name><display-name xml:lang="nl-BE">Stiftstenen</display-name><display-name xml:lang="nl-NL">Stiftstenen</display-name></category>
<category name="1463123323938"><name>1463123323938</name><root>0</root><online>1</online><parent name="1463123323929"/><custom-attributes><custom-attribute name="ShowInMenu" dt:dt="string" xml:lang="en-US">True</custom-attribute><custom-attribute name="CategoryPageIndex" dt:dt="int">100</custom-attribute><custom-attribute name="image-base-name" dt:dt="string">category-images/schuurvlies.png</custom-attribute></custom-attributes><display-name xml:lang="de-DE">Vliesräder</display-name><display-name xml:lang="en-GB">Sanding Fleece</display-name><display-name xml:lang="fr-FR">Rouleau de non-tissé abrasif</display-name><display-name xml:lang="nl-BE">Schuurvlies</display-name><display-name xml:lang="nl-NL">Schuurvlies</display-name></category>
<category name="1463123323939"><name>1463123323939</name><root>0</root><online>1</online><parent name="1463123323929"/><custom-attributes><custom-attribute name="ShowInMenu" dt:dt="string" xml:lang="en-US">True</custom-attribute><custom-attribute name="CategoryPageIndex" dt:dt="int">100</custom-attribute><custom-attribute name="image-base-name" dt:dt="string">category-images/lamellenborstels.png</custom-attribute></custom-attributes><display-name xml:lang="de-DE">Lamellenbürsten</display-name><display-name xml:lang="en-GB">Sanding Brushes</display-name><display-name xml:lang="fr-FR">Brosses à lamelles</display-name><display-name xml:lang="nl-BE">Lamellenborstels</display-name><display-name xml:lang="nl-NL">Lamellenborstels</display-name></category>
<category name="1463123323940"><name>1463123323940</name><root>0</root><online>1</online><parent name="1463123323929"/><custom-attributes><custom-attribute name="ShowInMenu" dt:dt="string" xml:lang="en-US">True</custom-attribute><custom-attribute name="CategoryPageIndex" dt:dt="int">100</custom-attribute><custom-attribute name="image-base-name" dt:dt="string">category-images/slijp-_en_polijstpasta.png</custom-attribute></custom-attributes><display-name xml:lang="de-DE">Paste für Feinschleifen und Polieren</display-name><display-name xml:lang="en-GB">Paste</display-name><display-name xml:lang="fr-FR">Pâte</display-name><display-name xml:lang="nl-BE">Slijp- en polijstpasta</display-name><display-name xml:lang="nl-NL">Slijp- en polijstpasta</display-name></category>
<category name="1463123323929"><name>1463123323929</name><root>0</root><online>1</online><parent name="1463123323815"/><custom-attributes><custom-attribute name="ShowInMenu" dt:dt="string" xml:lang="en-US">True</custom-attribute><custom-attribute name="CategoryPageIndex" dt:dt="int">15000</custom-attribute><custom-attribute name="image-base-name" dt:dt="string">category-images/fijnslijpen_en_polijsten.png</custom-attribute></custom-attributes><display-name xml:lang="de-DE">Feinschleifen und Polieren</display-name><display-name xml:lang="en-GB">Fine Grinding and Polishing</display-name><display-name xml:lang="fr-FR">Polir</display-name><display-name xml:lang="nl-BE">Fijnslijpen en polijsten</display-name><display-name xml:lang="nl-NL">Fijnslijpen en polijsten</display-name><description xml:lang="nl-BE">&lt;p&gt;Alle producten voor het glad en glanzend maken van oppervlakten vind je in de categorie Polijsten. Zo hebben we verschillende polijstschijven, meerdere soorten polijstpasta en polijstborstels.&lt;/p&gt;</description><description xml:lang="nl-NL">&lt;p&gt;Alle producten voor het glad en glanzend maken van oppervlakten vind je in de categorie Polijsten. Zo hebben we verschillende polijstschijven, meerdere soorten polijstpasta en polijstborstels.&lt;/p&gt;</description></category>
<category name="1463123323815"><name>1463123323815</name><root>1</root><online>1</online><custom-attributes><custom-attribute name="ShowInMenu" dt:dt="string" xml:lang="en-US">True</custom-attribute><custom-attribute name="CategoryPageIndex" dt:dt="int">7000</custom-attribute><custom-attribute name="image-base-name" dt:dt="string">category-images/verspanend_gereedschap.png</custom-attribute></custom-attributes><display-name xml:lang="de-DE">Bearbeitungswerkzeuge</display-name><display-name xml:lang="en-GB">Machining Tools</display-name><display-name xml:lang="fr-FR">Outils pour usinage</display-name><display-name xml:lang="nl-BE">Verspanend gereedschap</display-name><display-name xml:lang="nl-NL">Verspanend gereedschap</display-name><description xml:lang="nl-BE">Verspaning wordt een stuk makkelijker met goede apparatuur. Daarom hebben wij alleen de meest professionele producten opgenomen in ons assortiment. U vindt er onder andere bandzagen, cirkelzaagbladen, staalboren en wringijzers. Maar ook producten om te kartelen, kotteren, frezen, boren en fijnslijpen of polijsten.</description><description xml:lang="nl-NL">Verspaning wordt een stuk makkelijker met goede apparatuur. Daarom hebben wij alleen de meest professionele producten opgenomen in ons assortiment. Je vindt er onder andere bandzagen, cirkelzaagbladen, staalboren en wringijzers. Maar ook producten om te kartelen, kotteren, frezen, boren en fijnslijpen of polijsten.</description></category>
</enfinity>