<?xml version="1.0" encoding="UTF-8"?>
<enfinity xsi:schemaLocation="http://www.intershop.com/xml/ns/enfinity/7.0/xcs/impex catalog.xsd http://www.intershop.com/xml/ns/enfinity/6.5/core/impex-dt dt.xsd" xmlns:xsi="http://www.w3.org/2001/XMLSchema-instance" xmlns="http://www.intershop.com/xml/ns/enfinity/7.0/xcs/impex" xmlns:xml="http://www.w3.org/XML/1998/namespace" xmlns:dt="http://www.intershop.com/xml/ns/enfinity/6.5/core/impex-dt" major="6" minor="1" family="enfinity" branch="enterprise" build="build">
<category name="1463123324839"><name>1463123324839</name><root>0</root><online>1</online><parent name="1463123324836"/><custom-attributes><custom-attribute name="ShowInMenu" dt:dt="string" xml:lang="en-US">True</custom-attribute><custom-attribute name="CategoryPageIndex" dt:dt="int">2000</custom-attribute><custom-attribute name="image-base-name" dt:dt="string">category-images/olin_vetten_en_toebehoren.png</custom-attribute></custom-attributes><display-name xml:lang="de-DE">Öl, Fette und Zubehör</display-name><display-name xml:lang="en-GB">Oil, Grease and Accessories</display-name><display-name xml:lang="fr-FR">Huiles, graisses et accessoires</display-name><display-name xml:lang="nl-BE">Oliën, vetten, en toebehoren</display-name><display-name xml:lang="nl-NL">Oliën, vetten, en toebehoren</display-name></category>
<category name="1463123324840"><name>1463123324840</name><root>0</root><online>1</online><parent name="1463123324836"/><custom-attributes><custom-attribute name="ShowInMenu" dt:dt="string" xml:lang="en-US">True</custom-attribute><custom-attribute name="CategoryPageIndex" dt:dt="int">4000</custom-attribute><custom-attribute name="image-base-name" dt:dt="string">category-images/papier_en_toebehoren.png</custom-attribute></custom-attributes><display-name xml:lang="de-DE">Papier und Zubehör</display-name><display-name xml:lang="en-GB">Paper and Accessories</display-name><display-name xml:lang="fr-FR">Papier et accessoires</display-name><display-name xml:lang="nl-BE">Papier en toebehoren</display-name><display-name xml:lang="nl-NL">Papier en toebehoren</display-name></category>
<category name="1463123324849"><name>1463123324849</name><root>0</root><online>1</online><parent name="1463123324836"/><custom-attributes><custom-attribute name="ShowInMenu" dt:dt="string" xml:lang="en-US">True</custom-attribute><custom-attribute name="CategoryPageIndex" dt:dt="int">5000</custom-attribute><custom-attribute name="image-base-name" dt:dt="string">category-images/reparatie-_en_controleproducten.png</custom-attribute></custom-attributes><display-name xml:lang="de-DE">Reparatur- und Prüfprodukte</display-name><display-name xml:lang="en-GB">Repair and Inspection Products</display-name><display-name xml:lang="fr-FR">Produits de réparation et contrôle</display-name><display-name xml:lang="nl-BE">Reparatie- en controleproducten</display-name><display-name xml:lang="nl-NL">Reparatie- en controleproducten</display-name></category>
<category name="1463123324858"><name>1463123324858</name><root>0</root><online>1</online><parent name="1463123324836"/><custom-attributes><custom-attribute name="ShowInMenu" dt:dt="string" xml:lang="en-US">True</custom-attribute><custom-attribute name="CategoryPageIndex" dt:dt="int">7000</custom-attribute><custom-attribute name="image-base-name" dt:dt="string">category-images/smeernippels.png</custom-attribute></custom-attributes><display-name xml:lang="de-DE">Schmiernippel</display-name><display-name xml:lang="en-GB">Grease Nipples</display-name><display-name xml:lang="fr-FR">Graisseurs</display-name><display-name xml:lang="nl-BE">Smeernippels</display-name><display-name xml:lang="nl-NL">Smeernippels</display-name></category>
<category name="1463123324860"><name>1463123324860</name><root>0</root><online>1</online><parent name="1463123324836"/><custom-attributes><custom-attribute name="ShowInMenu" dt:dt="string" xml:lang="en-US">True</custom-attribute><custom-attribute name="CategoryPageIndex" dt:dt="int">6000</custom-attribute><custom-attribute name="image-base-name" dt:dt="string">category-images/reserveonderdelen_voor_onderhoudsproducten.png</custom-attribute></custom-attributes><display-name xml:lang="de-DE">Ersatzteile und Zubehör für Wartungsprodukte</display-name><display-name xml:lang="en-GB">Spare Parts and Accessories</display-name><display-name xml:lang="fr-FR">Pièces de rechange et Accessoires</display-name><display-name xml:lang="nl-BE">Reserveonderdelen voor Onderhoudsproducten</display-name><display-name xml:lang="nl-NL">Reserveonderdelen voor Onderhoudsproducten</display-name></category>
<category name="1463123324859"><name>1463123324859</name><root>0</root><online>1</online><parent name="StructureGroup_3766080261404097"/><custom-attributes><custom-attribute name="ShowInMenu" dt:dt="string" xml:lang="en-US">True</custom-attribute><custom-attribute name="CategoryPageIndex" dt:dt="int">2000</custom-attribute><custom-attribute name="image-base-name" dt:dt="string">category-images/automobiel_toebehoren.png</custom-attribute></custom-attributes><display-name xml:lang="de-DE">Automobilwartung und Zubehör</display-name><display-name xml:lang="en-GB">Vehicle Maintenance and Accessories</display-name><display-name xml:lang="fr-FR">Automobile Maintenance et accessoires</display-name><display-name xml:lang="nl-BE">Automobiel toebehoren</display-name><display-name xml:lang="nl-NL">Automobiel toebehoren</display-name></category>
<category name="StructureGroup_3766080261404097"><name>StructureGroup_3766080261404097</name><root>0</root><online>1</online><parent name="1463123324836"/><custom-attributes><custom-attribute name="ShowInMenu" dt:dt="string" xml:lang="en-US">True</custom-attribute><custom-attribute name="CategoryPageIndex" dt:dt="int">11000</custom-attribute><custom-attribute name="image-base-name" dt:dt="string">category-images/automobiel_onderhoud_en_toebehoren.png</custom-attribute></custom-attributes><display-name xml:lang="de-DE">Automobilwartung und Zubehör</display-name><display-name xml:lang="nl-BE">Automobiel onderhoud en toebehoren</display-name><display-name xml:lang="nl-NL">Automobiel onderhoud en toebehoren</display-name></category>
<category name="StructureGroup_8427940349604879"><name>StructureGroup_8427940349604879</name><root>0</root><online>1</online><parent name="StructureGroup_8427940349604878"/><custom-attributes><custom-attribute name="ShowInMenu" dt:dt="string" xml:lang="en-US">True</custom-attribute><custom-attribute name="CategoryPageIndex" dt:dt="int">2000</custom-attribute><custom-attribute name="image-base-name" dt:dt="string">category-images/houtverf.png</custom-attribute></custom-attributes><display-name xml:lang="de-DE">Holzfarbe</display-name><display-name xml:lang="nl-BE">Houtverf</display-name><display-name xml:lang="nl-NL">Houtverf</display-name></category>
<category name="StructureGroup_8427940349604880"><name>StructureGroup_8427940349604880</name><root>0</root><online>1</online><parent name="StructureGroup_8427940349604878"/><custom-attributes><custom-attribute name="ShowInMenu" dt:dt="string" xml:lang="en-US">True</custom-attribute><custom-attribute name="CategoryPageIndex" dt:dt="int">4000</custom-attribute><custom-attribute name="image-base-name" dt:dt="string">category-images/muurverf_en_latexverf.png</custom-attribute></custom-attributes><display-name xml:lang="de-DE">Wandfarbe und Latexfarbe</display-name><display-name xml:lang="nl-BE">Muurverf en latexverf</display-name><display-name xml:lang="nl-NL">Muurverf en latexverf</display-name></category>
<category name="StructureGroup_8427940349604881"><name>StructureGroup_8427940349604881</name><root>0</root><online>1</online><parent name="StructureGroup_8427940349604878"/><custom-attributes><custom-attribute name="ShowInMenu" dt:dt="string" xml:lang="en-US">True</custom-attribute><custom-attribute name="CategoryPageIndex" dt:dt="int">5000</custom-attribute><custom-attribute name="image-base-name" dt:dt="string">category-images/schakelverf_en_systeemverf.png</custom-attribute></custom-attributes><display-name xml:lang="de-DE">Schaltfarben und Lacksystem</display-name><display-name xml:lang="nl-BE">Schakelverf en systeemverf</display-name><display-name xml:lang="nl-NL">Schakelverf en systeemverf</display-name></category>
<category name="StructureGroup_8427940349604882"><name>StructureGroup_8427940349604882</name><root>0</root><online>1</online><parent name="StructureGroup_8427940349604878"/><custom-attributes><custom-attribute name="ShowInMenu" dt:dt="string" xml:lang="en-US">True</custom-attribute><custom-attribute name="CategoryPageIndex" dt:dt="int">1000</custom-attribute><custom-attribute name="image-base-name" dt:dt="string">category-images/blanke_lak_en_beits.png</custom-attribute></custom-attributes><display-name xml:lang="de-DE">Klarlack und Beixe</display-name><display-name xml:lang="nl-BE">Blanke lak en beits</display-name><display-name xml:lang="nl-NL">Blanke lak en beits</display-name></category>
<category name="StructureGroup_8427940349604883"><name>StructureGroup_8427940349604883</name><root>0</root><online>1</online><parent name="StructureGroup_8427940349604878"/><custom-attributes><custom-attribute name="ShowInMenu" dt:dt="string" xml:lang="en-US">True</custom-attribute><custom-attribute name="CategoryPageIndex" dt:dt="int">3000</custom-attribute><custom-attribute name="image-base-name" dt:dt="string">category-images/kunststofverf_en_metaalverf.png</custom-attribute></custom-attributes><display-name xml:lang="de-DE">Kunststoff und Metallfarbe</display-name><display-name xml:lang="nl-BE">Kunststofverf en metaalverf</display-name><display-name xml:lang="nl-NL">Kunststofverf en metaalverf</display-name></category>
<category name="StructureGroup_8427940349604884"><name>StructureGroup_8427940349604884</name><root>0</root><online>1</online><parent name="StructureGroup_8427940349604878"/><custom-attributes><custom-attribute name="ShowInMenu" dt:dt="string" xml:lang="en-US">True</custom-attribute><custom-attribute name="CategoryPageIndex" dt:dt="int">6000</custom-attribute><custom-attribute name="image-base-name" dt:dt="string">category-images/betonverf_en_parketlak.png</custom-attribute></custom-attributes><display-name xml:lang="de-DE">Betonfarbe und Parkettlack</display-name><display-name xml:lang="nl-BE">Betonverf en parketlak</display-name><display-name xml:lang="nl-NL">Betonverf en parketlak</display-name></category>
<category name="StructureGroup_8427940349604885"><name>StructureGroup_8427940349604885</name><root>0</root><online>1</online><parent name="StructureGroup_8427940349604878"/><custom-attributes><custom-attribute name="ShowInMenu" dt:dt="string" xml:lang="en-US">True</custom-attribute><custom-attribute name="CategoryPageIndex" dt:dt="int">7000</custom-attribute><custom-attribute name="image-base-name" dt:dt="string">category-images/krijtverf.png</custom-attribute></custom-attributes><display-name xml:lang="de-DE">Farbkreide</display-name><display-name xml:lang="nl-BE">Krijtverf</display-name><display-name xml:lang="nl-NL">Krijtverf</display-name></category>
<category name="StructureGroup_8427940349604886"><name>StructureGroup_8427940349604886</name><root>0</root><online>1</online><parent name="StructureGroup_8427940349604878"/><custom-attributes><custom-attribute name="ShowInMenu" dt:dt="string" xml:lang="en-US">True</custom-attribute><custom-attribute name="CategoryPageIndex" dt:dt="int">8000</custom-attribute><custom-attribute name="image-base-name" dt:dt="string">category-images/laksprays.png</custom-attribute></custom-attributes><display-name xml:lang="de-DE">Lacksprüher</display-name><display-name xml:lang="nl-BE">Laksprays</display-name><display-name xml:lang="nl-NL">Laksprays</display-name></category>
<category name="StructureGroup_8427940349604887"><name>StructureGroup_8427940349604887</name><root>0</root><online>1</online><parent name="StructureGroup_8427940349604878"/><custom-attributes><custom-attribute name="ShowInMenu" dt:dt="string" xml:lang="en-US">True</custom-attribute><custom-attribute name="CategoryPageIndex" dt:dt="int">9000</custom-attribute><custom-attribute name="image-base-name" dt:dt="string">category-images/markeerverf.png</custom-attribute></custom-attributes><display-name xml:lang="de-DE">Markierungsfarbe</display-name><display-name xml:lang="nl-BE">Markeerverf</display-name><display-name xml:lang="nl-NL">Markeerverf</display-name></category>
<category name="StructureGroup_8427940349604878"><name>StructureGroup_8427940349604878</name><root>0</root><online>1</online><parent name="1463123324836"/><custom-attributes><custom-attribute name="ShowInMenu" dt:dt="string" xml:lang="en-US">True</custom-attribute><custom-attribute name="CategoryPageIndex" dt:dt="int">13000</custom-attribute><custom-attribute name="image-base-name" dt:dt="string">category-images/verf.png</custom-attribute></custom-attributes><display-name xml:lang="de-DE">Farbe</display-name><display-name xml:lang="en-GB">Paint</display-name><display-name xml:lang="nl-BE">Verf</display-name><display-name xml:lang="nl-NL">Verf</display-name></category>
<category name="StructureGroup_8427940349604889"><name>StructureGroup_8427940349604889</name><root>0</root><online>1</online><parent name="StructureGroup_8427940349604888"/><custom-attributes><custom-attribute name="ShowInMenu" dt:dt="string" xml:lang="en-US">True</custom-attribute><custom-attribute name="CategoryPageIndex" dt:dt="int">2147483647</custom-attribute><custom-attribute name="image-base-name" dt:dt="string">category-images/kwasten.png</custom-attribute></custom-attributes><display-name xml:lang="de-DE">Quasten</display-name><display-name xml:lang="nl-BE">Kwasten</display-name><display-name xml:lang="nl-NL">Kwasten</display-name></category>
<category name="StructureGroup_8427940349604890"><name>StructureGroup_8427940349604890</name><root>0</root><online>1</online><parent name="StructureGroup_8427940349604888"/><custom-attributes><custom-attribute name="ShowInMenu" dt:dt="string" xml:lang="en-US">True</custom-attribute><custom-attribute name="CategoryPageIndex" dt:dt="int">2147483647</custom-attribute><custom-attribute name="image-base-name" dt:dt="string">category-images/verfrollers.png</custom-attribute></custom-attributes><display-name xml:lang="de-DE">Farbe Rollen</display-name><display-name xml:lang="nl-BE">Verfrollers</display-name><display-name xml:lang="nl-NL">Verfrollers</display-name></category>
<category name="StructureGroup_8427940349604895"><name>StructureGroup_8427940349604895</name><root>0</root><online>1</online><parent name="StructureGroup_8427940349604888"/><custom-attributes><custom-attribute name="ShowInMenu" dt:dt="string" xml:lang="en-US">True</custom-attribute><custom-attribute name="CategoryPageIndex" dt:dt="int">2147483647</custom-attribute><custom-attribute name="image-base-name" dt:dt="string">category-images/plamuurmessen.png</custom-attribute></custom-attributes><display-name xml:lang="de-DE">Spachter</display-name><display-name xml:lang="nl-BE">Plamuurmessen</display-name><display-name xml:lang="nl-NL">Plamuurmessen</display-name></category>
<category name="StructureGroup_8427940349604898"><name>StructureGroup_8427940349604898</name><root>0</root><online>1</online><parent name="StructureGroup_8427940349604888"/><custom-attributes><custom-attribute name="ShowInMenu" dt:dt="string" xml:lang="en-US">True</custom-attribute><custom-attribute name="CategoryPageIndex" dt:dt="int">2147483647</custom-attribute><custom-attribute name="image-base-name" dt:dt="string">category-images/verfgereedschap.png</custom-attribute></custom-attributes><display-name xml:lang="de-DE">Farbewerkzeuge</display-name><display-name xml:lang="nl-BE">Verfgereedschap</display-name><display-name xml:lang="nl-NL">Verfgereedschap</display-name></category>
<category name="StructureGroup_8427940349604888"><name>StructureGroup_8427940349604888</name><root>0</root><online>1</online><parent name="1463123324836"/><custom-attributes><custom-attribute name="ShowInMenu" dt:dt="string" xml:lang="en-US">True</custom-attribute><custom-attribute name="CategoryPageIndex" dt:dt="int">12000</custom-attribute><custom-attribute name="image-base-name" dt:dt="string">category-images/schildergereedschap.png</custom-attribute></custom-attributes><display-name xml:lang="de-DE">Malerwerkzeuge</display-name><display-name xml:lang="nl-BE">Schildergereedschap</display-name><display-name xml:lang="nl-NL">Schildergereedschap</display-name></category>
<category name="StructureGroup_8427940349604891"><name>StructureGroup_8427940349604891</name><root>0</root><online>1</online><parent name="StructureGroup_8427940349604892"/><custom-attributes><custom-attribute name="ShowInMenu" dt:dt="string" xml:lang="en-US">True</custom-attribute><custom-attribute name="CategoryPageIndex" dt:dt="int">3000</custom-attribute><custom-attribute name="image-base-name" dt:dt="string">category-images/verdunners.png</custom-attribute></custom-attributes><display-name xml:lang="de-DE">Verdünner</display-name><display-name xml:lang="nl-BE">Verdunners</display-name><display-name xml:lang="nl-NL">Verdunners</display-name></category>
<category name="StructureGroup_8427940349604893"><name>StructureGroup_8427940349604893</name><root>0</root><online>1</online><parent name="StructureGroup_8427940349604892"/><custom-attributes><custom-attribute name="ShowInMenu" dt:dt="string" xml:lang="en-US">True</custom-attribute><custom-attribute name="CategoryPageIndex" dt:dt="int">1000</custom-attribute><custom-attribute name="image-base-name" dt:dt="string">category-images/kleurenwaaiers.png</custom-attribute></custom-attributes><display-name xml:lang="de-DE">Farbfächer</display-name><display-name xml:lang="nl-BE">Kleurenwaaiers</display-name><display-name xml:lang="nl-NL">Kleurenwaaiers</display-name></category>
<category name="StructureGroup_8427940349604894"><name>StructureGroup_8427940349604894</name><root>0</root><online>1</online><parent name="StructureGroup_8427940349604892"/><custom-attributes><custom-attribute name="ShowInMenu" dt:dt="string" xml:lang="en-US">True</custom-attribute><custom-attribute name="CategoryPageIndex" dt:dt="int">2000</custom-attribute><custom-attribute name="image-base-name" dt:dt="string">category-images/verfreinigingsmiddelen.png</custom-attribute></custom-attributes><display-name xml:lang="de-DE">Farbreiniger</display-name><display-name xml:lang="nl-BE">Verfreinigingsmiddelen</display-name><display-name xml:lang="nl-NL">Verfreinigingsmiddelen</display-name></category>
<category name="StructureGroup_8427940349604897"><name>StructureGroup_8427940349604897</name><root>0</root><online>1</online><parent name="StructureGroup_8427940349604892"/><custom-attributes><custom-attribute name="ShowInMenu" dt:dt="string" xml:lang="en-US">True</custom-attribute><custom-attribute name="CategoryPageIndex" dt:dt="int">2147483647</custom-attribute><custom-attribute name="image-base-name" dt:dt="string">category-images/glasvezelbehang.png</custom-attribute></custom-attributes><display-name xml:lang="de-DE">Glasfasertapete</display-name><display-name xml:lang="nl-BE">Glasvezelbehang</display-name><display-name xml:lang="nl-NL">Glasvezelbehang</display-name></category>
<category name="StructureGroup_8427940349604892"><name>StructureGroup_8427940349604892</name><root>0</root><online>1</online><parent name="1463123324836"/><custom-attributes><custom-attribute name="ShowInMenu" dt:dt="string" xml:lang="en-US">True</custom-attribute><custom-attribute name="CategoryPageIndex" dt:dt="int">11500</custom-attribute><custom-attribute name="image-base-name" dt:dt="string">category-images/verf_toebehoren.png</custom-attribute></custom-attributes><display-name xml:lang="de-DE">Farbe Zubehör</display-name><display-name xml:lang="nl-BE">Verf toebehoren</display-name><display-name xml:lang="nl-NL">Verf toebehoren</display-name></category>
<category name="StructureGroup_8427940349604896"><name>StructureGroup_8427940349604896</name><root>0</root><online>1</online><parent name="1463123324836"/><custom-attributes><custom-attribute name="ShowInMenu" dt:dt="string" xml:lang="en-US">True</custom-attribute><custom-attribute name="CategoryPageIndex" dt:dt="int">2147483647</custom-attribute><custom-attribute name="image-base-name" dt:dt="string">category-images/bezems_borstels_en_blikken.png</custom-attribute></custom-attributes><display-name xml:lang="de-DE">Besen, Bürsten und Müllschaufel</display-name><display-name xml:lang="nl-BE">Bezems, borstels en blikken</display-name><display-name xml:lang="nl-NL">Bezems, borstels en blikken</display-name></category>
<category name="1463123324836"><name>1463123324836</name><root>1</root><online>1</online><custom-attributes><custom-attribute name="ShowInMenu" dt:dt="string" xml:lang="en-US">True</custom-attribute><custom-attribute name="CategoryPageIndex" dt:dt="int">1000</custom-attribute><custom-attribute name="image-base-name" dt:dt="string">category-images/onderhoudsproducten.png</custom-attribute></custom-attributes><display-name xml:lang="de-DE">Wartungsprodukte</display-name><display-name xml:lang="en-GB">Maintenance Products</display-name><display-name xml:lang="fr-FR">Produits d&apos;entretien</display-name><display-name xml:lang="nl-BE">Onderhoudsproducten</display-name><display-name xml:lang="nl-NL">Onderhoudsproducten</display-name><description xml:lang="de-DE">Wenn Sie gutes Material verwenden, sollten Sie es auch gut pflegen. Durch die regelmäßige Wartung und Reinigung verlängern Sie die Lebensdauer Ihrer Geräte. Investieren Sie daher in gute Wartungsprodukte. Denken Sie zum Beispiel an 3M Klebeband, Schmiernippel, Reinigungs- und Desinfektionsmittel, aber auch Pinsel und Bürsten.</description><description xml:lang="nl-BE">Hebt u goed materiaal, dan moet u er ook goed voor zorgen. Doe regelmatig onderhoud van uw apparaat, maak het regelmatig proper, en het zal langer meegaan. Goede onderhoudsproducten zullen u daarbij helpen. Denk bijvoorbeeld aan 3M-tape, smeernippels, reinigings- en ontsmettingsproducten maar ook aan kwasten, penselen en borstels.</description><description xml:lang="nl-NL">Als je goed materiaal hebt, dan moet je er ook goed voor zorgen. Door regelmatig onderhoud te plegen en het schoon te maken, verleng je de levensduur van jouw apparatuur. Zorg daarom voor goede onderhoudsproducten. Denk bijvoorbeeld aan 3M tape, smeernippels, reinigings- en ontsmettingsproducten maar ook aan kwasten, penselen en borstels.</description></category>
</enfinity>