<?xml version="1.0" encoding="UTF-8" ?>
<DDescriptionContainer dbo.type="com.intershop.beehive.core.rapi.common.DDescriptionContainer">
<localeId>en_US</localeId>
<descriptions>
<DDescription dbo.type="com.intershop.beehive.core.rapi.pipeline.DPipelineDesc" id="Pipeline1"  localeId="en_US" >
<displayName>ProcessReminder</displayName>
<group>Job</group>
<description>Processing pipeline for reminder handling.</description>
</DDescription>
<DDescription dbo.type="com.intershop.beehive.core.rapi.pipeline.DReturnValueDesc" id="EndNode1_ReturnValue_Domain"  localeId="en_US" >
<description>The domain.</description>
</DDescription>
<DDescription dbo.type="com.intershop.beehive.core.rapi.pipeline.DNodeDesc" id="StartNode1"  localeId="en_US" >
<description>@displayNearNode@Clear a reminder name from the organization.</description>
</DDescription>
<DDescription dbo.type="com.intershop.beehive.core.rapi.pipeline.DNodeDesc" id="StartNode2"  localeId="en_US" >
<description>@displayNearNode@Prefix pipeline determines the enterprise Domain.</description>
</DDescription>
<DDescription dbo.type="com.intershop.beehive.core.rapi.pipeline.DNodeDesc" id="StartNode3"  localeId="en_US" >
<description>@displayNearNode@Set a reminder name to the organization.</description>
</DDescription>
<DDescription dbo.type="com.intershop.beehive.core.rapi.pipeline.DNodeDesc" id="StartNode4"  localeId="en_US" >
<description>@displayNearNode@Check for a reminder name in the current organization.</description>
</DDescription>
<DDescription dbo.type="com.intershop.beehive.core.rapi.pipeline.DNodeDesc" id="StartNode5"  localeId="en_US" >
<description>@displayNearNode@Execute a pipeline only if the reminder is set.</description>
</DDescription>
</descriptions>
</DDescriptionContainer>
