<?xml version="1.0" encoding="UTF-8" ?>
<DPipeline dbo.type="com.intershop.beehive.core.rapi.pipeline.DPipeline" id="Pipeline1" >
<name>ProcessImportPreProcess</name>
<type>process</type>
<nodes>
<DNode dbo.type="com.intershop.beehive.core.rapi.pipeline.DCallNode" id="CallNode1" >
<display>
<DNodeDisplay dbo.type="com.intershop.beehive.core.rapi.pipeline.DNodeDisplay">
<center>
<DPoint dbo.type="com.intershop.beehive.core.rapi.common.DPoint">
<x>2</x>
<y>2</y>
</DPoint>
</center>
</DNodeDisplay>
</display>
<startNameRef>ProcessImportPreProcess-Prefix</startNameRef>
<strict>false</strict>
</DNode>
<DNode dbo.type="com.intershop.beehive.core.rapi.pipeline.DCallNode" id="CallNode3" >
<display>
<DNodeDisplay dbo.type="com.intershop.beehive.core.rapi.pipeline.DNodeDisplay">
<center>
<DPoint dbo.type="com.intershop.beehive.core.rapi.common.DPoint">
<x>3</x>
<y>4</y>
</DPoint>
</center>
</DNodeDisplay>
</display>
<startNameRef>ProcessAutomaticImportHelper-SetErrorState</startNameRef>
<strict>false</strict>
</DNode>
<DNode dbo.type="com.intershop.beehive.core.rapi.pipeline.DEndNode" id="EndNode0" >
<display>
<DNodeDisplay dbo.type="com.intershop.beehive.core.rapi.pipeline.DNodeDisplay">
<center>
<DPoint dbo.type="com.intershop.beehive.core.rapi.common.DPoint">
<x>4</x>
<y>4</y>
</DPoint>
</center>
</DNodeDisplay>
</display>
<strict>true</strict>
<returnValues>
<DReturnValue dbo.type="com.intershop.beehive.core.rapi.pipeline.DReturnValue" id="EndNode0_ReturnValue_UnitDomain" >
<key>UnitDomain</key>
<guaranteed>true</guaranteed>
<type>com.intershop.beehive.core.capi.domain.Domain</type>
</DReturnValue>
</returnValues>
</DNode>
<DNode dbo.type="com.intershop.beehive.core.rapi.pipeline.DEndNode" id="EndNode3" >
<display>
<DNodeDisplay dbo.type="com.intershop.beehive.core.rapi.pipeline.DNodeDisplay">
<center>
<DPoint dbo.type="com.intershop.beehive.core.rapi.common.DPoint">
<x>3</x>
<y>5</y>
</DPoint>
</center>
</DNodeDisplay>
</display>
<name>error</name>
<strict>true</strict>
<returnValues>
<DReturnValue dbo.type="com.intershop.beehive.core.rapi.pipeline.DReturnValue" id="EndNode3_ReturnValue_ProcessChainResult" >
<key>ProcessChainResult</key>
<guaranteed>true</guaranteed>
<type>java.lang.Integer</type>
</DReturnValue>
</returnValues>
</DNode>
<DNode dbo.type="com.intershop.beehive.core.rapi.pipeline.DEndNode" id="EndNode4" >
<display>
<DNodeDisplay dbo.type="com.intershop.beehive.core.rapi.pipeline.DNodeDisplay">
<center>
<DPoint dbo.type="com.intershop.beehive.core.rapi.common.DPoint">
<x>2</x>
<y>5</y>
</DPoint>
</center>
</DNodeDisplay>
</display>
<strict>true</strict>
</DNode>
<DNode dbo.type="com.intershop.beehive.core.rapi.pipeline.DCallNode" id="ExtensionPointNode1" >
<display>
<DNodeDisplay dbo.type="com.intershop.beehive.core.rapi.pipeline.DNodeDisplay">
<center>
<DPoint dbo.type="com.intershop.beehive.core.rapi.common.DPoint">
<x>2</x>
<y>3</y>
</DPoint>
</center>
</DNodeDisplay>
</display>
<strict>true</strict>
<startParameters>
<DStartParameter dbo.type="com.intershop.beehive.core.rapi.pipeline.DStartParameter" id="ExtensionPointNode1_param_UnitDomain" >
<key>UnitDomain</key>
<required>true</required>
<type>com.intershop.beehive.core.capi.domain.Domain</type>
</DStartParameter>
<DStartParameter dbo.type="com.intershop.beehive.core.rapi.pipeline.DStartParameter" id="ExtensionPointNode1_param_FileNamePrefix" >
<key>FileNamePrefix</key>
<required>true</required>
<type>java.lang.String</type>
</DStartParameter>
</startParameters>
<extensionPointID>IncludeOrganization</extensionPointID>
</DNode>
<DNode dbo.type="com.intershop.beehive.core.rapi.pipeline.DPipeletNode" id="GetDomainByName0" >
<display>
<DNodeDisplay dbo.type="com.intershop.beehive.core.rapi.pipeline.DNodeDisplay">
<center>
<DPoint dbo.type="com.intershop.beehive.core.rapi.common.DPoint">
<x>4</x>
<y>2</y>
</DPoint>
</center>
</DNodeDisplay>
</display>
<pipeletName>GetDomainByName</pipeletName>
<keyBindings>
<DDictionaryKeyBinding dbo.type="com.intershop.beehive.core.rapi.pipeline.DDictionaryKeyBinding">
<key>DomainName</key>
<alias>UnitName</alias>
</DDictionaryKeyBinding>
<DDictionaryKeyBinding dbo.type="com.intershop.beehive.core.rapi.pipeline.DDictionaryKeyBinding">
<key>Domain</key>
<alias>UnitDomain</alias>
</DDictionaryKeyBinding>
</keyBindings>
<pipeletSetIdentifier>
<DPipeletSetIdentifier dbo.type="com.intershop.beehive.core.rapi.pipeline.DPipeletSetIdentifier">
<id>core</id>
</DPipeletSetIdentifier>
</pipeletSetIdentifier>
</DNode>
<DNode dbo.type="com.intershop.beehive.core.rapi.pipeline.DJoinNode" id="JoinNode0" >
<display>
<DNodeDisplay dbo.type="com.intershop.beehive.core.rapi.pipeline.DNodeDisplay">
<center>
<DPoint dbo.type="com.intershop.beehive.core.rapi.common.DPoint">
<x>4</x>
<y>3</y>
</DPoint>
</center>
</DNodeDisplay>
</display>
</DNode>
<DNode dbo.type="com.intershop.beehive.core.rapi.pipeline.DStartNode" id="StartNode0" >
<display>
<DNodeDisplay dbo.type="com.intershop.beehive.core.rapi.pipeline.DNodeDisplay">
<center>
<DPoint dbo.type="com.intershop.beehive.core.rapi.common.DPoint">
<x>2</x>
<y>1</y>
</DPoint>
</center>
</DNodeDisplay>
</display>
<name>Start</name>
<callMode>private</callMode>
<strict>true</strict>
<secure>false</secure>
<startParameters>
<DStartParameter dbo.type="com.intershop.beehive.core.rapi.pipeline.DStartParameter" id="StartNode0_param_UnitName" >
<key>UnitName</key>
<required>true</required>
<type>java.lang.String</type>
</DStartParameter>
<DStartParameter dbo.type="com.intershop.beehive.core.rapi.pipeline.DStartParameter" id="StartNode0_param_FileNamePrefix" >
<key>FileNamePrefix</key>
<required>true</required>
<type>java.lang.String</type>
</DStartParameter>
</startParameters>
</DNode>
<DNode dbo.type="com.intershop.beehive.core.rapi.pipeline.DStartNode" id="StartNode1" >
<display>
<DNodeDisplay dbo.type="com.intershop.beehive.core.rapi.pipeline.DNodeDisplay">
<center>
<DPoint dbo.type="com.intershop.beehive.core.rapi.common.DPoint">
<x>4</x>
<y>1</y>
</DPoint>
</center>
</DNodeDisplay>
</display>
<name>Prefix</name>
<callMode>private</callMode>
<strict>false</strict>
<secure>false</secure>
</DNode>
<DNode dbo.type="com.intershop.beehive.core.rapi.pipeline.DTextNode" id="Text0" >
<display>
<DNodeDisplay dbo.type="com.intershop.beehive.core.rapi.pipeline.DNodeDisplay">
<center>
<DPoint dbo.type="com.intershop.beehive.core.rapi.common.DPoint">
<x>0</x>
<y>1</y>
</DPoint>
</center>
</DNodeDisplay>
</display>
</DNode>
</nodes>
<transitions>
<DTransition dbo.type="com.intershop.beehive.core.rapi.pipeline.DTransition" id="transition_CallNode1_next_ExtensionPointNode1_in" >
<fromId>CallNode1</fromId>
<fromConnector>next</fromConnector>
<toId>ExtensionPointNode1</toId>
<toConnector>in</toConnector>
</DTransition>
<DTransition dbo.type="com.intershop.beehive.core.rapi.pipeline.DTransition" id="transition_CallNode3_next_EndNode3_in" >
<fromId>CallNode3</fromId>
<fromConnector>next</fromConnector>
<toId>EndNode3</toId>
<toConnector>in</toConnector>
</DTransition>
<DTransition dbo.type="com.intershop.beehive.core.rapi.pipeline.DTransition" id="transition_ExtensionPointNode1_error_CallNode3_in" >
<fromId>ExtensionPointNode1</fromId>
<fromConnector>error</fromConnector>
<toId>CallNode3</toId>
<toConnector>in</toConnector>
<display>
<DTransitionDisplay dbo.type="com.intershop.beehive.core.rapi.pipeline.DTransitionDisplay">
<markerIndex>0</markerIndex>
<displayPoints>
<DPoint dbo.type="com.intershop.beehive.core.rapi.common.DPoint">
<x>7</x>
<y>7</y>
</DPoint>
</displayPoints>
</DTransitionDisplay>
</display>
</DTransition>
<DTransition dbo.type="com.intershop.beehive.core.rapi.pipeline.DTransition" id="transition_ExtensionPointNode1_next_EndNode4_in" >
<fromId>ExtensionPointNode1</fromId>
<fromConnector>next</fromConnector>
<toId>EndNode4</toId>
<toConnector>in</toConnector>
</DTransition>
<DTransition dbo.type="com.intershop.beehive.core.rapi.pipeline.DTransition" id="transition_GetDomainByName0_error_JoinNode0_in1" >
<fromId>GetDomainByName0</fromId>
<fromConnector>error</fromConnector>
<toId>JoinNode0</toId>
<toConnector>in1</toConnector>
<display>
<DTransitionDisplay dbo.type="com.intershop.beehive.core.rapi.pipeline.DTransitionDisplay">
<markerIndex>0</markerIndex>
<displayPoints>
<DPoint dbo.type="com.intershop.beehive.core.rapi.common.DPoint">
<x>11</x>
<y>5</y>
</DPoint>
<DPoint dbo.type="com.intershop.beehive.core.rapi.common.DPoint">
<x>11</x>
<y>7</y>
</DPoint>
</displayPoints>
</DTransitionDisplay>
</display>
</DTransition>
<DTransition dbo.type="com.intershop.beehive.core.rapi.pipeline.DTransition" id="transition_GetDomainByName0_next_JoinNode0_in1" >
<fromId>GetDomainByName0</fromId>
<fromConnector>next</fromConnector>
<toId>JoinNode0</toId>
<toConnector>in1</toConnector>
</DTransition>
<DTransition dbo.type="com.intershop.beehive.core.rapi.pipeline.DTransition" id="transition_JoinNode0_next_EndNode0_in" >
<fromId>JoinNode0</fromId>
<fromConnector>next</fromConnector>
<toId>EndNode0</toId>
<toConnector>in</toConnector>
</DTransition>
<DTransition dbo.type="com.intershop.beehive.core.rapi.pipeline.DTransition" id="transition_StartNode0_next_CallNode1_in" >
<fromId>StartNode0</fromId>
<fromConnector>next</fromConnector>
<toId>CallNode1</toId>
<toConnector>in</toConnector>
</DTransition>
<DTransition dbo.type="com.intershop.beehive.core.rapi.pipeline.DTransition" id="transition_StartNode1_next_GetDomainByName0_in" >
<fromId>StartNode1</fromId>
<fromConnector>next</fromConnector>
<toId>GetDomainByName0</toId>
<toConnector>in</toConnector>
</DTransition>
</transitions>
</DPipeline>
