<?xml version="1.0" encoding="UTF-8" ?>
<DDescriptionContainer dbo.type="com.intershop.beehive.core.rapi.common.DDescriptionContainer">
<localeId>en_US</localeId>
<descriptions>
<DDescription dbo.type="com.intershop.beehive.core.rapi.pipeline.DPipeletNodeDesc" id="ExecuteCountQuery_pGZOUCHcEei91oKOtfsrEA"  localeId="en_US" >
<customName>Count products per channel </customName>
</DDescription>
<DDescription dbo.type="com.intershop.beehive.core.rapi.pipeline.DPipeletNodeDesc" id="ExecuteCountQuery_pGc4sCHcEei91oKOtfsrEA"  localeId="en_US" >
<customName>Count products per channel </customName>
</DDescription>
<DDescription dbo.type="com.intershop.beehive.core.rapi.pipeline.DStartParameterDesc" id="StartNode_pGUV0CHcEei91oKOtfsrEA_param_DBLink"  localeId="en_US" >
<description>Name of database link </description>
</DDescription>
<DDescription dbo.type="com.intershop.beehive.core.rapi.pipeline.DPipeletNodeDesc" id="VerifyInteger_EIxUcEInEeiju6AwCM64Tw"  localeId="en_US" >
<customName>Set TotalTargetCount=0</customName>
</DDescription>
</descriptions>
</DDescriptionContainer>
